Drug,IUPAC_Name,MolecularFormula
C#CCN(C)[C@H](C)Cc1ccccc1,(2R)-N-methyl-1-phenyl-N-prop-2-ynylpropan-2-amine,C13H17N
C#CC1(O)CCC2C3CCC4=CC(=O)CCC4C3CCC21CC,"13-ethyl-17-ethynyl-17-hydroxy-1,2,6,7,8,9,10,11,12,14,15,16-dodecahydrocyclopenta[a]phenanthren-3-one",C21H28O2
C#C[C@]1(O)CC[C@H]2[C@@H]3CCC4=CC(=O)CC[C@@H]4[C@H]3CC[C@@]21CC,"(8R,9S,10R,13S,14S,17R)-13-ethyl-17-ethynyl-17-hydroxy-1,2,6,7,8,9,10,11,12,14,15,16-dodecahydrocyclopenta[a]phenanthren-3-one",C21H28O2
C#C[C@]1(O)C=C[C@H]2[C@@H]3CCC4=CC(=O)CC[C@@H]4[C@H]3CC[C@@]21CC,"(8R,9S,10R,13S,14S,17R)-13-ethyl-17-ethynyl-17-hydroxy-1,2,6,7,8,9,10,11,12,14-decahydrocyclopenta[a]phenanthren-3-one",C21H26O2
C#C[C@]1(O)CC[C@H]2[C@@H]3CCC4=CCCC[C@@H]4[C@H]3C(=C)C[C@@]21CC,"(8S,9S,10R,13S,14S,17R)-13-ethyl-17-ethynyl-11-methylidene-1,2,3,6,7,8,9,10,12,14,15,16-dodecahydrocyclopenta[a]phenanthren-17-ol",C22H30O
C#C[C@]1(O)CC[C@H]2[C@@H]3CCC4=CCCC[C@@H]4[C@H]3CC[C@@]21C,"(8R,9S,10R,13S,14S,17R)-17-ethynyl-13-methyl-2,3,6,7,8,9,10,11,12,14,15,16-dodecahydro-1H-cyclopenta[a]phenanthren-17-ol",C20H28O
C#Cc1cccc(Nc2ncnc3cc(OCCOC)c(OCCOC)cc23)c1,"N-(3-ethynylphenyl)-6,7-bis(2-methoxyethoxy)quinazolin-4-amine",C22H23N3O4
C#C[C@]1(O)CC[C@H]2[C@@H]3CCc4cc(O)ccc4[C@H]3[C@@H](OC)C[C@@]21C,"(8S,9S,11S,13S,14S,17R)-17-ethynyl-11-methoxy-13-methyl-7,8,9,11,12,14,15,16-octahydro-6H-cyclopenta[a]phenanthrene-3,17-diol",C21H26O3
C=C1CC[C@@]2(O)[C@H]3Cc4ccc(O)c5c4[C@@]2(CCN3CC2CC2)[C@H]1O5,"(4R,4aS,7aS,12bS)-3-(cyclopropylmethyl)-7-methylidene-2,4,5,6,7a,13-hexahydro-1H-4,12-methanobenzofuro[3,2-e]isoquinoline-4a,9-diol",C21H25NO3
C=C1/C(=C\C=C2/CCC[C@@]3(C)[C@H]2CC[C@@H]3[C@H](C)CCCC(C)(C)O)C[C@@H](O)C[C@@H]1O,"trans-(1R,3S,5Z)-5-[(2E)-2-[(1R,3aS,7aR)-1-[(2R)-6-hydroxy-6-methylheptan-2-yl]-7a-methyl-2,3,3a,5,6,7-hexahydro-1H-inden-4-ylidene]ethylidene]-4-methylidenecyclohexane-1,3-diol",C27H44O3
C=C1C[C@@H]2[C@H](CC[C@]3(C)C(=O)CC[C@@H]23)[C@@]2(C)C=CC(=O)C=C12,"(8R,9S,10R,13S,14S)-10,13-dimethyl-6-methylidene-7,8,9,11,12,14,15,16-octahydrocyclopenta[a]phenanthrene-3,17-dione",C20H24O2
C=CC(N)CCC(=O)O,4-aminohex-5-enoic acid,C6H11NO2
C=CC1=C(C(=O)O)N2C(=O)[C@@H](NC(=O)/C(=N\O)c3csc(N)n3)[C@H]2SC1,"(6R,7R)-7-[[(2Z)-2-(2-amino-1,3-thiazol-4-yl)-2-hydroxyiminoacetyl]amino]-3-ethenyl-8-oxo-5-thia-1-azabicyclo[4.2.0]oct-2-ene-2-carboxylic acid",C14H13N5O5S2
C=CC1=C(C(=O)O)N2C(=O)[C@@H](NC(=O)/C(=N\OCC(=O)O)c3csc(N)n3)[C@H]2SC1,"(6R,7R)-7-[[(2Z)-2-(2-amino-1,3-thiazol-4-yl)-2-(carboxymethoxyimino)acetyl]amino]-3-ethenyl-8-oxo-5-thia-1-azabicyclo[4.2.0]oct-2-ene-2-carboxylic acid",C16H15N5O7S2
C=CCN1CCCC1CNC(=O)c1cc2n[nH]nc2cc1OC,6-methoxy-N-[(1-prop-2-enylpyrrolidin-2-yl)methyl]-2H-benzotriazole-5-carboxamide,C16H21N5O2
C=CCN1CC[C@]23c4c5ccc(O)c4O[C@H]2C(=O)CC[C@@]3(O)[C@H]1C5,"(4R,4aS,7aR,12bS)-4a,9-dihydroxy-3-prop-2-enyl-2,4,5,6,7a,13-hexahydro-1H-4,12-methanobenzofuro[3,2-e]isoquinolin-7-one",C19H21NO4
C=CCN1C[C@H](C(=O)N(CCCN(C)C)C(=O)NCC)C[C@@H]2c3cccc4[nH]cc(c34)C[C@H]21,"(6aR,9R,10aR)-N-[3-(dimethylamino)propyl]-N-(ethylcarbamoyl)-7-prop-2-enyl-6,6a,8,9,10,10a-hexahydro-4H-indolo[4,3-fg]quinoline-9-carboxamide",C26H37N5O2
C=CCNc1nc(NCC=C)nc(N2CCN(C(c3ccc(F)cc3)c3ccc(F)cc3)CC2)n1,"6-[4-[bis(4-fluorophenyl)methyl]piperazin-1-yl]-2-N,4-N-bis(prop-2-enyl)-1,3,5-triazine-2,4-diamine",C26H29F2N7
C=CCOc1ccccc1OCC(O)CNC(C)C,1-(propan-2-ylamino)-3-(2-prop-2-enoxyphenoxy)propan-2-ol,C15H23NO3
C=CC[C@@H]1/C=C(\C)C[C@H](C)C[C@H](OC)[C@H]2O[C@@](O)(C(=O)C(=O)N3CCCC[C@H]3C(=O)O[C@H](/C(C)=C/[C@@H]3CC[C@@H](O)[C@H](OC)C3)[C@H](C)[C@@H](O)CC1=O)[C@H](C)C[C@@H]2OC,"(1R,9S,12S,13R,14S,17R,18E,21S,23S,24R,25S,27R)-1,14-dihydroxy-12-[(E)-1-[(1R,3R,4R)-4-hydroxy-3-methoxycyclohexyl]prop-1-en-2-yl]-23,25-dimethoxy-13,19,21,27-tetramethyl-17-prop-2-enyl-11,28-dioxa-4-azatricyclo[22.3.1.04,9]octacos-18-ene-2,3,10,16-tetrone",C44H69NO12
C=CC[N@@+]12CC[C@@]34c5ccccc5N5/C=C6/[C@H]7C[C@H]8[C@@]9(CC[N@@+]8(CC=C)C/C7=C/CO)c7ccccc7N(/C=C(/[C@@H](C[C@@H]31)/C(=C\CO)C2)[C@H]54)[C@@H]69,"(2E)-2-[(1S,9Z,11S,13S,14R,17S,25Z,27S,30R,33S,35S,36S,38E)-38-(2-hydroxyethylidene)-14,30-bis(prop-2-enyl)-8,24-diaza-14,30-diazoniaundecacyclo[25.5.2.211,14.11,26.110,17.02,7.013,17.018,23.030,33.08,35.024,36]octatriaconta-2,4,6,9,18,20,22,25-octaen-28-ylidene]ethanol",C44H50N4O2+2
C=CCc1ccccc1OCC(O)CNC(C)C,1-(propan-2-ylamino)-3-(2-prop-2-enylphenoxy)propan-2-ol,C15H23NO2
C=C[C@H]1CN2CC[C@H]1C[C@@H]2[C@@H](O)c1ccnc2ccc(OC)cc12,"(S)-[(2R,4S,5R)-5-ethenyl-1-azabicyclo[2.2.2]octan-2-yl]-(6-methoxyquinolin-4-yl)methanol",C20H24N2O2
C=C[C@H]1CN2CC[C@H]1C[C@H]2[C@H](O)c1ccnc2ccc(OC)cc12,"(R)-[(2S,4S,5R)-5-ethenyl-1-azabicyclo[2.2.2]octan-2-yl]-(6-methoxyquinolin-4-yl)methanol",C20H24N2O2
CC#CCC(C)[C@H](O)/C=C/[C@@H]1[C@H]2C/C(=C/CCCC(=O)O)C[C@H]2C[C@H]1O,"(5E)-5-[(3aS,4R,5R,6aS)-5-hydroxy-4-[(E,3S)-3-hydroxy-4-methyloct-1-en-6-ynyl]-3,3a,4,5,6,6a-hexahydro-1H-pentalen-2-ylidene]pentanoic acid",C22H32O4
CC#C[C@]1(O)CC[C@H]2[C@@H]3CCC4=CC(=O)CCC4=C3[C@@H](c3ccc(N(C)C)cc3)C[C@@]21C,"(8S,11R,13S,14S,17S)-11-[4-(dimethylamino)phenyl]-17-hydroxy-13-methyl-17-prop-1-ynyl-1,2,6,7,8,11,12,14,15,16-decahydrocyclopenta[a]phenanthren-3-one",C29H35NO2
CC(=O)CC(c1ccccc1)c1c(O)c2ccccc2oc1=O,4-hydroxy-3-(3-oxo-1-phenylbutyl)chromen-2-one,C19H16O4
CC(=O)CCCCn1c(=O)c2c(ncn2C)n(C)c1=O,"3,7-dimethyl-1-(5-oxohexyl)purine-2,6-dione",C13H18N4O3
CC(=O)NCCCS(=O)(=O)O,3-acetamidopropane-1-sulfonic acid,C5H11NO4S
CC(=O)NC[C@H]1CN(c2ccc(N3CCOCC3)c(F)c2)C(=O)O1,"N-[[(5S)-3-(3-fluoro-4-morpholin-4-ylphenyl)-2-oxo-1,3-oxazolidin-5-yl]methyl]acetamide",C16H20FN3O4
CC(=O)N[C@@H](CS)C(=O)O,(2R)-2-acetamido-3-sulfanylpropanoic acid,C5H9NO3S
CC(=O)N[C@@H]1[C@@H](N=C(N)N)C=C(C(=O)O)O[C@H]1[C@H](O)[C@H](O)CO,"(2R,3R,4S)-3-acetamido-4-(diaminomethylideneamino)-2-[(1R,2R)-1,2,3-trihydroxypropyl]-3,4-dihydro-2H-pyran-6-carboxylic acid",C12H20N4O7
CC(=O)Nc1ccc(OCC(O)CNC(C)C)cc1,N-[4-[2-hydroxy-3-(propan-2-ylamino)propoxy]phenyl]acetamide,C14H22N2O3
CC(=O)Nc1ccc(O)cc1,N-(4-hydroxyphenyl)acetamide,C8H9NO2
CC(=O)Nc1nnc(S(N)(=O)=O)s1,"N-(5-sulfamoyl-1,3,4-thiadiazol-2-yl)acetamide",C4H6N4O3S2
CC(=O)OCC(CCn1cnc2cnc(N)nc21)COC(C)=O,[2-(acetyloxymethyl)-4-(2-aminopurin-9-yl)butyl] acetate,C14H19N5O4
CC(=O)OCC1=C(C(=O)O)N2C(=O)[C@@H](NC(=O)CC#N)[C@H]2SC1,"(6R,7R)-3-(acetyloxymethyl)-7-[(2-cyanoacetyl)amino]-8-oxo-5-thia-1-azabicyclo[4.2.0]oct-2-ene-2-carboxylic acid",C13H13N3O6S
CC(=O)O[C@H]1C[C@@H]2CC[C@@H]3[C@H](CC[C@@]4(C)[C@H]3C[C@H]([N+]3(C)CCCCC3)[C@@H]4OC(C)=O)[C@@]2(C)C[C@@H]1N1CCCCC1,"[(2S,3S,5S,8R,9S,10S,13S,14S,16S,17R)-17-acetyloxy-10,13-dimethyl-16-(1-methylpiperidin-1-ium-1-yl)-2-piperidin-1-yl-2,3,4,5,6,7,8,9,11,12,14,15,16,17-tetradecahydro-1H-cyclopenta[a]phenanthren-3-yl] acetate",C34H57N2O4+
CC(=O)O[C@H]1C[C@@H]2CC[C@@H]3[C@H](CC[C@@]4(C)[C@H]3C[C@H]([N+]3(C)CCCCC3)[C@@H]4OC(C)=O)[C@@]2(C)C[C@@H]1[N+]1(C)CCCCC1,"[(2S,3S,5S,8R,9S,10S,13S,14S,16S,17R)-17-acetyloxy-10,13-dimethyl-2,16-bis(1-methylpiperidin-1-ium-1-yl)-2,3,4,5,6,7,8,9,11,12,14,15,16,17-tetradecahydro-1H-cyclopenta[a]phenanthren-3-yl] acetate",C35H60N2O4+2
CC(=O)S[C@@H]1CC2=CC(=O)CC[C@]2(C)[C@H]2CC[C@@]3(C)[C@@H](CC[C@@]34CCC(=O)O4)[C@@H]21,"S-[(7R,8R,9S,10R,13S,14S,17R)-10,13-dimethyl-3,5'-dioxospiro[2,6,7,8,9,11,12,14,15,16-decahydro-1H-cyclopenta[a]phenanthrene-17,2'-oxolane]-7-yl] ethanethioate",C24H32O4S
CC(=O)[C@]1(O)Cc2c(O)c3c(c(O)c2[C@@H](O[C@H]2C[C@H](N)[C@H](O)[C@H](C)O2)C1)C(=O)c1ccccc1C3=O,"(7S,9S)-9-acetyl-7-[(2R,4S,5S,6S)-4-amino-5-hydroxy-6-methyloxan-2-yl]oxy-6,9,11-trihydroxy-8,10-dihydro-7H-tetracene-5,12-dione",C26H27NO9
CC(=O)[C@H]1CC[C@H]2[C@@H]3CCC4=CC(=O)CC[C@]4(C)[C@H]3CC[C@]12C,"(8S,9S,10R,13S,14S,17S)-17-acetyl-10,13-dimethyl-1,2,6,7,8,9,11,12,14,15,16,17-dodecahydrocyclopenta[a]phenanthren-3-one",C21H30O2
CC(C(=O)O)c1ccc(-c2ccccc2)c(F)c1,2-(3-fluoro-4-phenylphenyl)propanoic acid,C15H13FO2
CC(C(=O)O)c1ccc(C(=O)c2cccs2)cc1,2-[4-(thiophene-2-carbonyl)phenyl]propanoic acid,C14H12O3S
CC(C(=O)O)c1cccc(C(=O)c2ccccc2)c1,2-(3-benzoylphenyl)propanoic acid,C16H14O3
CC(C(=O)O)c1cccc(Oc2ccccc2)c1,2-(3-phenoxyphenyl)propanoic acid,C15H14O3
CC(C)(C#N)c1cc(Cn2cncn2)cc(C(C)(C)C#N)c1,"2-[3-(2-cyanopropan-2-yl)-5-(1,2,4-triazol-1-ylmethyl)phenyl]-2-methylpropanenitrile",C17H19N5
CC(C)(C(=O)O)c1ccc(C(O)CCCN2CCC(C(O)(c3ccccc3)c3ccccc3)CC2)cc1,2-[4-[1-hydroxy-4-[4-[hydroxy(diphenyl)methyl]piperidin-1-yl]butyl]phenyl]-2-methylpropanoic acid,C32H39NO4
CC(C)(C)NC(=O)[C@@H]1CN(Cc2cccnc2)CCN1C[C@@H](O)C[C@@H](Cc1ccccc1)C(=O)N[C@H]1c2ccccc2C[C@H]1O,"(2S)-1-[(2S,4R)-4-benzyl-2-hydroxy-5-[[(1S,2R)-2-hydroxy-2,3-dihydro-1H-inden-1-yl]amino]-5-oxopentyl]-N-tert-butyl-4-(pyridin-3-ylmethyl)piperazine-2-carboxamide",C36H47N5O4
CC(C)(C)NC(=O)[C@@H]1C[C@@H]2CCCC[C@@H]2CN1C[C@@H](O)[C@H](Cc1ccccc1)NC(=O)[C@H](CC(N)=O)NC(=O)c1ccc2ccccc2n1,"(2S)-N-[(2S,3R)-4-[(3S,4aS,8aS)-3-(tert-butylcarbamoyl)-3,4,4a,5,6,7,8,8a-octahydro-1H-isoquinolin-2-yl]-3-hydroxy-1-phenylbutan-2-yl]-2-(quinoline-2-carbonylamino)butanediamide",C38H50N6O5
CC(C)(C)NC(=O)[C@H]1CC[C@H]2[C@@H]3CC[C@H]4NC(=O)C=C[C@]4(C)[C@H]3CC[C@]12C,"(1S,3aS,3bS,5aR,9aR,9bS,11aS)-N-tert-butyl-9a,11a-dimethyl-7-oxo-1,2,3,3a,3b,4,5,5a,6,9b,10,11-dodecahydroindeno[5,4-f]quinoline-1-carboxamide",C23H36N2O2
CC(C)(C)NCC(O)COc1ccc(NC(=O)NC2CCCCC2)cc1,1-[4-[3-(tert-butylamino)-2-hydroxypropoxy]phenyl]-3-cyclohexylurea,C20H33N3O3
CC(C)(C)NCC(O)COc1cccc2c1CCC(=O)N2,"5-[3-(tert-butylamino)-2-hydroxypropoxy]-3,4-dihydro-1H-quinolin-2-one",C16H24N2O3
CC(C)(C)NCC(O)COc1cccc2c1C[C@H](O)[C@H](O)C2,"(2R,3S)-5-[3-(tert-butylamino)-2-hydroxypropoxy]-1,2,3,4-tetrahydronaphthalene-2,3-diol",C17H27NO4
CC(C)(C)NCC(O)c1cc(O)cc(O)c1,"5-[2-(tert-butylamino)-1-hydroxyethyl]benzene-1,3-diol",C12H19NO3
CC(C)(C)NCC(O)COc1cccc2c1SCCC2,"1-(tert-butylamino)-3-(3,4-dihydro-2H-thiochromen-8-yloxy)propan-2-ol",C16H25NO2S
CC(C)(C)NC[C@H](O)COc1ccccc1C1CCCC1,(2S)-1-(tert-butylamino)-3-(2-cyclopentylphenoxy)propan-2-ol,C18H29NO2
CC(C)(C)NCC(O)c1ccccc1Cl,2-(tert-butylamino)-1-(2-chlorophenyl)ethanol,C12H18ClNO
CC(C)(C)NC[C@H](O)COc1nsnc1N1CCOCC1,"(2S)-1-(tert-butylamino)-3-[(4-morpholin-4-yl-1,2,5-thiadiazol-3-yl)oxy]propan-2-ol",C13H24N4O3S
CC(C)(C)c1ccc(C(O)CCCN2CCC(C(O)(c3ccccc3)c3ccccc3)CC2)cc1,1-(4-tert-butylphenyl)-4-[4-[hydroxy(diphenyl)methyl]piperidin-1-yl]butan-1-ol,C32H41NO2
CC(C)(Cc1c[nH]c2ccccc12)NCC(O)COc1ccccc1C#N,2-[2-hydroxy-3-[[1-(1H-indol-3-yl)-2-methylpropan-2-yl]amino]propoxy]benzonitrile,C22H25N3O2
CC(C)(O)c1ccccc1CC[C@@H](SCC1(CC(=O)O)CC1)c1cccc(/C=C/c2ccc3ccc(Cl)cc3n2)c1,2-[1-[[(1R)-1-[3-[(E)-2-(7-chloroquinolin-2-yl)ethenyl]phenyl]-3-[2-(2-hydroxypropan-2-yl)phenyl]propyl]sulfanylmethyl]cyclopropyl]acetic acid,C35H36ClNO3S
CC(C)(Oc1ccc(C2CC2(Cl)Cl)cc1)C(=O)O,"2-[4-(2,2-dichlorocyclopropyl)phenoxy]-2-methylpropanoic acid",C13H14Cl2O3
CC(C)(O/N=C(\C(=O)N[C@@H]1C(=O)N2C(C(=O)[O-])=C(C[n+]3ccccc3)CS[C@H]12)c1csc(N)n1)C(=O)O,"(6R,7R)-7-[[(2Z)-2-(2-amino-1,3-thiazol-4-yl)-2-(2-carboxypropan-2-yloxyimino)acetyl]amino]-8-oxo-3-(pyridin-1-ium-1-ylmethyl)-5-thia-1-azabicyclo[4.2.0]oct-2-ene-2-carboxylate",C22H22N6O7S2
CC(C)(Oc1ccc(CCNC(=O)c2ccc(Cl)cc2)cc1)C(=O)O,2-[4-[2-[(4-chlorobenzoyl)amino]ethyl]phenoxy]-2-methylpropanoic acid,C19H20ClNO4
CC(C)(S)[C@@H](N)C(=O)O,(2S)-2-amino-3-methyl-3-sulfanylbutanoic acid,C5H11NO2S
CC(C)(Sc1cc(C(C)(C)C)c(O)c(C(C)(C)C)c1)Sc1cc(C(C)(C)C)c(O)c(C(C)(C)C)c1,"2,6-ditert-butyl-4-[2-(3,5-ditert-butyl-4-hydroxyphenyl)sulfanylpropan-2-ylsulfanyl]phenol",C31H48O2S2
CC(C)=CCN1CC[C@@]2(C)c3cc(O)ccc3C[C@@H]1[C@@H]2C,"(1R,9R,13R)-1,13-dimethyl-10-(3-methylbut-2-enyl)-10-azatricyclo[7.3.1.02,7]trideca-2(7),3,5-trien-4-ol",C19H27NO
CC(C)COCC(CN(Cc1ccccc1)c1ccccc1)N1CCCC1,N-benzyl-N-[3-(2-methylpropoxy)-2-pyrrolidin-1-ylpropyl]aniline,C24H34N2O
CC(C)C[C@H]1C(=O)N2CCC[C@H]2[C@]2(O)O[C@](NC(=O)[C@@H]3C=C4c5cccc6[nH]c(Br)c(c56)C[C@H]4N(C)C3)(C(C)C)C(=O)N12,"(6aR,9R)-5-bromo-N-[(1S,2S,4R,7S)-2-hydroxy-7-(2-methylpropyl)-5,8-dioxo-4-propan-2-yl-3-oxa-6,9-diazatricyclo[7.3.0.02,6]dodecan-4-yl]-7-methyl-6,6a,8,9-tetrahydro-4H-indolo[4,3-fg]quinoline-9-carboxamide",C32H40BrN5O5
CC(C)Cc1ccc(C(C)C(=O)O)cc1,2-[4-(2-methylpropyl)phenyl]propanoic acid,C13H18O2
CC(C)N(CCC(C(N)=O)(c1ccccc1)c1ccccn1)C(C)C,4-[di(propan-2-yl)amino]-2-phenyl-2-pyridin-2-ylbutanamide,C21H29N3O
CC(C)N1CCC(N(C(=O)Cc2ccccc2)c2ccc(Cl)cc2)CC1,N-(4-chlorophenyl)-2-phenyl-N-(1-propan-2-ylpiperidin-4-yl)acetamide,C22H27ClN2O
CC(C)N=c1cc2n(-c3ccc(Cl)cc3)c3ccccc3nc-2cc1Nc1ccc(Cl)cc1,"N,5-bis(4-chlorophenyl)-3-propan-2-yliminophenazin-2-amine",C27H22Cl2N4
CC(C)NCC(O)COc1ccc(CC(N)=O)cc1,2-[4-[2-hydroxy-3-(propan-2-ylamino)propoxy]phenyl]acetamide,C14H22N2O3
CC(C)NCC(O)COc1ccc(CCOCC2CC2)cc1,1-[4-[2-(cyclopropylmethoxy)ethyl]phenoxy]-3-(propan-2-ylamino)propan-2-ol,C18H29NO3
CC(C)NCC(O)COc1ccc(COCCOC(C)C)cc1,1-(propan-2-ylamino)-3-[4-(2-propan-2-yloxyethoxymethyl)phenoxy]propan-2-ol,C18H31NO4
CC(C)NCC(O)COc1cccc2[nH]ccc12,1-(1H-indol-4-yloxy)-3-(propan-2-ylamino)propan-2-ol,C14H20N2O2
CC(C)NCC(O)COc1cccc2ccccc12,1-naphthalen-1-yloxy-3-(propan-2-ylamino)propan-2-ol,C16H21NO2
CC(C)NCC(O)c1ccc(NS(C)(=O)=O)cc1,N-[4-[1-hydroxy-2-(propan-2-ylamino)ethyl]phenyl]methanesulfonamide,C12H20N2O3S
CC(C)NC[C@H](O)COc1ccc(O)cc1,4-[(2S)-2-hydroxy-3-(propan-2-ylamino)propoxy]phenol,C12H19NO3
CC(C)[C@H]1CC[C@H](C(=O)N[C@H](Cc2ccccc2)C(=O)O)CC1,(2R)-3-phenyl-2-[(4-propan-2-ylcyclohexanecarbonyl)amino]propanoic acid,C19H27NO3
CC(C)Nc1cccnc1N1CCN(C(=O)c2cc3cc(NS(C)(=O)=O)ccc3[nH]2)CC1,N-[2-[4-[3-(propan-2-ylamino)-2-pyridinyl]piperazine-1-carbonyl]-1H-indol-5-yl]methanesulfonamide,C22H28N6O3S
CC(C)c1c(C(=O)Nc2ccccc2)c(-c2ccccc2)c(-c2ccc(F)cc2)n1CC[C@@H](O)C[C@@H](O)CC(=O)O,"(3R,5R)-7-[2-(4-fluorophenyl)-3-phenyl-4-(phenylcarbamoyl)-5-propan-2-ylpyrrol-1-yl]-3,5-dihydroxyheptanoic acid",C33H35FN2O5
CC(C)c1nc(CN(C)C(=O)N[C@H](C(=O)N[C@@H](Cc2ccccc2)C[C@H](O)[C@H](Cc2ccccc2)NC(=O)OCc2cncs2)C(C)C)cs1,"1,3-thiazol-5-ylmethyl N-[(2S,3S,5S)-3-hydroxy-5-[[(2S)-3-methyl-2-[[methyl-[(2-propan-2-yl-1,3-thiazol-4-yl)methyl]carbamoyl]amino]butanoyl]amino]-1,6-diphenylhexan-2-yl]carbamate",C37H48N6O5S2
CC(C)[N+]1(C)[C@H]2CC[C@@H]1C[C@H](OC(=O)C(CO)c1ccccc1)C2,"[(1R,5S)-8-methyl-8-propan-2-yl-8-azoniabicyclo[3.2.1]octan-3-yl] 3-hydroxy-2-phenylpropanoate",C20H30NO3+
CC(C)c1nc(N(C)S(C)(=O)=O)nc(-c2ccc(F)cc2)c1/C=C/[C@@H](O)C[C@@H](O)CC(=O)O,"(E,3R,5S)-7-[4-(4-fluorophenyl)-2-[methyl(methylsulfonyl)amino]-6-propan-2-ylpyrimidin-5-yl]-3,5-dihydroxyhept-6-enoic acid",C22H28FN3O6S
CC(CC(c1ccccc1)c1ccccc1)NC(C)(C)C,"N-tert-butyl-4,4-diphenylbutan-2-amine",C20H27N
CC(C)n1c(/C=C/[C@H](O)C[C@H](O)CC(=O)O)c(-c2ccc(F)cc2)c2ccccc21,"(E,3S,5R)-7-[3-(4-fluorophenyl)-1-propan-2-ylindol-2-yl]-3,5-dihydroxyhept-6-enoic acid",C24H26FNO4
CC(CN(C)C)CN1c2ccccc2CCc2ccccc21,"3-(5,6-dihydrobenzo[b][1]benzazepin-11-yl)-N,N,2-trimethylpropan-1-amine",C20H26N2
CC(CCc1ccccc1)NCC(O)c1ccc(O)c(C(N)=O)c1,2-hydroxy-5-[1-hydroxy-2-(4-phenylbutan-2-ylamino)ethyl]benzamide,C19H24N2O3
CC(CN1CCN(CCOCCO)CC1)CN1c2ccccc2Sc2ccccc21,2-[2-[4-(2-methyl-3-phenothiazin-10-ylpropyl)piperazin-1-yl]ethoxy]ethanol,C24H33N3O2S
CC(CN1c2ccccc2Sc2ccccc21)N(C)C,"N,N-dimethyl-1-phenothiazin-10-ylpropan-2-amine",C17H20N2S
CC(NC(C)(C)C)C(=O)c1cccc(Cl)c1,2-(tert-butylamino)-1-(3-chlorophenyl)propan-1-one,C13H18ClNO
CC(Cc1ccc(O)cc1)NCC(O)c1cc(O)cc(O)c1,"5-[1-hydroxy-2-[1-(4-hydroxyphenyl)propan-2-ylamino]ethyl]benzene-1,3-diol",C17H21NO4
CC(O)Cn1cnc2c1c(=O)n(C)c(=O)n2C,"7-(2-hydroxypropyl)-1,3-dimethylpurine-2,6-dione",C10H14N4O3
CC(S)C(=O)NCC(=O)O,2-(2-sulfanylpropanoylamino)acetic acid,C5H9NO3S
CC/C(=C(\c1ccccc1)c1ccc(OCCN(C)C)cc1)c1ccccc1,"2-[4-[(Z)-1,2-diphenylbut-1-enyl]phenoxy]-N,N-dimethylethanamine",C26H29NO
CC1(C)O[C@@H]2CO[C@@]3(COS(N)(=O)=O)OC(C)(C)O[C@H]3[C@@H]2O1,"[(1R,2S,6S,9R)-4,4,11,11-tetramethyl-3,5,7,10,12-pentaoxatricyclo[7.3.0.02,6]dodecan-6-yl]methyl sulfamate",C12H21NO8S
CC1(C)O[C@@H]2C[C@H]3[C@@H]4C[C@H](F)C5=CC(=O)C=C[C@]5(C)[C@H]4[C@@H](O)C[C@]3(C)[C@]2(C(=O)CO)O1,"(1S,2S,4R,8S,9S,11S,12S,13R,19S)-19-fluoro-11-hydroxy-8-(2-hydroxyacetyl)-6,6,9,13-tetramethyl-5,7-dioxapentacyclo[10.8.0.02,9.04,8.013,18]icosa-14,17-dien-16-one",C24H31FO6
CC1(C)S[C@@H]2[C@H](N=CN3CCCCCC3)C(=O)N2[C@H]1C(=O)O,"(2S,5R,6R)-6-(azepan-1-ylmethylideneamino)-3,3-dimethyl-7-oxo-4-thia-1-azabicyclo[3.2.0]heptane-2-carboxylic acid",C15H23N3O3S
CC1(C)S[C@@H]2[C@H](NC(=O)[C@H](C(=O)O)c3ccsc3)C(=O)N2[C@H]1C(=O)O,"(2S,5R,6R)-6-[[(2R)-2-carboxy-2-thiophen-3-ylacetyl]amino]-3,3-dimethyl-7-oxo-4-thia-1-azabicyclo[3.2.0]heptane-2-carboxylic acid",C15H16N2O6S2
CC1(C)S[C@@H]2[C@H](NC(=O)[C@H](N)c3ccc(O)cc3)C(=O)N2[C@H]1C(=O)O,"(2S,5R,6R)-6-[[(2R)-2-amino-2-(4-hydroxyphenyl)acetyl]amino]-3,3-dimethyl-7-oxo-4-thia-1-azabicyclo[3.2.0]heptane-2-carboxylic acid",C16H19N3O5S
CC1(C)S[C@@H]2[C@H](NC(=O)[C@H](N)c3ccccc3)C(=O)N2[C@H]1C(=O)O,"(2S,5R,6R)-6-[[(2R)-2-amino-2-phenylacetyl]amino]-3,3-dimethyl-7-oxo-4-thia-1-azabicyclo[3.2.0]heptane-2-carboxylic acid",C16H19N3O4S
CC1(C)S[C@@H]2[C@H](NC(=O)[C@H](N=[N+]=[N-])c3ccccc3)C(=O)N2[C@H]1C(=O)O,"(2S,5R,6R)-6-[[(2R)-2-azido-2-phenylacetyl]amino]-3,3-dimethyl-7-oxo-4-thia-1-azabicyclo[3.2.0]heptane-2-carboxylic acid",C16H17N5O4S
CC1(C)S[C@@H]2[C@H](NC(=O)[C@H](NC(=O)N3CCNC3=O)c3ccccc3)C(=O)N2[C@H]1C(=O)O,"(2S,5R,6R)-3,3-dimethyl-7-oxo-6-[[(2R)-2-[(2-oxoimidazolidine-1-carbonyl)amino]-2-phenylacetyl]amino]-4-thia-1-azabicyclo[3.2.0]heptane-2-carboxylic acid",C20H23N5O6S
CC1=C(/C=C/C(C)=C/C=C/C(C)=C\C(=O)O)C(C)(C)CCC1,"(2Z,4E,6E,8E)-3,7-dimethyl-9-(2,6,6-trimethylcyclohexen-1-yl)nona-2,4,6,8-tetraenoic acid",C20H28O2
CC1=C(C(=O)O)N2C(=O)[C@@H](NC(=O)[C@H](N)c3ccc(O)cc3)[C@H]2SC1,"(6R,7R)-7-[[(2R)-2-amino-2-(4-hydroxyphenyl)acetyl]amino]-3-methyl-8-oxo-5-thia-1-azabicyclo[4.2.0]oct-2-ene-2-carboxylic acid",C16H17N3O5S
CC1=C(C(=O)O)N2C(=O)[C@@H](NC(=O)[C@H](N)c3ccccc3)[C@H]2SC1,"(6R,7R)-7-[[(2R)-2-amino-2-phenylacetyl]amino]-3-methyl-8-oxo-5-thia-1-azabicyclo[4.2.0]oct-2-ene-2-carboxylic acid",C16H17N3O4S
CC1=C(CC(=O)O)c2cc(F)ccc2/C1=C\c1ccc(S(C)=O)cc1,2-[(3Z)-6-fluoro-2-methyl-3-[(4-methylsulfinylphenyl)methylidene]inden-1-yl]acetic acid,C20H17FO3S
CC1=CC[C@@H](C(C)(C)O)C[C@@H]1O,"(1S,5R)-5-(2-hydroxypropan-2-yl)-2-methylcyclohex-2-en-1-ol",C10H18O2
CC1=NS(=O)(=O)c2cc(Cl)ccc2N1,"7-chloro-3-methyl-4H-1lambda6,2,4-benzothiadiazine 1,1-dioxide",C8H7ClN2O2S
CC1CN(c2cc3c(cc2F)c(=O)c(C(=O)O)cn3-c2ccc(F)cc2F)CCN1,"1-(2,4-difluorophenyl)-6-fluoro-7-(3-methylpiperazin-1-yl)-4-oxoquinoline-3-carboxylic acid",C21H18F3N3O3
CC1COc2c(N3CCN(C)CC3)c(F)cc3c(=O)c(C(=O)O)cn1c23,"7-fluoro-2-methyl-6-(4-methylpiperazin-1-yl)-10-oxo-4-oxa-1-azatricyclo[7.3.1.05,13]trideca-5(13),6,8,11-tetraene-11-carboxylic acid",C18H20FN3O4
CC1Cc2ccccc2N1NC(=O)c1ccc(Cl)c(S(N)(=O)=O)c1,"4-chloro-N-(2-methyl-2,3-dihydroindol-1-yl)-3-sulfamoylbenzamide",C16H16ClN3O3S
CC=CC1=C(C(=O)O)N2C(=O)[C@@H](NC(=O)[C@H](N)c3ccc(O)cc3)[C@H]2SC1,"(6R,7R)-7-[[(2R)-2-amino-2-(4-hydroxyphenyl)acetyl]amino]-8-oxo-3-prop-1-enyl-5-thia-1-azabicyclo[4.2.0]oct-2-ene-2-carboxylic acid",C18H19N3O5S
CCC(=O)C(CC(C)N(C)C)(c1ccccc1)c1ccccc1,"6-(dimethylamino)-4,4-diphenylheptan-3-one",C21H27NO
CCC(=O)C1(c2cccc(O)c2)CCN(C)CC1,1-[4-(3-hydroxyphenyl)-1-methylpiperidin-4-yl]propan-1-one,C15H21NO2
CCC(=O)N(c1ccccc1)C1(COC)CCN(CCn2nnn(CC)c2=O)CC1,N-[1-[2-(4-ethyl-5-oxotetrazol-1-yl)ethyl]-4-(methoxymethyl)piperidin-4-yl]-N-phenylpropanamide,C21H32N6O3
CCC(=O)O[C@@H](O[P@](=O)(CCCCc1ccccc1)CC(=O)N1C[C@H](C2CCCCC2)C[C@H]1C(=O)O)C(C)C,"(2S,4S)-4-cyclohexyl-1-[2-[[(1S)-2-methyl-1-propanoyloxypropoxy]-(4-phenylbutyl)phosphoryl]acetyl]pyrrolidine-2-carboxylic acid",C30H46NO7P
CCC(=O)c1ccc2c(c1)N(CC(C)N(C)C)c1ccccc1S2,1-[10-[2-(dimethylamino)propyl]phenothiazin-2-yl]propan-1-one,C20H24N2OS
CCC(=O)N(c1ccccc1)C1CCN(CCc2ccccc2)CC1,N-phenyl-N-[1-(2-phenylethyl)piperidin-4-yl]propanamide,C22H28N2O
CCC(C(=O)O)c1ccc(N2Cc3ccccc3C2=O)cc1,2-[4-(3-oxo-1H-isoindol-2-yl)phenyl]butanoic acid,C18H17NO3
CCC(C)(C)C(=O)O[C@H]1C[C@@H](C)C=C2C=C[C@H](C)[C@H](CC[C@@H]3C[C@@H](O)CC(=O)O3)[C@H]21,"[(1S,3R,7S,8S,8aR)-8-[2-[(2R,4R)-4-hydroxy-6-oxooxan-2-yl]ethyl]-3,7-dimethyl-1,2,3,7,8,8a-hexahydronaphthalen-1-yl] 2,2-dimethylbutanoate",C25H38O5
CCC(C)n1ncn(-c2ccc(N3CCN(c4ccc(OC[C@H]5CO[C@](Cn6cncn6)(c6ccc(Cl)cc6Cl)O5)cc4)CC3)cc2)c1=O,"2-butan-2-yl-4-[4-[4-[4-[[(2R,4S)-2-(2,4-dichlorophenyl)-2-(1,2,4-triazol-1-ylmethyl)-1,3-dioxolan-4-yl]methoxy]phenyl]piperazin-1-yl]phenyl]-1,2,4-triazol-3-one",C35H38Cl2N8O4
CCC(CO)NC(=O)[C@@H]1C=C2c3cccc4c3c(cn4C)C[C@H]2N(C)C1,"(6aR,9R)-N-(1-hydroxybutan-2-yl)-4,7-dimethyl-6,6a,8,9-tetrahydroindolo[4,3-fg]quinoline-9-carboxamide",C21H27N3O2
CCC1(CCC(C)C)C(=O)NC(=O)NC1=O,"5-ethyl-5-(3-methylbutyl)-1,3-diazinane-2,4,6-trione",C11H18N2O3
CCC1(c2cccc(O)c2)CCCCN(C)C1,3-(3-ethyl-1-methylazepan-3-yl)phenol,C15H23NO
CCC1(c2ccccc2)C(=O)NCNC1=O,"5-ethyl-5-phenyl-1,3-diazinane-4,6-dione",C12H14N2O2
CCC1(c2ccccc2)C(=O)NC(=O)NC1=O,"5-ethyl-5-phenyl-1,3-diazinane-2,4,6-trione",C12H12N2O3
CCC1=C(C)CN(C(=O)NCCc2ccc(S(=O)(=O)NC(=O)N[C@H]3CC[C@H](C)CC3)cc2)C1=O,4-ethyl-3-methyl-N-[2-[4-[(4-methylcyclohexyl)carbamoylsulfamoyl]phenyl]ethyl]-5-oxo-2H-pyrrole-1-carboxamide,C24H34N4O5S
CCC1=C[C@@H]2CN(C1)Cc1c([nH]c3ccccc13)[C@@](C(=O)OC)(c1cc3c(cc1OC)N(C)[C@H]1[C@@](O)(C(=O)OC)[C@H](OC(C)=O)[C@]4(CC)C=CCN5CC[C@]31[C@@H]54)C2,"methyl (1R,9R,10S,11R,12R,19R)-11-acetyloxy-12-ethyl-4-[(12S,14R)-16-ethyl-12-methoxycarbonyl-1,10-diazatetracyclo[12.3.1.03,11.04,9]octadeca-3(11),4,6,8,15-pentaen-12-yl]-10-hydroxy-5-methoxy-8-methyl-8,16-diazapentacyclo[10.6.1.01,9.02,7.016,19]nonadeca-2,4,6,13-tetraene-10-carboxylate",C45H54N4O8
CCCC(=O)Nc1ccc(OCC(O)CNC(C)C)c(C(C)=O)c1,N-[3-acetyl-4-[2-hydroxy-3-(propan-2-ylamino)propoxy]phenyl]butanamide,C18H28N2O4
CCCC(C)C1(CC)C(=O)NC(=O)NC1=O,"5-ethyl-5-pentan-2-yl-1,3-diazinane-2,4,6-trione",C11H18N2O3
CCCC1O[C@@H]2C[C@H]3[C@@H]4CCC5=CC(=O)C=C[C@]5(C)[C@H]4[C@@H](O)C[C@]3(C)[C@]2(C(=O)CO)O1,"(1S,2S,4R,8S,9S,11S,12S,13R)-11-hydroxy-8-(2-hydroxyacetyl)-9,13-dimethyl-6-propyl-5,7-dioxapentacyclo[10.8.0.02,9.04,8.013,18]icosa-14,17-dien-16-one",C25H34O6
CCCCC(=O)N(Cc1ccc(-c2ccccc2-c2nn[nH]n2)cc1)[C@H](C(=O)O)C(C)C,(2S)-3-methyl-2-[pentanoyl-[[4-[2-(2H-tetrazol-5-yl)phenyl]phenyl]methyl]amino]butanoic acid,C24H29N5O3
CCCCC1=NC2(CCCC2)C(=O)N1Cc1ccc(-c2ccccc2-c2nn[nH]n2)cc1,"2-butyl-3-[[4-[2-(2H-tetrazol-5-yl)phenyl]phenyl]methyl]-1,3-diazaspiro[4.4]non-1-en-4-one",C25H28N6O
CCCCC(C)(O)C/C=C/[C@H]1[C@H](O)CC(=O)[C@@H]1CCCCCCC(=O)OC,"methyl 7-[(1R,2R,3R)-3-hydroxy-2-[(E)-4-hydroxy-4-methyloct-1-enyl]-5-oxocyclopentyl]heptanoate",C22H38O5
CCCCC1C(=O)N(c2ccccc2)N(c2ccccc2)C1=O,"4-butyl-1,2-diphenylpyrazolidine-3,5-dione",C19H20N2O2
CCCCCCCN(CC)CCCC(O)c1ccc(NS(C)(=O)=O)cc1,N-[4-[4-[ethyl(heptyl)amino]-1-hydroxybutyl]phenyl]methanesulfonamide,C20H36N2O3S
CCCCCN(C)CCC(O)(P(=O)(O)O)P(=O)(O)O,[1-hydroxy-3-[methyl(pentyl)amino]-1-phosphonopropyl]phosphonic acid,C9H23NO7P2
CCCCC[C@H](O)/C=C/[C@H]1[C@H](O)CC(=O)[C@@H]1CCCCCCC(=O)O,"7-[(1R,2R,3R)-3-hydroxy-2-[(E,3S)-3-hydroxyoct-1-enyl]-5-oxocyclopentyl]heptanoic acid",C20H34O5
CCCCNC(=O)NS(=O)(=O)c1ccc(C)cc1,1-butyl-3-(4-methylphenyl)sulfonylurea,C12H18N2O3S
CCCCNc1cc(C(=O)O)cc(S(N)(=O)=O)c1Oc1ccccc1,3-(butylamino)-4-phenoxy-5-sulfamoylbenzoic acid,C17H20N2O5S
CCCCc1nc(Cl)c(CO)n1Cc1ccc(-c2ccccc2-c2nn[nH]n2)cc1,[2-butyl-5-chloro-3-[[4-[2-(2H-tetrazol-5-yl)phenyl]phenyl]methyl]imidazol-4-yl]methanol,C22H23ClN6O
CCCCc1ncc(/C=C(\Cc2cccs2)C(=O)O)n1Cc1ccc(C(=O)O)cc1,4-[[2-butyl-5-[(E)-2-carboxy-3-thiophen-2-ylprop-1-enyl]imidazol-1-yl]methyl]benzoic acid,C23H24N2O4S
CCCCc1oc2ccccc2c1C(=O)c1cc(I)c(OCCN(CC)CC)c(I)c1,"(2-butyl-1-benzofuran-3-yl)-[4-[2-(diethylamino)ethoxy]-3,5-diiodophenyl]methanone",C25H29I2NO3
CCCN(CCC)CCc1cccc2c1CC(=O)N2,"4-[2-(dipropylamino)ethyl]-1,3-dihydroindol-2-one",C16H24N2O
CCCN1C[C@H](CSC)C[C@@H]2c3cccc4[nH]cc(c34)C[C@H]21,"(6aR,9R,10aR)-9-(methylsulfanylmethyl)-7-propyl-6,6a,8,9,10,10a-hexahydro-4H-indolo[4,3-fg]quinoline",C19H26N2S
CCCN(CCC)S(=O)(=O)c1ccc(C(=O)O)cc1,4-(dipropylsulfamoyl)benzoic acid,C13H19NO4S
CCCN[C@H]1CCc2nc(N)sc2C1,"(6S)-6-N-propyl-4,5,6,7-tetrahydro-1,3-benzothiazole-2,6-diamine",C10H17N3S
CCCNCC(O)COc1ccccc1C(=O)CCc1ccccc1,1-[2-[2-hydroxy-3-(propylamino)propoxy]phenyl]-3-phenylpropan-1-one,C21H27NO3
CCC[C@@H]1C[C@@H](C(=O)NC(C(C)Cl)[C@H]2O[C@H](SC)[C@H](O)[C@@H](O)[C@H]2O)N(C)C1,"(2S,4R)-N-[2-chloro-1-[(2R,3R,4S,5R,6R)-3,4,5-trihydroxy-6-methylsulfanyloxan-2-yl]propyl]-1-methyl-4-propylpyrrolidine-2-carboxamide",C18H33ClN2O5S
CCC[C@@H]1C[C@@H](C(=O)N[C@H]([C@@H](C)O)[C@H]2O[C@H](SC)[C@H](O)[C@@H](O)[C@H]2O)N(C)C1,"(2S,4R)-N-[(1R,2R)-2-hydroxy-1-[(2R,3R,4S,5R,6R)-3,4,5-trihydroxy-6-methylsulfanyloxan-2-yl]propyl]-1-methyl-4-propylpyrrolidine-2-carboxamide",C18H34N2O6S
CCC[C@H](N[C@@H](C)C(=O)N1[C@H](C(=O)O)C[C@@H]2CCCC[C@@H]21)C(=O)OCC,"(2S,3aS,7aS)-1-[(2S)-2-[[(2S)-1-ethoxy-1-oxopentan-2-yl]amino]propanoyl]-2,3,3a,4,5,6,7,7a-octahydroindole-2-carboxylic acid",C19H32N2O5
CCCc1c2oc(C(=O)O)cc(=O)c2cc2c(=O)cc(C(=O)O)n(CC)c12,"9-ethyl-4,6-dioxo-10-propylpyrano[3,2-g]quinoline-2,8-dicarboxylic acid",C19H17NO7
CCCc1cc(=O)[nH]c(=S)[nH]1,6-propyl-2-sulfanylidene-1H-pyrimidin-4-one,C7H10N2OS
CCCc1nc2c(C)cc(-c3nc4ccccc4n3C)cc2n1Cc1ccc(-c2ccccc2C(=O)O)cc1,2-[4-[[4-methyl-6-(1-methylbenzimidazol-2-yl)-2-propylbenzimidazol-1-yl]methyl]phenyl]benzoic acid,C33H30N4O2
CCCc1nn(C)c2c(=O)[nH]c(-c3cc(S(=O)(=O)N4CCN(C)CC4)ccc3OCC)nc12,"5-[2-ethoxy-5-(4-methylpiperazin-1-yl)sulfonylphenyl]-1-methyl-3-propyl-6H-pyrazolo[4,5-d]pyrimidin-7-one",C22H30N6O4S
CCN(C(C)=O)c1cccc(-c2ccnc3c(C#N)cnn23)c1,"N-[3-(3-cyanopyrazolo[1,5-a]pyrimidin-7-yl)phenyl]-N-ethylacetamide",C17H15N5O
CCN(C)C(=O)Oc1cccc([C@H](C)N(C)C)c1,[3-[(1S)-1-(dimethylamino)ethyl]phenyl] N-ethyl-N-methylcarbamate,C14H22N2O2
CCN(CC)C(=O)/C(C#N)=C/c1cc(O)c(O)c([N+](=O)[O-])c1,"(E)-2-cyano-3-(3,4-dihydroxy-5-nitrophenyl)-N,N-diethylprop-2-enamide",C14H15N3O5
CCN(CC)C(=O)C1(c2ccccc2)CC1CN,"2-(aminomethyl)-N,N-diethyl-1-phenylcyclopropane-1-carboxamide",C15H22N2O
CCN(CC)C(=O)N[C@H]1C=C2c3cccc4[nH]cc(c34)C[C@H]2N(C)C1,"3-[(6aR,9S)-7-methyl-6,6a,8,9-tetrahydro-4H-indolo[4,3-fg]quinolin-9-yl]-1,1-diethylurea",C20H26N4O
CCN(CC)C(=O)N[C@H]1C[C@@H]2c3cccc4[nH]cc(c34)C[C@H]2N(C)C1,"3-[(6aR,9S,10aR)-7-methyl-6,6a,8,9,10,10a-hexahydro-4H-indolo[4,3-fg]quinolin-9-yl]-1,1-diethylurea",C20H28N4O
CCN(CC)C(=O)Nc1ccc(OCC(O)CNC(C)(C)C)c(C(C)=O)c1,"3-[3-acetyl-4-[3-(tert-butylamino)-2-hydroxypropoxy]phenyl]-1,1-diethylurea",C20H33N3O4
CCN(CC)CC#CCOC(=O)C(O)(c1ccccc1)C1CCCCC1,4-(diethylamino)but-2-ynyl 2-cyclohexyl-2-hydroxy-2-phenylacetate,C22H31NO3
CCN(CC)CC(=O)Nc1c(C)cccc1C,"2-(diethylamino)-N-(2,6-dimethylphenyl)acetamide",C14H22N2O
CCN(CC)CCCC(C)Nc1ccnc2cc(Cl)ccc12,"4-N-(7-chloroquinolin-4-yl)-1-N,1-N-diethylpentane-1,4-diamine",C18H26ClN3
CCN(CC)CCN1C(=O)CN=C(c2ccccc2F)c2cc(Cl)ccc21,"7-chloro-1-[2-(diethylamino)ethyl]-5-(2-fluorophenyl)-3H-1,4-benzodiazepin-2-one",C21H23ClFN3O
CCN(CC)CCCN(c1ccccc1)C1Cc2ccccc2C1,"N'-(2,3-dihydro-1H-inden-2-yl)-N,N-diethyl-N'-phenylpropane-1,3-diamine",C22H30N2
CCN(CC)CCNC(=O)c1cc(Br)c(N)cc1OC,4-amino-5-bromo-N-[2-(diethylamino)ethyl]-2-methoxybenzamide,C14H22BrN3O2
CCN(CC)CCNC(=O)c1cc(Cl)c(N)cc1OC,4-amino-5-chloro-N-[2-(diethylamino)ethyl]-2-methoxybenzamide,C14H22ClN3O2
CCN(CC)CCNC(=O)c1ccc(N)cc1,4-amino-N-[2-(diethylamino)ethyl]benzamide,C13H21N3O
CCN(CC)c1cc(C)nc2ncnn12,"N,N-diethyl-5-methyl-[1,2,4]triazolo[1,5-a]pyrimidin-7-amine",C10H15N5
CCN(CCO)CCCC(C)Nc1ccnc2cc(Cl)ccc12,2-[4-[(7-chloroquinolin-4-yl)amino]pentyl-ethylamino]ethanol,C18H26ClN3O
CCN1CC(CCN2CCOCC2)C(c2ccccc2)(c2ccccc2)C1=O,"1-ethyl-4-(2-morpholin-4-ylethyl)-3,3-diphenylpyrrolidin-2-one",C24H30N2O2
CCN1CCCC1CNC(=O)c1cc(S(=O)(=O)CC)c(N)cc1OC,4-amino-N-[(1-ethylpyrrolidin-2-yl)methyl]-5-ethylsulfonyl-2-methoxybenzamide,C17H27N3O4S
CCN1CCCC1CNC(=O)c1cc(S(N)(=O)=O)ccc1OC,N-[(1-ethylpyrrolidin-2-yl)methyl]-2-methoxy-5-sulfamoylbenzamide,C15H23N3O4S
CCNC(C)Cc1cccc(C(F)(F)F)c1,N-ethyl-1-[3-(trifluoromethyl)phenyl]propan-2-amine,C12H16F3N
CCO,ethanol,C2H6O
CCOC(=O)C(C)(C)Oc1ccc(Cl)cc1,ethyl 2-(4-chlorophenoxy)-2-methylpropanoate,C12H15ClO3
CCOC(=O)C1(c2ccccc2)CCN(C)CC1,ethyl 1-methyl-4-phenylpiperidine-4-carboxylate,C15H21NO2
CCOC(=O)C1(c2ccccc2)CCN(CCC(O)c2ccccc2)CC1,ethyl 1-(3-hydroxy-3-phenylpropyl)-4-phenylpiperidine-4-carboxylate,C23H29NO3
CCOC(=O)C1=C(C)NC(C)=C(C(=O)OC)C1c1cccc(Cl)c1Cl,"5-O-ethyl 3-O-methyl 4-(2,3-dichlorophenyl)-2,6-dimethyl-1,4-dihydropyridine-3,5-dicarboxylate",C18H19Cl2NO4
CCOC(=O)C1=C(C)NC(C)=C(C(=O)OC)C1c1cccc([N+](=O)[O-])c1,"5-O-ethyl 3-O-methyl 2,6-dimethyl-4-(3-nitrophenyl)-1,4-dihydropyridine-3,5-dicarboxylate",C18H20N2O6
CCOC(=O)C1=C(C)NC(C)=C(C(=O)OCC)C1c1ccccc1/C=C/C(=O)OC(C)(C)C,"diethyl 2,6-dimethyl-4-[2-[(E)-3-[(2-methylpropan-2-yl)oxy]-3-oxoprop-1-enyl]phenyl]-1,4-dihydropyridine-3,5-dicarboxylate",C26H33NO6
CCOC(=O)C1=C(COCCN)NC(C)=C(C(=O)OC)C1c1ccccc1Cl,"3-O-ethyl 5-O-methyl 2-(2-aminoethoxymethyl)-4-(2-chlorophenyl)-6-methyl-1,4-dihydropyridine-3,5-dicarboxylate",C20H25ClN2O5
CCOC(=O)C1=C[C@]2(CC)CCCN3CCc4c(n1c1ccccc41)[C@@H]32,"ethyl (15S,19S)-15-ethyl-1,11-diazapentacyclo[9.6.2.02,7.08,18.015,19]nonadeca-2,4,6,8(18),16-pentaene-17-carboxylate",C22H26N2O2
CCOC(=O)CN[C@@H](C(=O)N1CC[C@H]1C(=O)NCc1ccc(/C(N)=N/O)cc1)C1CCCCC1,ethyl 2-[[(1R)-1-cyclohexyl-2-[(2S)-2-[[4-[(Z)-N'-hydroxycarbamimidoyl]phenyl]methylcarbamoyl]azetidin-1-yl]-2-oxoethyl]amino]acetate,C24H35N5O5
CCOC(=O)Nc1ccc(NCc2ccc(F)cc2)nc1N,ethyl N-[2-amino-6-[(4-fluorophenyl)methylamino]-3-pyridinyl]carbamate,C15H17FN4O2
CCOC(=O)Nc1ccc2c(c1)N(C(=O)CCN1CCOCC1)c1ccccc1S2,ethyl N-[10-(3-morpholin-4-ylpropanoyl)phenothiazin-2-yl]carbamate,C22H25N3O4S
CCOC(=O)[C@H](CCc1ccccc1)N[C@@H](C)C(=O)N(CC(=O)O)C1Cc2ccccc2C1,"2-[2,3-dihydro-1H-inden-2-yl-[(2S)-2-[[(2S)-1-ethoxy-1-oxo-4-phenylbutan-2-yl]amino]propanoyl]amino]acetic acid",C26H32N2O5
CCOC(=O)[C@H](CCc1ccccc1)N[C@@H](C)C(=O)N1CCC[C@H]1C(=O)O,(2S)-1-[(2S)-2-[[(2S)-1-ethoxy-1-oxo-4-phenylbutan-2-yl]amino]propanoyl]pyrrolidine-2-carboxylic acid,C20H28N2O5
CCOC(=O)[C@H](CCc1ccccc1)N[C@@H](C)C(=O)N1Cc2ccccc2C[C@H]1C(=O)O,"(3S)-2-[(2S)-2-[[(2S)-1-ethoxy-1-oxo-4-phenylbutan-2-yl]amino]propanoyl]-3,4-dihydro-1H-isoquinoline-3-carboxylic acid",C25H30N2O5
CCOC(=O)[C@H](CCc1ccccc1)N[C@@H](C)C(=O)N1[C@H](C(=O)O)C[C@@H]2CCC[C@@H]21,"(2S,3aS,6aS)-1-[(2S)-2-[[(2S)-1-ethoxy-1-oxo-4-phenylbutan-2-yl]amino]propanoyl]-3,3a,4,5,6,6a-hexahydro-2H-cyclopenta[b]pyrrole-2-carboxylic acid",C23H32N2O5
CCOC(=O)[C@H](CCc1ccccc1)N[C@@H](C)C(=O)N1[C@H](C(=O)O)C[C@H]2CCCC[C@@H]21,"(2S,3aR,7aS)-1-[(2S)-2-[[(2S)-1-ethoxy-1-oxo-4-phenylbutan-2-yl]amino]propanoyl]-2,3,3a,4,5,6,7,7a-octahydroindole-2-carboxylic acid",C24H34N2O5
CCOC(=O)[C@H](CCc1ccccc1)N[C@H]1CCCN2CCC[C@@H](C(=O)O)N2C1=O,"(4S,7S)-7-[[(2S)-1-ethoxy-1-oxo-4-phenylbutan-2-yl]amino]-6-oxo-1,2,3,4,7,8,9,10-octahydropyridazino[1,2-a]diazepine-4-carboxylic acid",C22H31N3O5
CCOC(=O)[C@H](CCc1ccccc1)N[C@H]1CCc2ccccc2N(CC(=O)O)C1=O,"2-[(3S)-3-[[(2S)-1-ethoxy-1-oxo-4-phenylbutan-2-yl]amino]-2-oxo-4,5-dihydro-3H-1-benzazepin-1-yl]acetic acid",C24H28N2O5
CCOC(=O)[N-]c1c[n+](N2CCOCC2)no1,1-ethoxy-N-(3-morpholin-4-yloxadiazol-3-ium-5-yl)methanimidate,C9H14N4O4
CCOC(=O)c1ncn2c1CN(C)C(=O)c1cc(F)ccc1-2,"ethyl 8-fluoro-5-methyl-6-oxo-4H-imidazo[1,5-a][1,4]benzodiazepine-3-carboxylate",C15H14FN3O3
CCOC(=O)n1ccn(C)c1=S,ethyl 3-methyl-2-sulfanylideneimidazole-1-carboxylate,C7H10N2O2S
CCOc1cc(CC(=O)N[C@@H](CC(C)C)c2ccccc2N2CCCCC2)ccc1C(=O)O,2-ethoxy-4-[2-[[(1S)-3-methyl-1-(2-piperidin-1-ylphenyl)butyl]amino]-2-oxoethyl]benzoic acid,C27H36N2O4
CCOc1ccc(/C=C2\NCCc3cc(OCC)c(OCC)cc32)cc1OCC,"(1Z)-1-[(3,4-diethoxyphenyl)methylidene]-6,7-diethoxy-3,4-dihydro-2H-isoquinoline",C24H31NO4
CCOc1ccc(NC(C)=O)cc1,N-(4-ethoxyphenyl)acetamide,C10H13NO2
CCOc1ccc2ccccc2c1C(=O)N[C@@H]1C(=O)N2[C@@H](C(=O)O)C(C)(C)S[C@H]12,"(2S,5R,6R)-6-[(2-ethoxynaphthalene-1-carbonyl)amino]-3,3-dimethyl-7-oxo-4-thia-1-azabicyclo[3.2.0]heptane-2-carboxylic acid",C21H22N2O5S
CCOc1ccccc1OCC1CNCCO1,2-[(2-ethoxyphenoxy)methyl]morpholine,C13H19NO3
CCOc1ccccc1O[C@H](c1ccccc1)[C@H]1CNCCO1,(2R)-2-[(R)-(2-ethoxyphenoxy)-phenylmethyl]morpholine,C19H23NO3
CCOc1ccccc1OCCN[C@H](C)Cc1ccc(OC)c(S(N)(=O)=O)c1,5-[(2R)-2-[2-(2-ethoxyphenoxy)ethylamino]propyl]-2-methoxybenzenesulfonamide,C20H28N2O5S
CCOc1nc2cccc(C(=O)O)c2n1Cc1ccc(-c2ccccc2-c2nnn[nH]2)cc1,2-ethoxy-3-[[4-[2-(2H-tetrazol-5-yl)phenyl]phenyl]methyl]benzimidazole-4-carboxylic acid,C24H20N6O3
CCP(CC)(CC)=[Au]S[C@@H]1O[C@H](COC(C)=O)[C@@H](OC(C)=O)[C@H](OC(C)=O)[C@H]1OC(C)=O,N/A,C20H34AuO9PS
CCS(=O)(=O)CCn1c([N+](=O)[O-])cnc1C,1-(2-ethylsulfonylethyl)-2-methyl-5-nitroimidazole,C8H13N3O4S
CC[C@@H](C(N)=O)N1CCCC1=O,(2S)-2-(2-oxopyrrolidin-1-yl)butanamide,C8H14N2O2
CC[C@@H](CO)NCCN[C@@H](CC)CO,(2S)-2-[2-[[(2S)-1-hydroxybutan-2-yl]amino]ethylamino]butan-1-ol,C10H24N2O2
CC[C@@]1(O)C(=O)OCc2c1cc1n(c2=O)Cc2cc3c(CN(C)C)c(O)ccc3nc2-1,"(19S)-8-[(dimethylamino)methyl]-19-ethyl-7,19-dihydroxy-17-oxa-3,13-diazapentacyclo[11.8.0.02,11.04,9.015,20]henicosa-1(21),2,4(9),5,7,10,15(20)-heptaene-14,18-dione",C23H23N3O5
CC[C@H](C)C(=O)O[C@H]1C[C@@H](C)C=C2C=C[C@H](C)[C@H](CC[C@@H]3C[C@@H](O)CC(=O)O3)[C@H]21,"[(1S,3R,7S,8S,8aR)-8-[2-[(2R,4R)-4-hydroxy-6-oxooxan-2-yl]ethyl]-3,7-dimethyl-1,2,3,7,8,8a-hexahydronaphthalen-1-yl] (2S)-2-methylbutanoate",C24H36O5
CC[C@H](C)C(=O)O[C@H]1C[C@H](O)C=C2C=C[C@H](C)[C@H](CC[C@@H](O)C[C@@H](O)CC(=O)O)[C@H]21,"(3R,5R)-7-[(1S,2S,6S,8S,8aR)-6-hydroxy-2-methyl-8-[(2S)-2-methylbutanoyl]oxy-1,2,6,7,8,8a-hexahydronaphthalen-1-yl]-3,5-dihydroxyheptanoic acid",C23H36O7
CC[C@H]1OC(=O)[C@H](C)C(=O)[C@H](C)[C@@H](O[C@@H]2O[C@H](C)C[C@H](N(C)C)[C@H]2O)[C@](C)(OC)C[C@@H](C)C(=O)[C@H](C)[C@H]2N(CCCCn3cnc(-c4cccnc4)c3)C(=O)O[C@]12C,"(1S,2R,5R,7R,8R,9R,11R,13R,14R)-8-[(2S,3R,4S,6R)-4-(dimethylamino)-3-hydroxy-6-methyloxan-2-yl]oxy-2-ethyl-9-methoxy-1,5,7,9,11,13-hexamethyl-15-[4-(4-pyridin-3-ylimidazol-1-yl)butyl]-3,17-dioxa-15-azabicyclo[12.3.0]heptadecane-4,6,12,16-tetrone",C43H65N5O10
CC[C@H]1OC(=O)[C@H](C)[C@@H](O[C@H]2C[C@@](C)(OC)[C@@H](O)[C@H](C)O2)[C@H](C)[C@@H](O[C@@H]2O[C@H](C)C[C@H](N(C)C)[C@H]2O)[C@](C)(O)C[C@@H](C)C(=NOCOCCOC)[C@H](C)[C@@H](O)[C@]1(C)O,"(3R,4S,5S,6R,7R,9R,11S,12R,13S,14R)-6-[(2S,3R,4S,6R)-4-(dimethylamino)-3-hydroxy-6-methyloxan-2-yl]oxy-14-ethyl-7,12,13-trihydroxy-4-[(2R,4R,5S,6S)-5-hydroxy-4-methoxy-4,6-dimethyloxan-2-yl]oxy-10-(2-methoxyethoxymethoxyimino)-3,5,7,9,11,13-hexamethyl-oxacyclotetradecan-2-one",C41H76N2O15
CC[C@H]1OC(=O)[C@H](C)[C@@H](O[C@H]2C[C@@](C)(OC)[C@@H](O)[C@H](C)O2)[C@H](C)[C@@H](O[C@@H]2O[C@H](C)C[C@H](N(C)C)[C@H]2O)[C@](C)(O)C[C@@H](C)C(=O)[C@H](C)[C@@H](O)[C@]1(C)O,"(3R,4S,5S,6R,7R,9R,11R,12R,13S,14R)-6-[(2S,3R,4S,6R)-4-(dimethylamino)-3-hydroxy-6-methyloxan-2-yl]oxy-14-ethyl-7,12,13-trihydroxy-4-[(2R,4R,5S,6S)-5-hydroxy-4-methoxy-4,6-dimethyloxan-2-yl]oxy-3,5,7,9,11,13-hexamethyl-oxacyclotetradecane-2,10-dione",C37H67NO13
CC[C@H]1OC(=O)[C@H](C)[C@@H](O[C@H]2C[C@@](C)(OC)[C@@H](O)[C@H](C)O2)[C@H](C)[C@@H](O[C@@H]2O[C@H](C)C[C@H](N(C)C)[C@H]2O)[C@](C)(O)C[C@@H](C)CN(C)[C@H](C)[C@@H](O)[C@]1(C)O,"(2R,3S,4R,5R,8R,10R,11R,12S,13S,14R)-11-[(2S,3R,4S,6R)-4-(dimethylamino)-3-hydroxy-6-methyloxan-2-yl]oxy-2-ethyl-3,4,10-trihydroxy-13-[(2R,4R,5S,6S)-5-hydroxy-4-methoxy-4,6-dimethyloxan-2-yl]oxy-3,5,6,8,10,12,14-heptamethyl-1-oxa-6-azacyclopentadecan-15-one",C38H72N2O12
CC[C@H]1OC(=O)[C@H](C)[C@@H](O[C@H]2C[C@@](C)(OC)[C@@H](O)[C@H](C)O2)[C@H](C)[C@@H](O[C@@H]2O[C@H](C)C[C@H](N(C)C)[C@H]2O)[C@](C)(O)C[C@@H](C)[C@@H]2N[C@@H](COCCOC)O[C@H]([C@H]2C)[C@]1(C)O,"(1R,2R,3R,6R,7S,8S,9R,10R,12R,13S,15R,17S)-9-[(2S,3R,4S,6R)-4-(dimethylamino)-3-hydroxy-6-methyloxan-2-yl]oxy-3-ethyl-2,10-dihydroxy-7-[(2R,4R,5S,6S)-5-hydroxy-4-methoxy-4,6-dimethyloxan-2-yl]oxy-15-(2-methoxyethoxymethyl)-2,6,8,10,12,17-hexamethyl-4,16-dioxa-14-azabicyclo[11.3.1]heptadecan-5-one",C42H78N2O14
CC[C@H]1OC(=O)[C@H](C)[C@@H](O[C@H]2C[C@@](C)(OC)[C@@H](O)[C@H](C)O2)[C@H](C)[C@@H](O[C@@H]2O[C@H](C)C[C@H](N(C)C)[C@H]2O)[C@](C)(OC)C[C@@H](C)C(=O)[C@H](C)[C@@H](O)[C@]1(C)O,"(3R,4S,5S,6R,7R,9R,11R,12R,13S,14R)-6-[(2S,3R,4S,6R)-4-(dimethylamino)-3-hydroxy-6-methyloxan-2-yl]oxy-14-ethyl-12,13-dihydroxy-4-[(2R,4R,5S,6S)-5-hydroxy-4-methoxy-4,6-dimethyloxan-2-yl]oxy-7-methoxy-3,5,7,9,11,13-hexamethyl-oxacyclotetradecane-2,10-dione",C38H69NO13
CC[C@]12CCCN3CCc4c(n(c5ccccc45)[C@@](O)(C(=O)OC)C1)[C@@H]32,"methyl (15S,17S,19S)-15-ethyl-17-hydroxy-1,11-diazapentacyclo[9.6.2.02,7.08,18.015,19]nonadeca-2,4,6,8(18)-tetraene-17-carboxylate",C21H26N2O3
CC[N+](C)(C)C(C)CC(c1ccccc1)c1ccccc1,"4,4-diphenylbutan-2-yl-ethyl-dimethylazanium",C20H28N+
CC[N+](C)(C)Cc1ccccc1Br,(2-bromophenyl)methyl-ethyl-dimethylazanium,C11H17BrN+
CC[N+](C)(C)c1cccc(O)c1,ethyl-(3-hydroxyphenyl)-dimethylazanium,C10H16NO+
CC[N+]1(C)[C@H]2C[C@H](OC(=O)[C@H](CO)c3ccccc3)C[C@@H]1[C@H]1O[C@@H]21,"[(1R,2R,4S,5S)-9-ethyl-9-methyl-3-oxa-9-azoniatricyclo[3.3.1.02,4]nonan-7-yl] (2S)-3-hydroxy-2-phenylpropanoate",C19H26NO4+
CCc1ccc(CCOc2ccc(CC3SC(=O)NC3=O)cc2)nc1,"5-[[4-[2-(5-ethyl-2-pyridinyl)ethoxy]phenyl]methyl]-1,3-thiazolidine-2,4-dione",C19H20N2O3S
CCc1c2c(nc3ccc(OC(=O)N4CCC(N5CCCCC5)CC4)cc13)-c1cc3c(c(=O)n1C2)COC(=O)[C@]3(O)CC,"[(19S)-10,19-diethyl-19-hydroxy-14,18-dioxo-17-oxa-3,13-diazapentacyclo[11.8.0.02,11.04,9.015,20]henicosa-1(21),2,4(9),5,7,10,15(20)-heptaen-7-yl] 4-piperidin-1-ylpiperidine-1-carboxylate",C33H38N4O6
CCc1cccc2c3c([nH]c12)C(CC)(CC(=O)O)OCC3,"2-(1,8-diethyl-4,9-dihydro-3H-pyrano[3,4-b]indol-1-yl)acetic acid",C17H21NO3
CCc1cccc2cc(C(O)CNC(C)(C)C)oc12,2-(tert-butylamino)-1-(7-ethyl-1-benzofuran-2-yl)ethanol,C16H23NO2
CCc1nc(N)nc(N)c1-c1ccc(Cl)cc1,"5-(4-chlorophenyl)-6-ethylpyrimidine-2,4-diamine",C12H13ClN4
CCc1nn(CCCN2CCN(c3cccc(Cl)c3)CC2)c(=O)n1CCOc1ccccc1,"2-[3-[4-(3-chlorophenyl)piperazin-1-yl]propyl]-5-ethyl-4-(2-phenoxyethyl)-1,2,4-triazol-3-one",C25H32ClN5O2
CCn1cc(C(=O)O)c(=O)c2cc(F)c(N3CCNC(C)C3)c(F)c21,"1-ethyl-6,8-difluoro-7-(3-methylpiperazin-1-yl)-4-oxoquinoline-3-carboxylic acid",C17H19F2N3O3
CCn1cc(C(=O)O)c(=O)c2cc(F)c(N3CCN(C)CC3)cc21,1-ethyl-6-fluoro-7-(4-methylpiperazin-1-yl)-4-oxoquinoline-3-carboxylic acid,C17H20FN3O3
CCn1cc(C(=O)O)c(=O)c2cc(F)c(N3CCNCC3)cc21,1-ethyl-6-fluoro-4-oxo-7-piperazin-1-ylquinoline-3-carboxylic acid,C16H18FN3O3
CN(C)C(=N)NC(=N)N,"3-(diaminomethylidene)-1,1-dimethylguanidine",C4H11N5
CCn1cc(C(=O)O)c(=O)c2cc(F)c(N3CCNCC3)nc21,"1-ethyl-6-fluoro-4-oxo-7-piperazin-1-yl-1,8-naphthyridine-3-carboxylic acid",C15H17FN4O3
CN(C)C(=O)C(CCN1CCC(O)(c2ccc(Cl)cc2)CC1)(c1ccccc1)c1ccccc1,"4-[4-(4-chlorophenyl)-4-hydroxypiperidin-1-yl]-N,N-dimethyl-2,2-diphenylbutanamide",C29H33ClN2O2
CN(C)C(=O)Oc1ccc[n+](C)c1,"(1-methylpyridin-1-ium-3-yl) N,N-dimethylcarbamate",C9H13N2O2+
CN(C)C(=O)Oc1cccc([N+](C)(C)C)c1,[3-(dimethylcarbamoyloxy)phenyl]-trimethylazanium,C12H19N2O2+
CN(C)CC(Oc1ccccc1)Oc1ccccc1,"N,N-dimethyl-2,2-diphenoxyethanamine",C16H19NO2
CN(C)CC/C=C1/c2ccccc2Sc2ccc(Cl)cc21,"(3Z)-3-(2-chlorothioxanthen-9-ylidene)-N,N-dimethylpropan-1-amine",C18H18ClNS
CN(C)CCC(c1ccc(Cl)cc1)c1ccccn1,"3-(4-chlorophenyl)-N,N-dimethyl-3-pyridin-2-ylpropan-1-amine",C16H19ClN2
CN(C)CCC(c1ccccc1)c1ccccn1,"N,N-dimethyl-3-phenyl-3-pyridin-2-ylpropan-1-amine",C16H20N2
CN(C)CCC=C1c2ccccc2C=Cc2ccccc21,"N,N-dimethyl-3-(2-tricyclo[9.4.0.03,8]pentadeca-1(15),3,5,7,9,11,13-heptaenylidene)propan-1-amine",C20H21N
CN(C)CCC=C1c2ccccc2CCc2ccccc21,"N,N-dimethyl-3-(2-tricyclo[9.4.0.03,8]pentadeca-1(15),3,5,7,11,13-hexaenylidene)propan-1-amine",C20H23N
CN(C)CCC=C1c2ccccc2COc2ccccc21,"3-(6H-benzo[c][1]benzoxepin-11-ylidene)-N,N-dimethylpropan-1-amine",C19H21NO
CN(C)CCCC1(c2ccc(F)cc2)OCc2cc(C#N)ccc21,1-[3-(dimethylamino)propyl]-1-(4-fluorophenyl)-3H-2-benzofuran-5-carbonitrile,C20H21FN2O
CN(C)CCCN1c2ccccc2CCc2ccc(Cl)cc21,"3-(2-chloro-5,6-dihydrobenzo[b][1]benzazepin-11-yl)-N,N-dimethylpropan-1-amine",C19H23ClN2
CN(C)CCCN1c2ccccc2CCc2ccccc21,"3-(5,6-dihydrobenzo[b][1]benzazepin-11-yl)-N,N-dimethylpropan-1-amine",C19H24N2
CN(C)CCCN1c2ccccc2Sc2ccc(Cl)cc21,"3-(2-chlorophenothiazin-10-yl)-N,N-dimethylpropan-1-amine",C17H19ClN2S
CN(C)CCCOC1(Cc2ccccc2)CCCCCC1,"3-(1-benzylcycloheptyl)oxy-N,N-dimethylpropan-1-amine",C19H31NO
CN(C)CCCOc1nn(Cc2ccccc2)c2ccccc12,"3-(1-benzylindazol-3-yl)oxy-N,N-dimethylpropan-1-amine",C19H23N3O
CN(C)CCOC(c1ccccc1)c1ccccc1,"2-benzhydryloxy-N,N-dimethylethanamine",C17H21NO
CN(C)CCN(Cc1cccs1)c1ccccn1,"N,N-dimethyl-N'-pyridin-2-yl-N'-(thiophen-2-ylmethyl)ethane-1,2-diamine",C14H19N3S
CN(C)CCOC1=Cc2ccccc2Sc2ccc(Cl)cc21,"2-(3-chlorobenzo[b][1]benzothiepin-5-yl)oxy-N,N-dimethylethanamine",C18H18ClNOS
CN(C)CCOc1ccc(/C(=C(/CCCl)c2ccccc2)c2ccccc2)cc1,"2-[4-[(Z)-4-chloro-1,2-diphenylbut-1-enyl]phenoxy]-N,N-dimethylethanamine",C26H28ClNO
CN(C)CCc1c[nH]c2ccc(CS(=O)(=O)N3CCCC3)cc12,"N,N-dimethyl-2-[5-(pyrrolidin-1-ylsulfonylmethyl)-1H-indol-3-yl]ethanamine",C17H25N3O2S
CN(C)CCc1c[nH]c2ccc(C[C@H]3COC(=O)N3)cc12,"(4S)-4-[[3-[2-(dimethylamino)ethyl]-1H-indol-5-yl]methyl]-1,3-oxazolidin-2-one",C16H21N3O2
CN(C)Cc1nnc2n1-c1ccc(Cl)cc1C(c1ccccc1)=NC2,"1-(8-chloro-6-phenyl-4H-[1,2,4]triazolo[4,3-a][1,4]benzodiazepin-1-yl)-N,N-dimethylmethanamine",C19H18ClN5
CN(C)CCc1c[nH]c2ccc(Cn3cncn3)cc12,"N,N-dimethyl-2-[5-(1,2,4-triazol-1-ylmethyl)-1H-indol-3-yl]ethanamine",C15H19N5
CN(C)S(=O)(=O)c1ccc2c(c1)N(CCCN1CCC(CCO)CC1)c1ccccc1S2,"10-[3-[4-(2-hydroxyethyl)piperidin-1-yl]propyl]-N,N-dimethylphenothiazine-2-sulfonamide",C24H33N3O3S2
CN(C)[C@@H]1C(O)=C(C(N)=O)C(=O)[C@@]2(O)C(O)=C3C(=O)c4c(O)ccc(Cl)c4[C@@H](O)[C@H]3C[C@@H]12,"(4S,4aS,5aS,6S,12aR)-7-chloro-4-(dimethylamino)-1,6,10,11,12a-pentahydroxy-3,12-dioxo-4a,5,5a,6-tetrahydro-4H-tetracene-2-carboxamide",C21H21ClN2O8
CN(C)[C@@H]1C(O)=C(C(N)=O)C(=O)[C@@]2(O)C(O)=C3C(=O)c4c(O)ccc(Cl)c4[C@@](C)(O)[C@H]3C[C@@H]12,"(4S,4aS,5aS,6S,12aR)-7-chloro-4-(dimethylamino)-1,6,10,11,12a-pentahydroxy-6-methyl-3,12-dioxo-4,4a,5,5a-tetrahydrotetracene-2-carboxamide",C22H23ClN2O8
CN(C)[C@@H]1C(O)=C(C(N)=O)C(=O)[C@@]2(O)C(O)=C3C(=O)c4c(O)cccc4[C@@](C)(O)[C@H]3C[C@@H]12,"(4S,4aS,5aS,6S,12aR)-4-(dimethylamino)-1,6,10,11,12a-pentahydroxy-6-methyl-3,12-dioxo-4,4a,5,5a-tetrahydrotetracene-2-carboxamide",C22H24N2O8
CN(C)[C@@H]1C(O)=C(C(N)=O)C(=O)[C@@]2(O)C(O)=C3C(=O)c4c(O)cccc4[C@@](C)(O)[C@H]3[C@H](O)[C@@H]12,"(4S,4aR,5S,5aR,6S,12aR)-4-(dimethylamino)-1,5,6,10,11,12a-hexahydroxy-6-methyl-3,12-dioxo-4,4a,5,5a-tetrahydrotetracene-2-carboxamide",C22H24N2O9
CN(C)c1ccc(O)c2c1C[C@H]1C[C@H]3[C@H](N(C)C)C(O)=C(C(N)=O)C(=O)[C@@]3(O)C(O)=C1C2=O,"(4S,4aS,5aR,12aR)-4,7-bis(dimethylamino)-1,10,11,12a-tetrahydroxy-3,12-dioxo-4a,5,5a,6-tetrahydro-4H-tetracene-2-carboxamide",C23H27N3O7
CN(CCCCCCN(C)C(=O)Oc1ccc[n+](C)c1)C(=O)Oc1ccc[n+](C)c1,(1-methylpyridin-1-ium-3-yl) N-methyl-N-[6-[methyl-(1-methylpyridin-1-ium-3-yl)oxycarbonylamino]hexyl]carbamate,C22H32N4O4+2
CN(CCOc1ccc(CC2SC(=O)NC2=O)cc1)c1ccccn1,"5-[[4-[2-[methyl(pyridin-2-yl)amino]ethoxy]phenyl]methyl]-1,3-thiazolidine-2,4-dione",C18H19N3O3S
CN(Cc1cnc2nc(N)nc(N)c2n1)c1ccc(C(=O)N[C@@H](CCC(=O)O)C(=O)O)cc1,"(2S)-2-[[4-[(2,4-diaminopteridin-6-yl)methyl-methylamino]benzoyl]amino]pentanedioic acid",C20H22N8O5
CN(CCOc1ccc(NS(C)(=O)=O)cc1)CCc1ccc(NS(C)(=O)=O)cc1,N-[4-[2-[2-[4-(methanesulfonamido)phenoxy]ethyl-methylamino]ethyl]phenyl]methanesulfonamide,C19H27N3O5S2
CN(N=O)C(=O)N[C@H]1[C@@H](O)O[C@H](CO)[C@@H](O)[C@@H]1O,"1-methyl-1-nitroso-3-[(2S,3R,4R,5S,6R)-2,4,5-trihydroxy-6-(hydroxymethyl)oxan-3-yl]urea",C8H15N3O7
CN(c1nccc(=O)[nH]1)C1CCN(c2nc3ccccc3n2Cc2ccc(F)cc2)CC1,2-[[1-[1-[(4-fluorophenyl)methyl]benzimidazol-2-yl]piperidin-4-yl]-methylamino]-1H-pyrimidin-6-one,C24H25FN6O
CN/C(=N/C#N)NCCSCc1nc[nH]c1C,1-cyano-2-methyl-3-[2-[(5-methyl-1H-imidazol-4-yl)methylsulfanyl]ethyl]guanidine,C10H16N6S
CN1C(=O)C(O)N=C(c2ccccc2)c2cc(Cl)ccc21,"7-chloro-3-hydroxy-1-methyl-5-phenyl-3H-1,4-benzodiazepin-2-one",C16H13ClN2O2
CN1C(=O)C(O)N=C(c2ccccc2Cl)c2cc(Cl)ccc21,"7-chloro-5-(2-chlorophenyl)-3-hydroxy-1-methyl-3H-1,4-benzodiazepin-2-one",C16H12Cl2N2O2
CN1C(=O)CN=C(c2ccccc2)c2cc(Cl)ccc21,"7-chloro-1-methyl-5-phenyl-3H-1,4-benzodiazepin-2-one",C16H13ClN2O
CN1C(=O)CN=C(c2ccccc2F)c2cc([N+](=O)[O-])ccc21,"5-(2-fluorophenyl)-1-methyl-7-nitro-3H-1,4-benzodiazepin-2-one",C16H12FN3O3
CN1C(=O)NC(=O)C(C)(C2=CCCCC2)C1=O,"5-(cyclohexen-1-yl)-1,5-dimethyl-1,3-diazinane-2,4,6-trione",C12H16N2O3
CN1C(C(=O)Nc2ccccn2)=C(O)c2ccccc2S1(=O)=O,"4-hydroxy-2-methyl-1,1-dioxo-N-pyridin-2-yl-1lambda6,2-benzothiazine-3-carboxamide",C15H13N3O4S
CN1C(C(=O)Nc2ccccn2)=C(O)c2sccc2S1(=O)=O,"4-hydroxy-2-methyl-1,1-dioxo-N-pyridin-2-ylthieno[2,3-e]thiazine-3-carboxamide",C13H11N3O4S2
CN1CCCC(n2nc(Cc3ccc(Cl)cc3)c3ccccc3c2=O)CC1,4-[(4-chlorophenyl)methyl]-2-(1-methylazepan-4-yl)phthalazin-1-one,C22H24ClN3O
CN1CCC[C@@H]1CCO[C@](C)(c1ccccc1)c1ccc(Cl)cc1,(2R)-2-[2-[(1R)-1-(4-chlorophenyl)-1-phenylethoxy]ethyl]-1-methylpyrrolidine,C21H26ClNO
CN1CCC[C@@H]1Cc1c[nH]c2ccc(CCS(=O)(=O)c3ccccc3)cc12,5-[2-(benzenesulfonyl)ethyl]-3-[[(2R)-1-methylpyrrolidin-2-yl]methyl]-1H-indole,C22H26N2O2S
CN1CCC[C@H]1c1cccnc1,3-[(2S)-1-methylpyrrolidin-2-yl]pyridine,C10H14N2
CN1CCN(C(=O)OC2c3nccnc3C(=O)N2c2ccc(Cl)cn2)CC1,"[6-(5-chloro-2-pyridinyl)-5-oxo-7H-pyrrolo[3,4-b]pyrazin-7-yl] 4-methylpiperazine-1-carboxylate",C17H17ClN6O3
CN1CCN(C2=Nc3cc(Cl)ccc3Nc3ccccc32)CC1,"3-chloro-6-(4-methylpiperazin-1-yl)-11H-benzo[b][1,4]benzodiazepine",C18H19ClN4
CN1CCN(CCCN2c3ccccc3Sc3ccc(Cl)cc32)CC1,2-chloro-10-[3-(4-methylpiperazin-1-yl)propyl]phenothiazine,C20H24ClN3S
CN1CCN(CC(=O)N2c3ccccc3C(=O)Nc3cccnc32)CC1,"11-[2-(4-methylpiperazin-1-yl)acetyl]-5H-pyrido[2,3-b][1,4]benzodiazepin-6-one",C19H21N5O2
CN1CCN2c3ccccc3Cc3ccccc3C2C1,"5-methyl-2,5-diazatetracyclo[13.4.0.02,7.08,13]nonadeca-1(19),8,10,12,15,17-hexaene",C18H20N2
CN1CCN2c3ncccc3Cc3ccccc3C2C1,"5-methyl-2,5,19-triazatetracyclo[13.4.0.02,7.08,13]nonadeca-1(15),8,10,12,16,18-hexaene",C17H19N3
CN1CCOC(c2ccccc2)c2ccccc2C1,"5-methyl-1-phenyl-1,3,4,6-tetrahydro-2,5-benzoxazocine",C17H19NO
CN1CC[C@]23c4c5ccc(O)c4O[C@H]2C(=O)CC[C@H]3[C@H]1C5,"(4R,4aR,7aR,12bS)-9-hydroxy-3-methyl-1,2,4,4a,5,6,7a,13-octahydro-4,12-methanobenzofuro[3,2-e]isoquinolin-7-one",C17H19NO3
CN1CC[C@]23c4c5ccc(O)c4O[C@H]2[C@@H](O)C=C[C@H]3[C@H]1C5,"(4R,4aR,7S,7aR,12bS)-3-methyl-2,4,4a,7,7a,13-hexahydro-1H-4,12-methanobenzofuro[3,2-e]isoquinoline-7,9-diol",C17H19NO3
CN1CCc2cccc3c2[C@H]1Cc1ccc(O)c(O)c1-3,"(6aR)-6-methyl-5,6,6a,7-tetrahydro-4H-dibenzo[de,g]quinoline-10,11-diol",C17H17NO2
CN1C[C@H](C(=O)N[C@]2(C)O[C@@]3(O)[C@@H]4CCCN4C(=O)[C@H](Cc4ccccc4)N3C2=O)C=C2c3cccc4[nH]cc(c34)C[C@H]21,"(6aR,9R)-N-[(1S,2S,4R,7S)-7-benzyl-2-hydroxy-4-methyl-5,8-dioxo-3-oxa-6,9-diazatricyclo[7.3.0.02,6]dodecan-4-yl]-7-methyl-6,6a,8,9-tetrahydro-4H-indolo[4,3-fg]quinoline-9-carboxamide",C33H35N5O5
CN1C[C@H](CNC(=O)OCc2ccccc2)C[C@@H]2c3cccc4c3c(cn4C)C[C@H]21,"benzyl N-[[(6aR,9S,10aR)-4,7-dimethyl-6,6a,8,9,10,10a-hexahydroindolo[4,3-fg]quinolin-9-yl]methyl]carbamate",C25H29N3O2
CN1C[C@H](C(=O)N[C@]2(C)O[C@@]3(O)[C@@H]4CCCN4C(=O)[C@H](Cc4ccccc4)N3C2=O)C[C@@H]2c3cccc4[nH]cc(c34)C[C@H]21,"(6aR,9R,10aR)-N-[(1S,2S,4R,7S)-7-benzyl-2-hydroxy-4-methyl-5,8-dioxo-3-oxa-6,9-diazatricyclo[7.3.0.02,6]dodecan-4-yl]-7-methyl-6,6a,8,9,10,10a-hexahydro-4H-indolo[4,3-fg]quinoline-9-carboxamide",C33H37N5O5
CN1[C@H]2CC[C@@H]1C[C@H](OC(=O)C(CO)c1ccccc1)C2,"[(1S,5R)-8-methyl-8-azabicyclo[3.2.1]octan-3-yl] 3-hydroxy-2-phenylpropanoate",C17H23NO3
CN1[C@H]2CCC[C@@H]1C[C@H](NC(=O)c1nn(C)c3ccccc13)C2,"1-methyl-N-[(1R,5S)-9-methyl-9-azabicyclo[3.3.1]nonan-3-yl]indazole-3-carboxamide",C18H24N4O
CN1[C@H]2C[C@H](OC(=O)[C@H](CO)c3ccccc3)C[C@@H]1[C@H]1O[C@@H]21,"[(1S,2S,4R,5R)-9-methyl-3-oxa-9-azatricyclo[3.3.1.02,4]nonan-7-yl] (2S)-3-hydroxy-2-phenylpropanoate",C17H21NO4
CN1[C@H]2CC[C@@H]1C[C@H](OC(=O)c1c[nH]c3ccccc13)C2,"[(1R,5S)-8-methyl-8-azabicyclo[3.2.1]octan-3-yl] 1H-indole-3-carboxylate",C17H20N2O2
CNC(=C[N+](=O)[O-])NCCSCc1ccc(CN(C)C)o1,"1-N'-[2-[[5-[(dimethylamino)methyl]furan-2-yl]methylsulfanyl]ethyl]-1-N-methyl-2-nitroethene-1,1-diamine",C13H22N4O3S
CN1c2ccccc2C(NCCCCCCC(=O)O)c2ccc(Cl)cc2S1(=O)=O,"7-[(3-chloro-6-methyl-5,5-dioxo-11H-benzo[c][2,1]benzothiazepin-11-yl)amino]heptanoic acid",C21H25ClN2O4S
CNC(=C[N+](=O)[O-])NCCSCc1csc(CN(C)C)n1,"1-N'-[2-[[2-[(dimethylamino)methyl]-1,3-thiazol-4-yl]methylsulfanyl]ethyl]-1-N-methyl-2-nitroethene-1,1-diamine",C12H21N5O2S2
CNC(=O)Oc1ccc2c(c1)[C@]1(C)CCN(C)[C@@H]1N2C,"[(3aR,8bS)-3,4,8b-trimethyl-2,3a-dihydro-1H-pyrrolo[2,3-b]indol-7-yl] N-methylcarbamate",C15H21N3O2
CNC1(c2ccccc2Cl)CCCCC1=O,2-(2-chlorophenyl)-2-(methylamino)cyclohexan-1-one,C13H16ClNO
CNC1=Nc2ccc(Cl)cc2C(c2ccccc2)=[N+]([O-])C1,"7-chloro-4-hydroxy-N-methyl-5-phenyl-3H-1,4-benzodiazepin-2-imine",C16H14ClN3O
CNCCC(Oc1ccc(C(F)(F)F)cc1)c1ccccc1,N-methyl-3-phenyl-3-[4-(trifluoromethyl)phenoxy]propan-1-amine,C17H18F3NO
CNCCC=C1c2ccccc2CCc2ccccc21,"N-methyl-3-(2-tricyclo[9.4.0.03,8]pentadeca-1(15),3,5,7,11,13-hexaenylidene)propan-1-amine",C19H21N
CNCCCC12CCC(c3ccccc31)c1ccccc12,"N-methyl-3-(1-tetracyclo[6.6.2.02,7.09,14]hexadeca-2,4,6,9,11,13-hexaenyl)propan-1-amine",C20H23N
CNCCCC1c2ccccc2C=Cc2ccccc21,"N-methyl-3-(2-tricyclo[9.4.0.03,8]pentadeca-1(15),3,5,7,9,11,13-heptaenyl)propan-1-amine",C19H21N
CNCCCCOc1ccccc1Cc1ccccc1,4-(2-benzylphenoxy)-N-methylbutan-1-amine,C18H23NO
CNCCCN1c2ccccc2CCc2ccccc21,"3-(5,6-dihydrobenzo[b][1]benzazepin-11-yl)-N-methylpropan-1-amine",C18H22N2
CNCC[C@@H](Oc1ccccc1C)c1ccccc1,(3R)-N-methyl-3-(2-methylphenoxy)-3-phenylpropan-1-amine,C17H21NO
CNC[C@H](O)c1cccc(O)c1,3-[(1R)-1-hydroxy-2-(methylamino)ethyl]phenol,C9H13NO2
CNS(=O)(=O)CCc1ccc2[nH]cc(C3CCN(C)CC3)c2c1,N-methyl-2-[3-(1-methylpiperidin-4-yl)-1H-indol-5-yl]ethanesulfonamide,C17H25N3O2S
CN[C@@H](C)[C@@H](O)c1ccccc1,"(1S,2S)-2-(methylamino)-1-phenylpropan-1-ol",C10H15NO
CNS(=O)(=O)Cc1ccc2[nH]cc(CCN(C)C)c2c1,1-[3-[2-(dimethylamino)ethyl]-1H-indol-5-yl]-N-methylmethanesulfonamide,C14H21N3O2S
CN[C@@H]1CCc2[nH]c3ccc(C(N)=O)cc3c2C1,"(6R)-6-(methylamino)-6,7,8,9-tetrahydro-5H-carbazole-3-carboxamide",C14H17N3O
CN[C@@H]1[C@H](O[C@H]2[C@H](O[C@@H]3[C@@H](NC(=N)N)[C@H](O)[C@@H](NC(=N)N)[C@H](O)[C@H]3O)O[C@@H](C)[C@]2(O)C=O)O[C@@H](CO)[C@H](O)[C@H]1O,"2-[(1R,2R,3S,4R,5R,6S)-3-(diaminomethylideneamino)-4-[(2R,3R,4R,5S)-3-[(2S,3S,4S,5R,6S)-4,5-dihydroxy-6-(hydroxymethyl)-3-(methylamino)oxan-2-yl]oxy-4-formyl-4-hydroxy-5-methyloxolan-2-yl]oxy-2,5,6-trihydroxycyclohexyl]guanidine",C21H39N7O12
CO/N=C(\C(=O)N[C@@H]1C(=O)N2C(C(=O)O)=C(CSc3nc(=O)c(=O)[nH]n3C)CS[C@H]12)c1csc(N)n1,"(6R,7R)-7-[[(2Z)-2-(2-amino-1,3-thiazol-4-yl)-2-methoxyiminoacetyl]amino]-3-[(2-methyl-5,6-dioxo-1H-1,2,4-triazin-3-yl)sulfanylmethyl]-8-oxo-5-thia-1-azabicyclo[4.2.0]oct-2-ene-2-carboxylic acid",C18H18N8O7S3
CO/N=C(\C(=O)N[C@@H]1C(=O)N2C(C(=O)O)=C(COC(N)=O)CS[C@H]12)c1ccco1,"(6R,7R)-3-(carbamoyloxymethyl)-7-[[(2Z)-2-(furan-2-yl)-2-methoxyiminoacetyl]amino]-8-oxo-5-thia-1-azabicyclo[4.2.0]oct-2-ene-2-carboxylic acid",C16H16N4O8S
CO/N=C(\C(=O)N[C@@H]1C(=O)N2C(C(=O)O)=C(CSc3nc(C)c(CC(=O)O)s3)CS[C@H]12)c1csc(N)n1,"(6R,7R)-7-[[(2Z)-2-(2-amino-1,3-thiazol-4-yl)-2-methoxyiminoacetyl]amino]-3-[[5-(carboxymethyl)-4-methyl-1,3-thiazol-2-yl]sulfanylmethyl]-8-oxo-5-thia-1-azabicyclo[4.2.0]oct-2-ene-2-carboxylic acid",C20H20N6O7S4
CO/N=C(\C(=O)N[C@@H]1C(=O)N2C(C(=O)O)=CCS[C@H]12)c1csc(N)n1,"(6R,7R)-7-[[(2Z)-2-(2-amino-1,3-thiazol-4-yl)-2-methoxyiminoacetyl]amino]-8-oxo-5-thia-1-azabicyclo[4.2.0]oct-2-ene-2-carboxylic acid",C13H13N5O5S2
COC(=O)C(c1ccccc1)C1CCCCN1,methyl 2-phenyl-2-piperidin-2-ylacetate,C14H19NO2
COC(=O)C1=C(C#N)NC(C)=C(C(=O)OC(C)C)C1c1cccc([N+](=O)[O-])c1,"3-O-methyl 5-O-propan-2-yl 2-cyano-6-methyl-4-(3-nitrophenyl)-1,4-dihydropyridine-3,5-dicarboxylate",C19H19N3O6
COC(=O)C1=C(C)NC(C)=C(C(=O)OC(C)C)C1c1cccc2nonc12,"3-O-methyl 5-O-propan-2-yl 4-(2,1,3-benzoxadiazol-4-yl)-2,6-dimethyl-1,4-dihydropyridine-3,5-dicarboxylate",C19H21N3O5
COC(=O)C1=C(C)NC(C)=C(C(=O)OC)C1c1ccccc1[N+](=O)[O-],"dimethyl 2,6-dimethyl-4-(2-nitrophenyl)-1,4-dihydropyridine-3,5-dicarboxylate",C17H18N2O6
COC(=O)C1=C(C)NC(C)=C(C(=O)OCC(C)C)C1c1ccccc1[N+](=O)[O-],"3-O-methyl 5-O-(2-methylpropyl) 2,6-dimethyl-4-(2-nitrophenyl)-1,4-dihydropyridine-3,5-dicarboxylate",C20H24N2O6
COC(=O)C1=C(C)NC(C)=C(C(=O)OCCN(C)Cc2ccccc2)C1c1cccc([N+](=O)[O-])c1,"5-O-[2-[benzyl(methyl)amino]ethyl] 3-O-methyl 2,6-dimethyl-4-(3-nitrophenyl)-1,4-dihydropyridine-3,5-dicarboxylate",C26H29N3O6
COC(=O)C1=C(C)NC(C)=C(C(=O)O[C@H]2CCN(Cc3ccccc3)C2)[C@H]1c1cccc([N+](=O)[O-])c1,"5-O-[(3S)-1-benzylpyrrolidin-3-yl] 3-O-methyl (4S)-2,6-dimethyl-4-(3-nitrophenyl)-1,4-dihydropyridine-3,5-dicarboxylate",C27H29N3O6
COC(=O)Nc1nc2ccc(C(=O)c3ccccc3)cc2[nH]1,methyl N-(6-benzoyl-1H-benzimidazol-2-yl)carbamate,C16H13N3O3
COC(=O)[C@H]1[C@@H](O)CC[C@H]2CN3CCc4c([nH]c5ccccc45)[C@@H]3C[C@@H]21,"methyl (1S,15R,18S,19R,20S)-18-hydroxy-1,3,11,12,14,15,16,17,18,19,20,21-dodecahydroyohimban-19-carboxylate",C21H26N2O3
COC(=O)[C@H]1[C@H]2C[C@@H]3c4[nH]c5cc(OC)ccc5c4CCN3C[C@H]2C[C@@H](OC(=O)c2cc(OC)c(OC)c(OC)c2)[C@@H]1OC,"methyl (1R,15S,17R,18R,19S,20S)-6,18-dimethoxy-17-(3,4,5-trimethoxybenzoyl)oxy-1,3,11,12,14,15,16,17,18,19,20,21-dodecahydroyohimban-19-carboxylate",C33H40N2O9
COC(=O)[C@H]1[C@@H](OC(=O)c2ccccc2)C[C@@H]2CC[C@H]1N2C,"methyl (1R,2R,3S,5S)-3-benzoyloxy-8-methyl-8-azabicyclo[3.2.1]octane-2-carboxylate",C17H21NO4
COCC(=O)O[C@]1(CCN(C)CCCc2nc3ccccc3[nH]2)CCc2cc(F)ccc2[C@@H]1C(C)C,"[(1S,2S)-2-[2-[3-(1H-benzimidazol-2-yl)propyl-methylamino]ethyl]-6-fluoro-1-propan-2-yl-3,4-dihydro-1H-naphthalen-2-yl] 2-methoxyacetate",C29H38FN3O3
COC1=CC(=O)C[C@@H](C)[C@]12Oc1c(Cl)c(OC)cc(OC)c1C2=O,"(2S,5'R)-7-chloro-3',4,6-trimethoxy-5'-methylspiro[1-benzofuran-2,4'-cyclohex-2-ene]-1',3-dione",C17H17ClO6
COCCCC/C(=N\OCCN)c1ccc(C(F)(F)F)cc1,2-[(E)-[5-methoxy-1-[4-(trifluoromethyl)phenyl]pentylidene]amino]oxyethanamine,C15H21F3N2O2
COCCCOc1ccnc(CS(=O)c2nc3ccccc3[nH]2)c1C,2-[[4-(3-methoxypropoxy)-3-methyl-2-pyridinyl]methylsulfinyl]-1H-benzimidazole,C18H21N3O3S
COCCc1ccc(OCC(O)CNC(C)C)cc1,1-[4-(2-methoxyethyl)phenoxy]-3-(propan-2-ylamino)propan-2-ol,C15H25NO3
COCCOC(=O)C1=C(C)NC(C)=C(C(=O)OC(C)C)C1c1cccc([N+](=O)[O-])c1,"3-O-(2-methoxyethyl) 5-O-propan-2-yl 2,6-dimethyl-4-(3-nitrophenyl)-1,4-dihydropyridine-3,5-dicarboxylate",C21H26N2O7
COCc1c(C(C)C)nc(C(C)C)c(/C=C/[C@@H](O)C[C@@H](O)CC(=O)O)c1-c1ccc(F)cc1,"(E,3R,5S)-7-[4-(4-fluorophenyl)-5-(methoxymethyl)-2,6-di(propan-2-yl)-3-pyridinyl]-3,5-dihydroxyhept-6-enoic acid",C26H34FNO5
CO[C@@H]1[C@@H](O[C@@H]2O[C@H](C)[C@@H](O[C@H]3C[C@@](C)(O)[C@@H](O)[C@H](C)O3)[C@H](N(C)C)[C@H]2O)[C@@H](CC=O)C[C@@H](C)[C@@H](O[C@H]2CC[C@H](N(C)C)[C@H](C)O2)/C=C/C=C/C[C@@H](C)OC(=O)C[C@H]1O,"2-[(4R,5S,6S,7R,9R,10R,11E,13E,16R)-6-[(2S,3R,4R,5S,6R)-5-[(2S,4R,5S,6S)-4,5-dihydroxy-4,6-dimethyloxan-2-yl]oxy-4-(dimethylamino)-3-hydroxy-6-methyloxan-2-yl]oxy-10-[(2R,5S,6S)-5-(dimethylamino)-6-methyloxan-2-yl]oxy-4-hydroxy-5-methoxy-9,16-dimethyl-2-oxo-1-oxacyclohexadeca-11,13-dien-7-yl]acetaldehyde",C43H74N2O14
CO[C@@]1(NC(=O)Cc2cccs2)C(=O)N2C(C(=O)O)=C(COC(N)=O)CS[C@@H]21,"(6R,7S)-3-(carbamoyloxymethyl)-7-methoxy-8-oxo-7-[(2-thiophen-2-ylacetyl)amino]-5-thia-1-azabicyclo[4.2.0]oct-2-ene-2-carboxylic acid",C16H17N3O7S2
CO[C@H]1/C=C/O[C@@]2(C)Oc3c(C)c(O)c4c(c3C2=O)C2=NC3(CCN(CC(C)C)CC3)NC2=C(NC(=O)/C(C)=C\C=C\[C@H](C)[C@H](O)[C@@H](C)[C@@H](O)[C@@H](C)[C@H](OC(C)=O)[C@@H]1C)C4=O,"[(7S,9E,11S,12R,13S,14R,15R,16R,17S,18S,19E,21Z)-2,15,17,32-tetrahydroxy-11-methoxy-3,7,12,14,16,18,22-heptamethyl-1'-(2-methylpropyl)-6,23-dioxospiro[8,33-dioxa-24,27,29-triazapentacyclo[23.6.1.14,7.05,31.026,30]tritriaconta-1(32),2,4,9,19,21,24,26,30-nonaene-28,4'-piperidine]-13-yl] acetate",C46H62N4O11
CO[C@H]1O[C@@H]2O[C@@]3(C)CC[C@H]4[C@H](C)CC[C@@H]([C@H]1C)[C@]42OO3,"(1R,4S,5R,8S,9R,10S,12R,13R)-10-methoxy-1,5,9-trimethyl-11,14,15,16-tetraoxatetracyclo[10.3.1.04,13.08,13]hexadecane",C16H26O5
CO[C@]12CC[C@@]3(C[C@@H]1[C@](C)(O)C(C)(C)C)[C@H]1Cc4ccc(O)c5c4[C@@]3(CCN1CC1CC1)[C@H]2O5,"(1S,2S,6R,14R,15R,16R)-5-(cyclopropylmethyl)-16-[(2S)-2-hydroxy-3,3-dimethylbutan-2-yl]-15-methoxy-13-oxa-5-azahexacyclo[13.2.2.12,8.01,6.02,14.012,20]icosa-8(20),9,11-trien-11-ol",C29H41NO4
COc1c(N2CCNC(C)C2)c(F)cc2c(=O)c(C(=O)O)cn(C3CC3)c12,1-cyclopropyl-6-fluoro-8-methoxy-7-(3-methylpiperazin-1-yl)-4-oxoquinoline-3-carboxylic acid,C19H22FN3O4
COc1c(N2C[C@@H]3CCCN[C@@H]3C2)c(F)cc2c(=O)c(C(=O)O)cn(C3CC3)c12,"7-[(4aS,7aS)-1,2,3,4,4a,5,7,7a-octahydropyrrolo[3,4-b]pyridin-6-yl]-1-cyclopropyl-6-fluoro-8-methoxy-4-oxoquinoline-3-carboxylic acid",C21H24FN3O4
COc1cc(C)c(/C=C/C(C)=C/C=C/C(C)=C/C(=O)O)c(C)c1C,"(2E,4E,6E,8E)-9-(4-methoxy-2,3,6-trimethylphenyl)-3,7-dimethylnona-2,4,6,8-tetraenoic acid",C21H26O3
COc1cc(N)c(Cl)cc1C(=O)N[C@@H]1CCN(CCCOc2ccc(F)cc2)C[C@@H]1OC,"4-amino-5-chloro-N-[(3S,4R)-1-[3-(4-fluorophenoxy)propyl]-3-methoxypiperidin-4-yl]-2-methoxybenzamide",C23H29ClFN3O4
COc1cc(Cc2cnc(N)nc2N)cc(OC)c1OC,"5-[(3,4,5-trimethoxyphenyl)methyl]pyrimidine-2,4-diamine",C14H18N4O3
COc1cc(NC(C)CCCN)c2ncccc2c1,"4-N-(6-methoxyquinolin-8-yl)pentane-1,4-diamine",C15H21N3O
COc1cc(NCc2ccc3nc(N)nc(N)c3c2C)cc(OC)c1OC,"5-methyl-6-[(3,4,5-trimethoxyanilino)methyl]quinazoline-2,4-diamine",C19H23N5O3
COc1cc(OC)c(C(=O)CCCN2CCCC2)c(OC)c1,"4-pyrrolidin-1-yl-1-(2,4,6-trimethoxyphenyl)butan-1-one",C17H25NO4
COc1cc([C@@H]2c3cc4c(cc3[C@@H](O[C@@H]3O[C@@H]5CO[C@@H](C)O[C@H]5[C@H](O)[C@H]3O)[C@H]3COC(=O)[C@H]23)OCO4)cc(OC)c1O,"(5S,5aR,8aR,9R)-5-[[(2R,4aR,6R,7R,8R,8aS)-7,8-dihydroxy-2-methyl-4,4a,6,7,8,8a-hexahydropyrano[3,2-d][1,3]dioxin-6-yl]oxy]-9-(4-hydroxy-3,5-dimethoxyphenyl)-5a,6,8a,9-tetrahydro-5H-[2]benzofuro[6,5-f][1,3]benzodioxol-8-one",C29H32O13
COc1cc([C@@H]2c3cc4c(cc3[C@@H](O[C@@H]3O[C@@H]5CO[C@@H](c6cccs6)O[C@H]5[C@H](O)[C@H]3O)[C@H]3COC(=O)[C@H]23)OCO4)cc(OC)c1O,"(5S,5aR,8aR,9R)-5-[[(2R,4aR,6R,7R,8R,8aS)-7,8-dihydroxy-2-thiophen-2-yl-4,4a,6,7,8,8a-hexahydropyrano[3,2-d][1,3]dioxin-6-yl]oxy]-9-(4-hydroxy-3,5-dimethoxyphenyl)-5a,6,8a,9-tetrahydro-5H-[2]benzofuro[6,5-f][1,3]benzodioxol-8-one",C32H32O13S
COc1cc2c(N)nc(N3CCN(C(=O)OCC(C)(C)O)CC3)nc2c(OC)c1OC,"(2-hydroxy-2-methylpropyl) 4-(4-amino-6,7,8-trimethoxyquinazolin-2-yl)piperazine-1-carboxylate",C20H29N5O6
COc1cc2c(c(OC)c1OC)-c1ccc(OC)c(=O)cc1C(NC(C)=O)CC2,"N-(1,2,3,10-tetramethoxy-9-oxo-6,7-dihydro-5H-benzo[a]heptalen-7-yl)acetamide",C22H25NO6
COc1cc2c(cc1OC)C(=O)C(CC1CCN(Cc3ccccc3)CC1)C2,"2-[(1-benzylpiperidin-4-yl)methyl]-5,6-dimethoxy-2,3-dihydroinden-1-one",C24H29NO3
COc1cc2c(cc1OC)C1CC(=O)C(CC(C)C)CN1CC2,"9,10-dimethoxy-3-(2-methylpropyl)-1,3,4,6,7,11b-hexahydrobenzo[a]quinolizin-2-one",C19H27NO3
COc1cc2nc(N(C)CCCNC(=O)C3CCCO3)nc(N)c2cc1OC,"N-[3-[(4-amino-6,7-dimethoxyquinazolin-2-yl)-methylamino]propyl]oxolane-2-carboxamide",C19H27N5O4
COc1cc2nc(N3CCN(C(=O)C4CCCO4)CC3)nc(N)c2cc1OC,"[4-(4-amino-6,7-dimethoxyquinazolin-2-yl)piperazin-1-yl]-(oxolan-2-yl)methanone",C19H25N5O4
COc1cc2nc(N3CCN(C(=O)C4COc5ccccc5O4)CC3)nc(N)c2cc1OC,"[4-(4-amino-6,7-dimethoxyquinazolin-2-yl)piperazin-1-yl]-(2,3-dihydro-1,4-benzodioxin-3-yl)methanone",C23H25N5O5
COc1cc2nc(N3CCN(C(=O)c4ccco4)CC3)nc(N)c2cc1OC,"[4-(4-amino-6,7-dimethoxyquinazolin-2-yl)piperazin-1-yl]-(furan-2-yl)methanone",C19H21N5O4
COc1cc2ncnc(Nc3ccc(F)c(Cl)c3)c2cc1OCCCN1CCOCC1,N-(3-chloro-4-fluorophenyl)-7-methoxy-6-(3-morpholin-4-ylpropoxy)quinazolin-4-amine,C22H24ClFN4O3
COc1ccc(C(=O)Nc2ccccc2CCC2CCCCN2C)cc1,4-methoxy-N-[2-[2-(1-methylpiperidin-2-yl)ethyl]phenyl]benzamide,C22H28N2O2
COc1ccc(C(CN(C)C)C2(O)CCCCC2)cc1,1-[2-(dimethylamino)-1-(4-methoxyphenyl)ethyl]cyclohexan-1-ol,C17H27NO2
COc1ccc(C2CNC(=O)C2)cc1OC1CCCC1,4-(3-cyclopentyloxy-4-methoxyphenyl)pyrrolidin-2-one,C16H21NO3
COc1ccc(CCN(C)CCCC(C#N)(c2cc(OC)c(OC)c(OC)c2)C(C)C)cc1OC,"5-[2-(3,4-dimethoxyphenyl)ethyl-methylamino]-2-propan-2-yl-2-(3,4,5-trimethoxyphenyl)pentanenitrile",C28H40N2O5
COc1ccc(CCN(C)CCCC(C#N)(c2ccc(OC)c(OC)c2)C(C)C)cc1OC,"2-(3,4-dimethoxyphenyl)-5-[2-(3,4-dimethoxyphenyl)ethyl-methylamino]-2-propan-2-ylpentanenitrile",C27H38N2O4
COc1ccc(CCN2CCC(Nc3nc4ccccc4n3Cc3ccc(F)cc3)CC2)cc1,1-[(4-fluorophenyl)methyl]-N-[1-[2-(4-methoxyphenyl)ethyl]piperidin-4-yl]benzimidazol-2-amine,C28H31FN4O
COc1ccc(CCNCC(O)COc2cccc(C)c2)cc1OC,"1-[2-(3,4-dimethoxyphenyl)ethylamino]-3-(3-methylphenoxy)propan-2-ol",C20H27NO4
COc1ccc(Cc2nccc3cc(OC)c(OC)cc23)cc1OC,"1-[(3,4-dimethoxyphenyl)methyl]-6,7-dimethoxyisoquinoline",C20H21NO4
COc1ccc(Cl)cc1C(=O)NCCc1ccc(S(=O)(=O)NC(=O)NC2CCCCC2)cc1,5-chloro-N-[2-[4-(cyclohexylcarbamoylsulfamoyl)phenyl]ethyl]-2-methoxybenzamide,C23H28ClN3O5S
COc1ccc(OC)c(Cc2cnc3nc(N)nc(N)c3c2C)c1,"6-[(2,5-dimethoxyphenyl)methyl]-5-methylpyrido[2,3-d]pyrimidine-2,4-diamine",C17H19N5O2
COc1ccc([C@@H]2Sc3ccccc3N(CCN(C)C)C(=O)[C@@H]2OC(C)=O)cc1,"[(2S,3S)-5-[2-(dimethylamino)ethyl]-2-(4-methoxyphenyl)-4-oxo-2,3-dihydro-1,5-benzothiazepin-3-yl] acetate",C22H26N2O4S
COc1ccc([C@@H]2CC(=O)c3c(O)cc(O[C@@H]4O[C@H](CO[C@@H]5O[C@@H](C)[C@H](O)[C@@H](O)[C@H]5O)[C@@H](O)[C@H](O)[C@H]4O)cc3O2)cc1O,"(2S)-5-hydroxy-2-(3-hydroxy-4-methoxyphenyl)-7-[(2S,3R,4S,5S,6R)-3,4,5-trihydroxy-6-[[(2R,3R,4R,5R,6S)-3,4,5-trihydroxy-6-methyloxan-2-yl]oxymethyl]oxan-2-yl]oxy-2,3-dihydrochromen-4-one",C28H34O15
COc1ccc2[nH]cc(CCNC(C)=O)c2c1,N-[2-(5-methoxy-1H-indol-3-yl)ethyl]acetamide,C13H16N2O2
COc1ccc2c(c1)N(C[C@H](C)CN(C)C)c1ccccc1S2,"(2R)-3-(2-methoxyphenothiazin-10-yl)-N,N,2-trimethylpropan-1-amine",C19H24N2OS
COc1ccc2c(c1)c(CC(=O)O)c(C)n2C(=O)c1ccc(Cl)cc1,2-[1-(4-chlorobenzoyl)-5-methoxy-2-methylindol-3-yl]acetic acid,C19H16ClNO4
COc1ccc2c3c1O[C@H]1C(=O)CC[C@@]4(O)[C@@H](C2)N(C)CC[C@]314,"(4R,4aS,7aR,12bS)-4a-hydroxy-9-methoxy-3-methyl-2,4,5,6,7a,13-hexahydro-1H-4,12-methanobenzofuro[3,2-e]isoquinolin-7-one",C18H21NO4
COc1ccc2c(c1OC)C(=O)O[C@@H]2[C@H]1c2c(cc3c(c2OC)OCO3)CCN1C,"(3S)-6,7-dimethoxy-3-[(5R)-4-methoxy-6-methyl-7,8-dihydro-5H-[1,3]dioxolo[4,5-g]isoquinolin-5-yl]-3H-2-benzofuran-1-one",C22H23NO7
COc1ccc2c3c1O[C@H]1[C@@H](O)C=C[C@H]4[C@@H](C2)N(C)CC[C@]314,"(4R,4aR,7S,7aR,12bS)-9-methoxy-3-methyl-2,4,4a,7,7a,13-hexahydro-1H-4,12-methanobenzofuro[3,2-e]isoquinolin-7-ol",C18H21NO3
COc1ccc2c3c1O[C@H]1C[C@@H](O)C=C[C@@]31CCN(C)C2,"(1S,12S,14R)-9-methoxy-4-methyl-11-oxa-4-azatetracyclo[8.6.1.01,12.06,17]heptadeca-6(17),7,9,15-tetraen-14-ol",C17H21NO3
COc1ccc2cc(CCC(C)=O)ccc2c1,4-(6-methoxynaphthalen-2-yl)butan-2-one,C15H16O2
COc1ccc2c3c1O[C@H]1[C@@H](O)CC[C@H]4[C@@H](C2)N(C)CC[C@]314,"(4R,4aR,7S,7aR,12bS)-9-methoxy-3-methyl-2,4,4a,5,6,7,7a,13-octahydro-1H-4,12-methanobenzofuro[3,2-e]isoquinolin-7-ol",C18H23NO3
COc1ccc2nc(S(=O)Cc3ncc(C)c(OC)c3C)[nH]c2c1,"6-methoxy-2-[(4-methoxy-3,5-dimethyl-2-pyridinyl)methylsulfinyl]-1H-benzimidazole",C17H19N3O3S
COc1ccc2cc([C@H](C)C(=O)O)ccc2c1,(2S)-2-(6-methoxynaphthalen-2-yl)propanoic acid,C14H14O3
COc1cccc(C(=O)CCN[C@@H](C)[C@H](O)c2ccccc2)c1,"3-[[(1R,2S)-1-hydroxy-1-phenylpropan-2-yl]amino]-1-(3-methoxyphenyl)propan-1-one",C19H23NO3
COc1cccc([C@@]2(O)CCCC[C@@H]2CN(C)C)c1,"cis-(1R,2R)-2-[(dimethylamino)methyl]-1-(3-methoxyphenyl)cyclohexan-1-ol",C16H25NO2
COc1cccc2c1C(=O)c1c(O)c3c(c(O)c1C2=O)C[C@@](O)(C(=O)CO)C[C@@H]3O[C@H]1C[C@H](N)[C@@H](O)[C@H](C)O1,"(7S,9S)-7-[(2R,4S,5R,6S)-4-amino-5-hydroxy-6-methyloxan-2-yl]oxy-6,9,11-trihydroxy-9-(2-hydroxyacetyl)-4-methoxy-8,10-dihydro-7H-tetracene-5,12-dione",C27H29NO11
COc1cccc2c1C(=O)c1c(O)c3c(c(O)c1C2=O)C[C@@](O)(C(=O)CO)C[C@@H]3O[C@H]1C[C@H](N)[C@H](O)[C@H](C)O1,"(7S,9S)-7-[(2R,4S,5S,6S)-4-amino-5-hydroxy-6-methyloxan-2-yl]oxy-6,9,11-trihydroxy-9-(2-hydroxyacetyl)-4-methoxy-8,10-dihydro-7H-tetracene-5,12-dione",C27H29NO11
COc1ccccc1N1CCN(CCCNc2cc(=O)n(C)c(=O)n2C)CC1,"6-[3-[4-(2-methoxyphenyl)piperazin-1-yl]propylamino]-1,3-dimethylpyrimidine-2,4-dione",C20H29N5O3
COc1ccccc1OCCNCC(O)COc1cccc2[nH]c3ccccc3c12,1-(9H-carbazol-4-yloxy)-3-[2-(2-methoxyphenoxy)ethylamino]propan-2-ol,C24H26N2O4
COc1ccccc1Oc1c(NS(=O)(=O)c2ccc(C(C)(C)C)cc2)nc(-c2ncccn2)nc1OCCO,4-tert-butyl-N-[6-(2-hydroxyethoxy)-5-(2-methoxyphenoxy)-2-pyrimidin-2-ylpyrimidin-4-yl]benzenesulfonamide,C27H29N5O6S
COc1ccnc(CS(=O)c2nc3ccc(OC(F)F)cc3[nH]2)c1OC,"6-(difluoromethoxy)-2-[(3,4-dimethoxy-2-pyridinyl)methylsulfinyl]-1H-benzimidazole",C16H15F2N3O4S
COc1nc(C(Cl)(Cl)Cl)c(Cl)c(OC)c1Cl,"3,5-dichloro-2,4-dimethoxy-6-(trichloromethyl)pyridine",C8H6Cl5NO2
COc1nc(C)nc(Cl)c1NC1=NCCN1,"4-chloro-N-(4,5-dihydro-1H-imidazol-2-yl)-6-methoxy-2-methylpyrimidin-5-amine",C9H12ClN5O
CS(=O)(=O)OCCCCOS(C)(=O)=O,4-methylsulfonyloxybutyl methanesulfonate,C6H14O6S2
CS(=O)(=O)OC[C@H](O)[C@@H](O)COS(C)(=O)=O,"[(2S,3S)-2,3-dihydroxy-4-methylsulfonyloxybutyl] methanesulfonate",C6H14O8S2
CS(=O)(=O)c1ccc(C2=C(c3ccccc3)C(=O)OC2)cc1,3-(4-methylsulfonylphenyl)-4-phenyl-2H-furan-5-one,C17H14O4S
CS(=O)(=O)c1ccc2c(c1)N(CCCN1CCC(C(N)=O)CC1)c1ccccc1S2,1-[3-(2-methylsulfonylphenothiazin-10-yl)propyl]piperidine-4-carboxamide,C22H27N3O3S2
CSc1ccc(C(=O)c2[nH]c(=O)[nH]c2C)cc1,"4-methyl-5-(4-methylsulfanylbenzoyl)-1,3-dihydroimidazol-2-one",C12H12N2O2S
CSc1ccc2c(c1)N(CCC1CCCCN1C)c1ccccc1S2,10-[2-(1-methylpiperidin-2-yl)ethyl]-2-methylsulfanylphenothiazine,C21H26N2S2
C[C@@H](NCCCc1cccc(C(F)(F)F)c1)c1cccc2ccccc12,N-[(1R)-1-naphthalen-1-ylethyl]-3-[3-(trifluoromethyl)phenyl]propan-1-amine,C22H22F3N
C[C@@H](O)[C@@H]1NC(=O)[C@H](CCCCN)NC(=O)[C@@H](Cc2c[nH]c3ccccc23)NC(=O)[C@H](Cc2ccccc2)NC(=O)[C@@H](NC(=O)[C@H](N)Cc2ccccc2)CSSC[C@@H](C(=O)N[C@H](CO)[C@@H](C)O)NC1=O,"(4R,7S,10S,13R,16S,19R)-10-(4-aminobutyl)-19-[[(2R)-2-amino-3-phenylpropanoyl]amino]-16-benzyl-N-[(2R,3R)-1,3-dihydroxybutan-2-yl]-7-[(1R)-1-hydroxyethyl]-13-(1H-indol-3-ylmethyl)-6,9,12,15,18-pentaoxo-1,2-dithia-5,8,11,14,17-pentazacycloicosane-4-carboxamide",C49H66N10O10S2
C[C@@H](O)[C@H]1C(=O)N2C(C(=O)O)=C(SCC/N=C/N)C[C@H]12,"(5R,6S)-3-[2-(aminomethylideneamino)ethylsulfanyl]-6-[(1R)-1-hydroxyethyl]-7-oxo-1-azabicyclo[3.2.0]hept-2-ene-2-carboxylic acid",C12H17N3O4S
C[C@@H](O)[C@H]1C(=O)N2C(C(=O)O)=C(S[C@@H]3CN[C@H](C(=O)N(C)C)C3)[C@H](C)[C@H]12,"(4R,5S,6S)-3-[(3S,5S)-5-(dimethylcarbamoyl)pyrrolidin-3-yl]sulfanyl-6-[(1R)-1-hydroxyethyl]-4-methyl-7-oxo-1-azabicyclo[3.2.0]hept-2-ene-2-carboxylic acid",C17H25N3O5S
C[C@@H](O[C@H]1OCCN(Cc2n[nH]c(=O)[nH]2)[C@H]1c1ccc(F)cc1)c1cc(C(F)(F)F)cc(C(F)(F)F)c1,"3-[[(2R,3S)-2-[(1R)-1-[3,5-bis(trifluoromethyl)phenyl]ethoxy]-3-(4-fluorophenyl)morpholin-4-yl]methyl]-1,4-dihydro-1,2,4-triazol-5-one",C23H21F7N4O3
C[C@@H](c1ncncc1F)[C@](O)(Cn1cncn1)c1ccc(F)cc1F,"(2R,3S)-2-(2,4-difluorophenyl)-3-(5-fluoropyrimidin-4-yl)-1-(1,2,4-triazol-1-yl)butan-2-ol",C16H14F3N5O
C[C@@H]1C[C@H]2[C@@H]3CCC4=CC(=O)C=C[C@]4(C)[C@@]3(F)[C@@H](O)C[C@]2(C)[C@@]1(O)C(=O)CO,"(8S,9R,10S,11S,13S,14S,16R,17R)-9-fluoro-11,17-dihydroxy-17-(2-hydroxyacetyl)-10,13,16-trimethyl-6,7,8,11,12,14,15,16-octahydrocyclopenta[a]phenanthren-3-one",C22H29FO5
C[C@@H]1C[C@H]2[C@@H]3C[C@H](F)C4=CC(=O)C=C[C@]4(C)[C@H]3[C@@H](O)C[C@]2(C)[C@H]1C(=O)CO,"(6S,8S,9S,10R,11S,13S,14S,16R,17S)-6-fluoro-11-hydroxy-17-(2-hydroxyacetyl)-10,13,16-trimethyl-6,7,8,9,11,12,14,15,16,17-decahydrocyclopenta[a]phenanthren-3-one",C22H29FO4
C[C@@H]1OC(=O)CC(O)CC(O)CC(O)CCC(O)C(O)C[C@]2(O)CC(O)C(C(=O)O)C(CC(O[C@H]3O[C@H](C)[C@@H](O)[C@H](N)[C@@H]3O)/C=C/C=C/C=C/C=C/CC/C=C/C=C/[C@H](C)[C@@H](O)[C@H]1C)O2,"(1S,15S,16R,17R,18S,19E,21E,25E,27E,29E,31E)-33-[(2S,3S,4S,5S,6R)-4-amino-3,5-dihydroxy-6-methyloxan-2-yl]oxy-1,3,4,7,9,11,17,37-octahydroxy-15,16,18-trimethyl-13-oxo-14,39-dioxabicyclo[33.3.1]nonatriaconta-19,21,25,27,29,31-hexaene-36-carboxylic acid",C47H75NO17
C[C@@H]1O[C@@H](O[C@@H]2C=C3CC[C@@H]4[C@H](CC[C@]5(C)[C@@H](c6ccc(=O)oc6)CC[C@]45O)[C@@]3(C)CC2)[C@H](O)[C@H](O)[C@H]1O,"5-[(3S,8R,9S,10R,13R,14S,17R)-14-hydroxy-10,13-dimethyl-3-[(2R,3R,4R,5R,6S)-3,4,5-trihydroxy-6-methyloxan-2-yl]oxy-1,2,3,6,7,8,9,11,12,15,16,17-dodecahydrocyclopenta[a]phenanthren-17-yl]pyran-2-one",C30H42O8
C[C@@H]1O[C@@H](O[C@H]2C[C@@H](O)[C@]3(CO)[C@H]4[C@H](O)C[C@]5(C)[C@@H](C6=CC(=O)OC6)CC[C@]5(O)[C@@H]4CC[C@]3(O)C2)[C@H](O)[C@H](O)[C@H]1O,"3-[(1R,3S,5S,8R,9S,10R,11R,13R,14S,17R)-1,5,11,14-tetrahydroxy-10-(hydroxymethyl)-13-methyl-3-[(2R,3R,4R,5R,6S)-3,4,5-trihydroxy-6-methyloxan-2-yl]oxy-2,3,4,6,7,8,9,11,12,15,16,17-dodecahydro-1H-cyclopenta[a]phenanthren-17-yl]-2H-furan-5-one",C29H44O12
C[C@@H]1O[C@@H]1P(=O)(O)O,"[(2R,3S)-3-methyloxiran-2-yl]phosphonic acid",C3H7O4P
C[C@H](CN1CCOCC1)C(C(=O)N1CCCC1)(c1ccccc1)c1ccccc1,"(3S)-3-methyl-4-morpholin-4-yl-2,2-diphenyl-1-pyrrolidin-1-ylbutan-1-one",C25H32N2O2
C[C@H](CS)C(=O)N1CCC[C@H]1C(=O)O,(2S)-1-[(2S)-2-methyl-3-sulfanylpropanoyl]pyrrolidine-2-carboxylic acid,C9H15NO3S
C[C@H](Cn1cnc2c(N)ncnc21)OCP(=O)(O)O,[(2R)-1-(6-aminopurin-9-yl)propan-2-yl]oxymethylphosphonic acid,C9H14N5O4P
C[C@H](N)[C@H](O)c1ccccc1,"(1R,2S)-2-amino-1-phenylpropan-1-ol",C9H13NO
C[C@H](NCCc1ccc(O)cc1)[C@H](O)c1ccc(O)cc1,"4-[2-[[(1R,2S)-1-hydroxy-1-(4-hydroxyphenyl)propan-2-yl]amino]ethyl]phenol",C17H21NO3
C[C@H]1CN(c2c(F)c(N)c3c(=O)c(C(=O)O)cn(C4CC4)c3c2F)C[C@@H](C)N1,"5-amino-1-cyclopropyl-7-[(3R,5S)-3,5-dimethylpiperazin-1-yl]-6,8-difluoro-4-oxoquinoline-3-carboxylic acid",C19H22F2N4O3
C[C@H]1C[C@H]2[C@@H]3CCC4=CC(=O)C=C[C@]4(C)[C@@]3(F)[C@@H](O)C[C@]2(C)[C@@]1(O)C(=O)CO,"(8S,9R,10S,11S,13S,14S,16S,17R)-9-fluoro-11,17-dihydroxy-17-(2-hydroxyacetyl)-10,13,16-trimethyl-6,7,8,11,12,14,15,16-octahydrocyclopenta[a]phenanthren-3-one",C22H29FO5
C[C@H]1C[C@H]2[C@@H]3CC[C@](O)(C(=O)CO)[C@@]3(C)C[C@H](O)[C@@H]2[C@@]2(C)C=CC(=O)C=C12,"(6S,8S,9S,10R,11S,13S,14S,17R)-11,17-dihydroxy-17-(2-hydroxyacetyl)-6,10,13-trimethyl-7,8,9,11,12,14,15,16-octahydro-6H-cyclopenta[a]phenanthren-3-one",C22H30O5
C[C@H]1O[C@@H](O[C@H]2[C@@H](O)C[C@H](O[C@H]3[C@@H](O)C[C@H](O[C@H]4CC[C@]5(C)[C@H]6CC[C@]7(C)[C@@H](C8=CC(=O)OC8)CC[C@]7(O)[C@@H]6CC[C@@H]5C4)O[C@@H]3C)O[C@@H]2C)C[C@H](O)[C@@H]1O,"3-[(3S,5R,8R,9S,10S,13R,14S,17R)-3-[(2R,4S,5S,6R)-5-[(2S,4S,5S,6R)-5-[(2S,4S,5S,6R)-4,5-dihydroxy-6-methyloxan-2-yl]oxy-4-hydroxy-6-methyloxan-2-yl]oxy-4-hydroxy-6-methyloxan-2-yl]oxy-14-hydroxy-10,13-dimethyl-1,2,3,4,5,6,7,8,9,11,12,15,16,17-tetradecahydrocyclopenta[a]phenanthren-17-yl]-2H-furan-5-one",C41H64O13
C[C@H]1O[C@@H](O[C@H]2[C@@H](O)C[C@H](O[C@H]3[C@@H](O)C[C@H](O[C@H]4CC[C@]5(C)[C@H]6C[C@@H](O)[C@]7(C)[C@@H](C8=CC(=O)OC8)CC[C@]7(O)[C@@H]6CC[C@@H]5C4)O[C@@H]3C)O[C@@H]2C)C[C@H](O)[C@@H]1O,"3-[(3S,5R,8R,9S,10S,12R,13S,14S,17R)-3-[(2R,4S,5S,6R)-5-[(2S,4S,5S,6R)-5-[(2S,4S,5S,6R)-4,5-dihydroxy-6-methyloxan-2-yl]oxy-4-hydroxy-6-methyloxan-2-yl]oxy-4-hydroxy-6-methyloxan-2-yl]oxy-12,14-dihydroxy-10,13-dimethyl-1,2,3,4,5,6,7,8,9,11,12,15,16,17-tetradecahydrocyclopenta[a]phenanthren-17-yl]-2H-furan-5-one",C41H64O14
C[C@H]1O[C@H](O[C@@H]2[C@@H](CO)O[C@H](O[C@H]([C@H](O)CO)[C@H](O)[C@@H](O)C=O)[C@H](O)[C@H]2O)[C@H](O)[C@@H](O)[C@@H]1N[C@H]1C=C(CO)[C@@H](O)[C@H](O)[C@H]1O,"(2R,3R,4R,5R)-4-[(2R,3R,4R,5S,6R)-5-[(2R,3R,4S,5S,6R)-3,4-dihydroxy-6-methyl-5-[[(1S,4R,5S,6S)-4,5,6-trihydroxy-3-(hydroxymethyl)cyclohex-2-en-1-yl]amino]oxan-2-yl]oxy-3,4-dihydroxy-6-(hydroxymethyl)oxan-2-yl]oxy-2,3,5,6-tetrahydroxyhexanal",C25H43NO18
C[C@H]1[C@H](NC(=O)/C(=N\OC(C)(C)C(=O)O)c2csc([NH3+])n2)C(=O)N1S(=O)(=O)[O-],"(2S,3S)-3-[[(2Z)-2-(2-amino-1,3-thiazol-3-ium-4-yl)-2-(2-carboxypropan-2-yloxyimino)acetyl]amino]-2-methyl-4-oxoazetidine-1-sulfonate",C13H17N5O8S2
C[C@](N)(Cc1ccc(O)c(O)c1)C(=O)O,"(2S)-2-amino-3-(3,4-dihydroxyphenyl)-2-methylpropanoic acid",C10H13NO4
C[C@H]1c2cccc(O)c2C(=O)C2=C(O)[C@]3(O)C(=O)C(C(N)=O)=C(O)[C@@H](N(C)C)[C@@H]3[C@@H](O)[C@@H]21,"(4S,4aR,5S,5aR,6R,12aR)-4-(dimethylamino)-1,5,10,11,12a-pentahydroxy-6-methyl-3,12-dioxo-4a,5,5a,6-tetrahydro-4H-tetracene-2-carboxamide",C22H24N2O8
C[C@]12CCC3=C4CCC(=O)C=C4CC[C@H]3[C@@H]1CC[C@@]2(O)CC#N,"2-[(8S,13S,14S,17R)-17-hydroxy-13-methyl-3-oxo-1,2,6,7,8,11,12,14,15,16-decahydrocyclopenta[a]phenanthren-17-yl]acetonitrile",C20H25NO2
C[C@]12CC[C@@H]3c4ccc(O)cc4CC[C@H]3[C@@H]1CC[C@@H]2O,"(8R,9S,13S,14S,17S)-13-methyl-6,7,8,9,11,12,14,15,16,17-decahydrocyclopenta[a]phenanthrene-3,17-diol",C18H24O2
C[C@]12C[C@H](O)[C@H]3[C@@H](CCC4=CC(=O)C=C[C@@]43C)[C@@H]1CC[C@]2(O)C(=O)CO,"(8S,9S,10R,11S,13S,14S,17R)-11,17-dihydroxy-17-(2-hydroxyacetyl)-10,13-dimethyl-7,8,9,11,12,14,15,16-octahydro-6H-cyclopenta[a]phenanthren-3-one",C21H28O5
C[C@]12CC[C@H]3[C@@H](CCC4=CC(=O)CC[C@@]43C)[C@@H]1CC[C@@H]2O,"(8R,9S,10R,13S,14S,17S)-17-hydroxy-10,13-dimethyl-1,2,6,7,8,9,11,12,14,15,16,17-dodecahydrocyclopenta[a]phenanthren-3-one",C19H28O2
Cc1[nH]c(=O)c(C#N)cc1-c1ccncc1,6-methyl-2-oxo-5-pyridin-4-yl-1H-pyridine-3-carbonitrile,C12H9N3O
C[N+]1(CC2CC2)[C@H]2C[C@H](OC(=O)[C@H](CO)c3ccccc3)C[C@@H]1[C@H]1O[C@@H]21,"[(1R,2R,4S,5S)-9-(cyclopropylmethyl)-9-methyl-3-oxa-9-azoniatricyclo[3.3.1.02,4]nonan-7-yl] (2S)-3-hydroxy-2-phenylpropanoate",C21H28NO4+
Cc1[nH]cnc1CN1CCc2c(c3ccccc3n2C)C1=O,"5-methyl-2-[(5-methyl-1H-imidazol-4-yl)methyl]-3,4-dihydropyrido[4,3-b]indol-1-one",C17H18N4O
Cc1c(C)c2c(c(C)c1O)CCC(C)(COc1ccc(CC3SC(=O)NC3=O)cc1)O2,"5-[[4-[(6-hydroxy-2,5,7,8-tetramethyl-3,4-dihydrochromen-2-yl)methoxy]phenyl]methyl]-1,3-thiazolidine-2,4-dione",C24H27NO5S
Cc1c(O)cccc1C(=O)N[C@@H](CSc1ccccc1)[C@H](O)CN1C[C@H]2CCCC[C@H]2C[C@H]1C(=O)NC(C)(C)C,"(3S,4aS,8aS)-N-tert-butyl-2-[(2R,3R)-2-hydroxy-3-[(3-hydroxy-2-methylbenzoyl)amino]-4-phenylsulfanylbutyl]-3,4,4a,5,6,7,8,8a-octahydro-1H-isoquinoline-3-carboxamide",C32H45N3O4S
Cc1c(OCC(F)(F)F)ccnc1CS(=O)c1nc2ccccc2[nH]1,"2-[[3-methyl-4-(2,2,2-trifluoroethoxy)-2-pyridinyl]methylsulfinyl]-1H-benzimidazole",C16H14F3N3O2S
Cc1cc(=O)n(-c2ccccc2)n1C,"1,5-dimethyl-2-phenylpyrazol-3-one",C11H12N2O
Cc1cc(NS(=O)(=O)c2ccc(N)cc2)no1,"4-amino-N-(5-methyl-1,2-oxazol-3-yl)benzenesulfonamide",C10H11N3O3S
Cc1cc(C)nc(NS(=O)(=O)c2ccc(N)cc2)n1,"4-amino-N-(4,6-dimethylpyrimidin-2-yl)benzenesulfonamide",C12H14N4O2S
Cc1cc(O)c2c(=O)c3c(O)cc(O)c4c5c(O)cc(O)c6c(=O)c7c(O)cc(C)c8c1c2c(c34)c(c78)c65,"9,11,13,16,18,20-hexahydroxy-5,24-dimethyloctacyclo[13.11.1.12,10.03,8.04,25.019,27.021,26.014,28]octacosa-1(26),2,4(25),5,8,10,12,14(28),15(27),16,18,20,23-tridecaene-7,22-dione",C30H16O8
Cc1cc2c(OCC(O)CNC(C)C)cccc2[nH]1,1-[(2-methyl-1H-indol-4-yl)oxy]-3-(propan-2-ylamino)propan-2-ol,C15H22N2O2
Cc1cc2c(s1)Nc1ccccc1N=C2N1CCN(C)CC1,"2-methyl-4-(4-methylpiperazin-1-yl)-10H-thieno[2,3-b][1,5]benzodiazepine",C17H20N4S
Cc1ccc(-c2nc3ccc(C)cn3c2CC(=O)N(C)C)cc1,"N,N-dimethyl-2-[6-methyl-2-(4-methylphenyl)imidazo[1,2-a]pyridin-3-yl]acetamide",C19H21N3O
Cc1ccc(C(=O)c2cc(O)c(O)c([N+](=O)[O-])c2)cc1,"(3,4-dihydroxy-5-nitrophenyl)-(4-methylphenyl)methanone",C14H11NO5
Cc1ccc(C(=O)c2ccc(CC(=O)O)n2C)cc1,2-[1-methyl-5-(4-methylbenzoyl)pyrrol-2-yl]acetic acid,C15H15NO3
Cc1ccc(C)c(OCCCC(C)(C)C(=O)O)c1,"5-(2,5-dimethylphenoxy)-2,2-dimethylpentanoic acid",C15H22O3
Cc1ccc(NC(=O)c2ccc(CN3CCN(C)CC3)cc2)cc1Nc1nccc(-c2cccnc2)n1,4-[(4-methylpiperazin-1-yl)methyl]-N-[4-methyl-3-[(4-pyridin-3-ylpyrimidin-2-yl)amino]phenyl]benzamide,C29H31N7O
Cc1ccc(S(=O)(=O)NC(=O)NN2CC3CCCC3C2)cc1,"1-(3,3a,4,5,6,6a-hexahydro-1H-cyclopenta[c]pyrrol-2-yl)-3-(4-methylphenyl)sulfonylurea",C15H21N3O3S
Cc1ccc(Nc2c(F)cccc2Cl)c(CC(=O)O)c1,2-[2-(2-chloro-6-fluoroanilino)-5-methylphenyl]acetic acid,C15H13ClFNO2
Cc1ccc2c(-c3ccccc3)nc(=O)n(C(C)C)c2c1,7-methyl-4-phenyl-1-propan-2-ylquinazolin-2-one,C18H18N2O
Cc1cccc(C)c1NC(=O)C(C)N,"2-amino-N-(2,6-dimethylphenyl)propanamide",C11H16N2O
Cc1cccc(C)c1NC(=O)c1cc(S(N)(=O)=O)c(Cl)cc1O,"4-chloro-N-(2,6-dimethylphenyl)-2-hydroxy-5-sulfamoylbenzamide",C15H15ClN2O4S
Cc1cccc(C)c1OCC(C)N,"1-(2,6-dimethylphenoxy)propan-2-amine",C11H17NO
Cc1ccccc1C(OCCN(C)C)c1ccccc1,"N,N-dimethyl-2-[(2-methylphenyl)-phenylmethoxy]ethanamine",C18H23NO
Cc1ccccc1N1C(=O)c2cc(S(N)(=O)=O)c(Cl)cc2NC1C,"7-chloro-2-methyl-3-(2-methylphenyl)-4-oxo-1,2-dihydroquinazoline-6-sulfonamide",C16H16ClN3O3S
Cc1ccsc1C(=CCCN1CCC[C@@H](C(=O)O)C1)c1sccc1C,"(3R)-1-[4,4-bis(3-methylthiophen-2-yl)but-3-enyl]piperidine-3-carboxylic acid",C20H25NO2S2
Cc1cn([C@H]2C=C[C@@H](CO)O2)c(=O)[nH]c1=O,"1-[(2R,5S)-5-(hydroxymethyl)-2,5-dihydrofuran-2-yl]-5-methylpyrimidine-2,4-dione",C10H12N2O4
Cc1ccnc2c1NC(=O)c1cccnc1N2C1CC1,"2-cyclopropyl-7-methyl-2,4,9,15-tetrazatricyclo[9.4.0.03,8]pentadeca-1(11),3,5,7,12,14-hexaen-10-one",C15H14N4O
Cc1cn([C@H]2C[C@H](N=[N+]=[N-])[C@@H](CO)O2)c(=O)[nH]c1=O,"1-[(2R,4S,5S)-4-azido-5-(hydroxymethyl)oxolan-2-yl]-5-methylpyrimidine-2,4-dione",C10H13N5O4
Cc1cnc(C(=O)NCCc2ccc(S(=O)(=O)NC(=O)NC3CCCCC3)cc2)cn1,N-[2-[4-(cyclohexylcarbamoylsulfamoyl)phenyl]ethyl]-5-methylpyrazine-2-carboxamide,C21H27N5O4S
Cc1cnc(C(=O)O)c[n+]1[O-],5-methyl-4-oxidopyrazin-4-ium-2-carboxylic acid,C6H6N2O3
Cc1cnc(NC(=O)C2=C(O)c3ccccc3S(=O)(=O)N2C)s1,"4-hydroxy-2-methyl-N-(5-methyl-1,3-thiazol-2-yl)-1,1-dioxo-1lambda6,2-benzothiazine-3-carboxamide",C14H13N3O4S2
Cc1nc2n(c(=O)c1CCN1CCC(c3noc4cc(F)ccc34)CC1)CCCC2,"3-[2-[4-(6-fluoro-1,2-benzoxazol-3-yl)piperidin-1-yl]ethyl]-2-methyl-6,7,8,9-tetrahydropyrido[1,2-a]pyrimidin-4-one",C23H27FN4O2
Cc1ncc([N+](=O)[O-])n1CCO,2-(2-methyl-5-nitroimidazol-1-yl)ethanol,C6H9N3O3
Cc1ncc2n1-c1ccc(Cl)cc1C(c1ccccc1F)=NC2,"8-chloro-6-(2-fluorophenyl)-1-methyl-4H-imidazo[1,5-a][1,4]benzodiazepine",C18H13ClFN3
Cc1nccn1CC1CCc2c(c3ccccc3n2C)C1=O,"9-methyl-3-[(2-methylimidazol-1-yl)methyl]-2,3-dihydro-1H-carbazol-4-one",C18H19N3O
Cc1ncsc1CCCl,"5-(2-chloroethyl)-4-methyl-1,3-thiazole",C6H8ClNS
Cc1nnc(SCC2=C(C(=O)O)N3C(=O)[C@@H](NC(=O)Cn4cnnn4)[C@H]3SC2)s1,"(6R,7R)-3-[(5-methyl-1,3,4-thiadiazol-2-yl)sulfanylmethyl]-8-oxo-7-[[2-(tetrazol-1-yl)acetyl]amino]-5-thia-1-azabicyclo[4.2.0]oct-2-ene-2-carboxylic acid",C14H14N8O4S3
Cc1nnc2n1-c1ccc(Cl)cc1C(c1ccccc1)=NC2,"8-chloro-1-methyl-6-phenyl-4H-[1,2,4]triazolo[4,3-a][1,4]benzodiazepine",C17H13ClN4
Cc1nnc2n1-c1ccc(Cl)cc1C(c1ccccc1Cl)=NC2,"8-chloro-6-(2-chlorophenyl)-1-methyl-4H-[1,2,4]triazolo[4,3-a][1,4]benzodiazepine",C17H12Cl2N4
Cc1noc(NS(=O)(=O)c2ccc(N)cc2)c1C,"4-amino-N-(3,4-dimethyl-1,2-oxazol-5-yl)benzenesulfonamide",C11H13N3O3S
Cc1nnc2n1-c1sc(Br)cc1C(c1ccccc1Cl)=NC2,"4-bromo-7-(2-chlorophenyl)-13-methyl-3-thia-1,8,11,12-tetrazatricyclo[8.3.0.02,6]trideca-2(6),4,7,10,12-pentaene",C15H10BrClN4S
Cc1onc(-c2c(Cl)cccc2Cl)c1C(=O)N[C@@H]1C(=O)N2[C@@H](C(=O)O)C(C)(C)S[C@H]12,"(2S,5R,6R)-6-[[3-(2,6-dichlorophenyl)-5-methyl-1,2-oxazole-4-carbonyl]amino]-3,3-dimethyl-7-oxo-4-thia-1-azabicyclo[3.2.0]heptane-2-carboxylic acid",C19H17Cl2N3O5S
Cc1onc(-c2ccccc2)c1-c1ccc(S(N)(=O)=O)cc1,"4-(5-methyl-3-phenyl-1,2-oxazol-4-yl)benzenesulfonamide",C16H14N2O3S
Cc1onc(-c2ccccc2)c1C(=O)N[C@@H]1C(=O)N2[C@@H](C(=O)O)C(C)(C)S[C@H]12,"(2S,5R,6R)-3,3-dimethyl-6-[(5-methyl-3-phenyl-1,2-oxazole-4-carbonyl)amino]-7-oxo-4-thia-1-azabicyclo[3.2.0]heptane-2-carboxylic acid",C19H19N3O5S
Cc1onc(-c2ccccc2Cl)c1C(=O)N[C@@H]1C(=O)N2[C@@H](C(=O)O)C(C)(C)S[C@H]12,"(2S,5R,6R)-6-[[3-(2-chlorophenyl)-5-methyl-1,2-oxazole-4-carbonyl]amino]-3,3-dimethyl-7-oxo-4-thia-1-azabicyclo[3.2.0]heptane-2-carboxylic acid",C19H18ClN3O5S
Clc1ccc(C(c2ccccc2Cl)C(Cl)Cl)cc1,"1-chloro-2-[2,2-dichloro-1-(4-chlorophenyl)ethyl]benzene",C14H10Cl4
Clc1ccc(COC(Cn2ccnc2)c2ccc(Cl)cc2Cl)c(Cl)c1,"1-[2-(2,4-dichlorophenyl)-2-[(2,4-dichlorophenyl)methoxy]ethyl]imidazole",C18H14Cl4N2O
Clc1ccc2c(c1)C(N1CCNCC1)=Nc1ccccc1O2,"8-chloro-6-piperazin-1-ylbenzo[b][1,4]benzoxazepine",C17H16ClN3O
Clc1cccc(Cl)c1NC1=NCCN1,"N-(2,6-dichlorophenyl)-4,5-dihydro-1H-imidazol-2-amine",C9H9Cl2N3
Clc1ccc2nsnc2c1NC1=NCCN1,"5-chloro-N-(4,5-dihydro-1H-imidazol-2-yl)-2,1,3-benzothiadiazol-4-amine",C9H8ClN5S
Cn1c(=O)c2c(ncn2C)n(C)c1=O,"1,3,7-trimethylpurine-2,6-dione",C8H10N4O2
Cn1c(=O)c2[nH]cnc2n(C)c1=O,"1,3-dimethyl-7H-purine-2,6-dione",C7H8N4O2
Cn1cc[nH]c1=S,3-methyl-1H-imidazole-2-thione,C4H6N2S
Cn1c(CCCC(=O)O)nc2cc(N(CCCl)CCCl)ccc21,4-[5-[bis(2-chloroethyl)amino]-1-methylbenzimidazol-2-yl]butanoic acid,C16H21Cl2N3O2
Cn1nnc2c(C(N)=O)ncn2c1=O,"3-methyl-4-oxoimidazo[5,1-d][1,2,3,5]tetrazine-8-carboxamide",C6H6N6O2
Cn1cnc([N+](=O)[O-])c1Sc1ncnc2nc[nH]c12,6-(3-methyl-5-nitroimidazol-4-yl)sulfanyl-7H-purine,C9H7N7O2S
Fc1ccc([C@@H]2CCNC[C@H]2COc2ccc3c(c2)OCO3)cc1,"(3S,4R)-3-(1,3-benzodioxol-5-yloxymethyl)-4-(4-fluorophenyl)piperidine",C19H20FNO3
N#Cc1ccc(C(c2ccc(C#N)cc2)n2cncn2)cc1,"4-[(4-cyanophenyl)-(1,2,4-triazol-1-yl)methyl]benzonitrile",C17H11N5
N#Cc1ccccc1OCC(O)CNCCNC(=O)Cc1ccc(O)cc1,N-[2-[[3-(2-cyanophenoxy)-2-hydroxypropyl]amino]ethyl]-2-(4-hydroxyphenyl)acetamide,C20H23N3O4
N/N=c1/cc2c(n[nH]1)CCN(C(=O)c1ccccc1)C2,"(3-hydrazinyl-7,8-dihydro-5H-pyrido[4,3-c]pyridazin-6-yl)-phenylmethanone",C14H15N5O
N=C(N)NC(=O)Cc1c(Cl)cccc1Cl,"N-(diaminomethylidene)-2-(2,6-dichlorophenyl)acetamide",C9H9Cl2N3O
N=C(N)NC(=O)c1nc(Cl)c(N)nc1N,"3,5-diamino-6-chloro-N-(diaminomethylidene)pyrazine-2-carboxamide",C6H8ClN7O
N=C(N)c1ccc(CNC(=O)[C@@H]2CCN2C(=O)[C@H](NCC(=O)O)C2CCCCC2)cc1,2-[[(1R)-2-[(2S)-2-[(4-carbamimidoylphenyl)methylcarbamoyl]azetidin-1-yl]-1-cyclohexyl-2-oxoethyl]amino]acetic acid,C22H31N5O4
N=C(N)c1ccc(OCCCCCOc2ccc(C(=N)N)cc2)cc1,4-[5-(4-carbamimidoylphenoxy)pentoxy]benzenecarboximidamide,C19H24N4O2
NC(=O)N1c2ccccc2C=Cc2ccccc21,benzo[b][1]benzazepine-11-carboxamide,C15H12N2O
NC(=O)N1c2ccccc2CC(=O)c2ccccc21,5-oxo-6H-benzo[b][1]benzazepine-11-carboxamide,C15H12N2O2
NC(=O)NO,hydroxyurea,CH4N2O2
NC(=O)OCC(COC(N)=O)c1ccccc1,(3-carbamoyloxy-2-phenylpropyl) carbamate,C11H14N2O4
NC(=O)c1ncn([C@@H]2O[C@H](CO)[C@@H](O)[C@H]2O)n1,"1-[(2R,3R,4S,5R)-3,4-dihydroxy-5-(hydroxymethyl)oxolan-2-yl]-1,2,4-triazole-3-carboxamide",C8H12N4O5
NC(N)=Nc1nc(CSCCC(N)=NS(N)(=O)=O)cs1,"3-[[2-(diaminomethylideneamino)-1,3-thiazol-4-yl]methylsulfanyl]-N'-sulfamoylpropanimidamide",C8H15N7O2S3
NC(N)=NCCN1CCCCCCC1,2-[2-(azocan-1-yl)ethyl]guanidine,C10H22N4
NC12CC3CC(CC(C3)C1)C2,adamantan-1-amine,C10H17N
NC1CCN(c2c(F)cc3c(=O)c(C(=O)O)cn(C4CC4)c3c2Cl)C1,7-(3-aminopyrrolidin-1-yl)-8-chloro-1-cyclopropyl-6-fluoro-4-oxoquinoline-3-carboxylic acid,C17H17ClFN3O3
NCC(CC(=O)O)c1ccc(Cl)cc1,4-amino-3-(4-chlorophenyl)butanoic acid,C10H12ClNO2
NCC(O)c1cccc(O)c1,3-(2-amino-1-hydroxyethyl)phenol,C8H11NO2
NCC1(CC(=O)O)CCCCC1,2-[1-(aminomethyl)cyclohexyl]acetic acid,C9H17NO2
NCCCC(N)(C(=O)O)C(F)F,"2,5-diamino-2-(difluoromethyl)pentanoic acid",C6H12F2N2O2
NCCCC[C@H](N[C@@H](CCc1ccccc1)C(=O)O)C(=O)N1CCC[C@H]1C(=O)O,(2S)-1-[(2S)-6-amino-2-[[(1S)-1-carboxy-3-phenylpropyl]amino]hexanoyl]pyrrolidine-2-carboxylic acid,C21H31N3O5
NCC[C@H](O)C(=O)N[C@@H]1C[C@H](N)[C@@H](O[C@H]2O[C@H](CN)CC[C@H]2N)[C@H](O)[C@H]1O[C@H]1O[C@H](CO)[C@@H](O)[C@H](N)[C@H]1O,"(2S)-4-amino-N-[(1R,2S,3S,4R,5S)-5-amino-4-[(2R,3R,6S)-3-amino-6-(aminomethyl)oxan-2-yl]oxy-2-[(2S,3R,4S,5S,6R)-4-amino-3,5-dihydroxy-6-(hydroxymethyl)oxan-2-yl]oxy-3-hydroxycyclohexyl]-2-hydroxybutanamide",C22H44N6O10
NC[C@@H]1O[C@H](O[C@@H]2[C@@H](CO)O[C@@H](O[C@@H]3[C@@H](O)[C@H](N)C[C@H](N)[C@H]3O[C@H]3O[C@H](CO)[C@@H](O)[C@H](O)[C@H]3N)[C@@H]2O)[C@H](N)[C@@H](O)[C@@H]1O,"(2S,3S,4R,5R,6R)-5-amino-2-(aminomethyl)-6-[(2R,3S,4R,5S)-5-[(1R,2R,3S,5R,6S)-3,5-diamino-2-[(2S,3R,4R,5S,6R)-3-amino-4,5-dihydroxy-6-(hydroxymethyl)oxan-2-yl]oxy-6-hydroxycyclohexyl]oxy-4-hydroxy-2-(hydroxymethyl)oxolan-3-yl]oxyoxane-3,4-diol",C23H45N5O14
NCC[C@H](O)C(=O)N[C@@H]1C[C@H](N)[C@@H](O[C@H]2O[C@H](CN)[C@@H](O)[C@H](O)[C@H]2O)[C@H](O)[C@H]1O[C@H]1O[C@H](CO)[C@@H](O)[C@H](N)[C@H]1O,"(2S)-4-amino-N-[(1R,2S,3S,4R,5S)-5-amino-2-[(2S,3R,4S,5S,6R)-4-amino-3,5-dihydroxy-6-(hydroxymethyl)oxan-2-yl]oxy-4-[(2R,3R,4S,5S,6R)-6-(aminomethyl)-3,4,5-trihydroxyoxan-2-yl]oxy-3-hydroxycyclohexyl]-2-hydroxybutanamide",C22H43N5O13
NC[C@H](O)c1ccc(O)c(O)c1,"4-[(1R)-2-amino-1-hydroxyethyl]benzene-1,2-diol",C8H11NO3
NC[C@H]1O[C@H](O[C@@H]2[C@@H](N)C[C@@H](N)[C@H](O[C@H]3O[C@H](CO)[C@@H](O)[C@H](N)[C@H]3O)[C@H]2O)[C@H](N)C[C@@H]1O,"(2S,3R,4S,5S,6R)-4-amino-2-[(1S,2S,3R,4S,6R)-4,6-diamino-3-[(2R,3R,5S,6R)-3-amino-6-(aminomethyl)-5-hydroxyoxan-2-yl]oxy-2-hydroxycyclohexyl]oxy-6-(hydroxymethyl)oxane-3,5-diol",C18H37N5O9
NC[C@H]1O[C@H](O[C@@H]2[C@@H](N)C[C@@H](N)[C@H](O[C@H]3O[C@H](CO)[C@@H](O)[C@H](N)[C@H]3O)[C@H]2O)[C@H](O)[C@@H](O)[C@@H]1O,"(2R,3S,4S,5R,6R)-2-(aminomethyl)-6-[(1R,2R,3S,4R,6S)-4,6-diamino-3-[(2S,3R,4S,5S,6R)-4-amino-3,5-dihydroxy-6-(hydroxymethyl)oxan-2-yl]oxy-2-hydroxycyclohexyl]oxyoxane-3,4,5-triol",C18H36N4O11
NNC(=O)c1ccncc1,pyridine-4-carbohydrazide,C6H7N3O
NNc1nncc2ccccc12,phthalazin-1-ylhydrazine,C8H8N4
NS(=O)(=O)Cc1noc2ccccc12,"1,2-benzoxazol-3-ylmethanesulfonamide",C8H8N2O3S
NS(=O)(=O)c1cc(-c2nn[nH]n2)c(NCc2cccs2)cc1Cl,2-chloro-5-(2H-tetrazol-5-yl)-4-(thiophen-2-ylmethylamino)benzenesulfonamide,C12H11ClN6O2S2
NS(=O)(=O)c1cc(C(=O)O)c(NCc2ccco2)cc1Cl,4-chloro-2-(furan-2-ylmethylamino)-5-sulfamoylbenzoic acid,C12H11ClN2O5S
NS(=O)(=O)c1cc(C(=O)O)cc(N2CCCC2)c1Oc1ccccc1,4-phenoxy-3-pyrrolidin-1-yl-5-sulfamoylbenzoic acid,C17H18N2O5S
NS(=O)(=O)c1cc2c(cc1C(F)(F)F)NC(Cc1ccccc1)NS2(=O)=O,"3-benzyl-1,1-dioxo-6-(trifluoromethyl)-3,4-dihydro-2H-1lambda6,2,4-benzothiadiazine-7-sulfonamide",C15H14F3N3O4S2
NS(=O)(=O)c1cc(C2(O)NC(=O)c3ccccc32)ccc1Cl,2-chloro-5-(1-hydroxy-3-oxo-2H-isoindol-1-yl)benzenesulfonamide,C14H11ClN2O4S
NS(=O)(=O)c1cc2c(cc1C(F)(F)F)NCNS2(=O)=O,"1,1-dioxo-6-(trifluoromethyl)-3,4-dihydro-2H-1lambda6,2,4-benzothiadiazine-7-sulfonamide",C8H8F3N3O4S2
NS(=O)(=O)c1cc2c(cc1Cl)N=C(CSCc1ccccc1)NS2(=O)=O,"3-(benzylsulfanylmethyl)-6-chloro-1,1-dioxo-4H-1lambda6,2,4-benzothiadiazine-7-sulfonamide",C15H14ClN3O4S3
NS(=O)(=O)c1cc2c(cc1Cl)NC(CC1CCCC1)NS2(=O)=O,"6-chloro-3-(cyclopentylmethyl)-1,1-dioxo-3,4-dihydro-2H-1lambda6,2,4-benzothiadiazine-7-sulfonamide",C13H18ClN3O4S2
NS(=O)(=O)c1cc2c(cc1Cl)NC=NS2(=O)=O,"6-chloro-1,1-dioxo-4H-1lambda6,2,4-benzothiadiazine-7-sulfonamide",C7H6ClN3O4S2
NS(=O)(=O)c1cc2c(cc1Cl)NCNS2(=O)=O,"6-chloro-1,1-dioxo-3,4-dihydro-2H-1lambda6,2,4-benzothiadiazine-7-sulfonamide",C7H8ClN3O4S2
N[C@@H](C(=O)N[C@@H]1C(=O)N2C(C(=O)O)=C(Cl)CC[C@H]12)c1ccccc1,"(6R,7S)-7-[[(2R)-2-amino-2-phenylacetyl]amino]-3-chloro-8-oxo-1-azabicyclo[4.2.0]oct-2-ene-2-carboxylic acid",C16H16ClN3O4
N[C@@H](C(=O)N[C@@H]1C(=O)N2C(C(=O)O)=C(CSc3c[nH]nn3)CS[C@H]12)c1ccc(O)cc1,"(6R,7R)-7-[[(2R)-2-amino-2-(4-hydroxyphenyl)acetyl]amino]-8-oxo-3-(2H-triazol-4-ylsulfanylmethyl)-5-thia-1-azabicyclo[4.2.0]oct-2-ene-2-carboxylic acid",C18H18N6O5S2
N[C@@H](C(=O)N[C@@H]1C(=O)N2C(C(=O)O)=C(Cl)CS[C@H]12)c1ccccc1,"(6R,7R)-7-[[(2R)-2-amino-2-phenylacetyl]amino]-3-chloro-8-oxo-5-thia-1-azabicyclo[4.2.0]oct-2-ene-2-carboxylic acid",C15H14ClN3O4S
N[C@@H](CCS)C(=O)O,(2S)-2-amino-4-sulfanylbutanoic acid,C4H9NO2S
N[C@@H](Cc1ccc(N(CCCl)CCCl)cc1)C(=O)O,(2S)-2-amino-3-[4-[bis(2-chloroethyl)amino]phenyl]propanoic acid,C13H18Cl2N2O2
N[C@@H](Cc1ccc(O)c(O)c1)C(=O)O,"(2S)-2-amino-3-(3,4-dihydroxyphenyl)propanoic acid",C9H11NO4
N[C@@H]1CONC1=O,"(4R)-4-amino-1,2-oxazolidin-3-one",C3H6N2O2
N[C@@H]1CN(c2c(F)cc3c(=O)c(C(=O)O)cn([C@@H]4C[C@@H]4F)c3c2Cl)CC12CC2.N[C@@H]1CN(c2c(F)cc3c(=O)c(C(=O)O)cn([C@@H]4C[C@@H]4F)c3c2Cl)CC12CC2.O.O.O,"bis(7-[(7S)-7-amino-5-azaspiro[2.4]heptan-5-yl]-8-chloro-6-fluoro-1-[(1R,2S)-2-fluorocyclopropyl]-4-oxoquinoline-3-carboxylic acid);trihydrate",C38H42Cl2F4N6O9
N[C@H]1C(O)O[C@H](CO)[C@@H](O)[C@@H]1O,"(3R,4R,5S,6R)-3-amino-6-(hydroxymethyl)oxane-2,4,5-triol",C6H13NO5
N[C@H]1[C@@H]2CN(c3nc4c(cc3F)c(=O)c(C(=O)O)cn4-c3ccc(F)cc3F)C[C@H]12,"7-[(1R,5S)-6-amino-3-azabicyclo[3.1.0]hexan-3-yl]-1-(2,4-difluorophenyl)-6-fluoro-4-oxo-1,8-naphthyridine-3-carboxylic acid",C20H15F3N4O3
Nc1[nH]c(=O)ncc1F,6-amino-5-fluoro-1H-pyrimidin-2-one,C4H4FN3O
Nc1c(Br)cc(Br)cc1CN[C@H]1CC[C@H](O)CC1,"4-[(2-amino-3,5-dibromophenyl)methylamino]cyclohexan-1-ol",C13H18Br2N2O
Nc1c2c(nc3ccccc13)CCCC2,"1,2,3,4-tetrahydroacridin-9-amine",C13H14N2
Nc1c(CC(=O)O)cccc1C(=O)c1ccc(Br)cc1,2-[2-amino-3-(4-bromobenzoyl)phenyl]acetic acid,C15H12BrNO3
Nc1cc(-c2ccncc2)c[nH]c1=O,3-amino-5-pyridin-4-yl-1H-pyridin-2-one,C10H9N3O
Nc1cc(N2CCCCC2)nc(N)[n+]1[O-],3-hydroxy-2-imino-6-piperidin-1-ylpyrimidin-4-amine,C9H15N5O
Nc1ccc(S(=O)(=O)Nc2ncccn2)cc1,4-amino-N-pyrimidin-2-ylbenzenesulfonamide,C10H10N4O2S
Nc1ccc(S(=O)(=O)c2ccc(N)cc2)cc1,4-(4-aminophenyl)sulfonylaniline,C12H12N2O2S
Nc1ccn([C@@H]2CS[C@H](CO)O2)c(=O)n1,"4-amino-1-[(2R,5S)-2-(hydroxymethyl)-1,3-oxathiolan-5-yl]pyrimidin-2-one",C8H11N3O3S
Nc1ccn([C@@H]2O[C@H](CO)[C@@H](O)[C@@H]2O)c(=O)n1,"4-amino-1-[(2R,3S,4S,5R)-3,4-dihydroxy-5-(hydroxymethyl)oxolan-2-yl]pyrimidin-2-one",C9H13N3O5
Nc1ccn([C@H]2CC[C@@H](CO)O2)c(=O)n1,"4-amino-1-[(2R,5S)-5-(hydroxymethyl)oxolan-2-yl]pyrimidin-2-one",C9H13N3O3
Nc1nc(=O)c2ncn(CCC(CO)CO)c2[nH]1,2-amino-9-[4-hydroxy-3-(hydroxymethyl)butyl]-1H-purin-6-one,C10H15N5O3
Nc1nc(=O)c2ncn(COCCO)c2[nH]1,2-amino-9-(2-hydroxyethoxymethyl)-1H-purin-6-one,C8H11N5O3
Nc1nc(F)nc2c1ncn2[C@@H]1O[C@H](CO)[C@@H](O)[C@@H]1O,"(2R,3S,4S,5R)-2-(6-amino-2-fluoropurin-9-yl)-5-(hydroxymethyl)oxolane-3,4-diol",C10H12FN5O4
Nc1nc(Cl)nc2c1ncn2[C@H]1C[C@H](O)[C@@H](CO)O1,"(2R,3S,5R)-5-(6-amino-2-chloropurin-9-yl)-2-(hydroxymethyl)oxolan-3-ol",C10H12ClN5O3
Nc1nc(NC2CC2)c2ncn([C@H]3C=C[C@@H](CO)C3)c2n1,"[(1S,4R)-4-[2-amino-6-(cyclopropylamino)purin-9-yl]cyclopent-2-en-1-yl]methanol",C14H18N6O
Nc1nc(N)c2nc(-c3ccccc3)c(N)nc2n1,"6-phenylpteridine-2,4,7-triamine",C12H11N7
Nc1nc2c(ncn2COC(CO)CO)c(=O)[nH]1,"2-amino-9-(1,3-dihydroxypropan-2-yloxymethyl)-1H-purin-6-one",C9H13N5O4
Nc1nc2ccc(OC(F)(F)F)cc2s1,"6-(trifluoromethoxy)-1,3-benzothiazol-2-amine",C8H5F3N2OS
Nc1ncnc2c1ncn2CCOCP(=O)(O)O,2-(6-aminopurin-9-yl)ethoxymethylphosphonic acid,C8H12N5O4P
Nc1ncnc2c1ncn2[C@@H]1O[C@H](CO)[C@@H](O)[C@@H]1O,"(2R,3S,4S,5R)-2-(6-aminopurin-9-yl)-5-(hydroxymethyl)oxolane-3,4-diol",C10H13N5O4
Nc1nnc(-c2cccc(Cl)c2Cl)c(N)n1,"6-(2,3-dichlorophenyl)-1,2,4-triazine-3,5-diamine",C9H7Cl2N5
O=C(C1CCCCC1)N1CC(=O)N2CCc3ccccc3C2C1,"2-(cyclohexanecarbonyl)-3,6,7,11b-tetrahydro-1H-pyrazino[2,1-a]isoquinolin-4-one",C19H24N2O2
O=C(CCCN1CC=C(n2c(=O)[nH]c3ccccc32)CC1)c1ccc(F)cc1,"3-[1-[4-(4-fluorophenyl)-4-oxobutyl]-3,6-dihydro-2H-pyridin-4-yl]-1H-benzimidazol-2-one",C22H22FN3O2
O=C(CCCN1CCC(O)(c2ccc(Cl)cc2)CC1)c1ccc(F)cc1,4-[4-(4-chlorophenyl)-4-hydroxypiperidin-1-yl]-1-(4-fluorophenyl)butan-1-one,C21H23ClFNO2
O=C(CCCN1CCC(n2c(O)nc3ccccc32)CC1)c1ccc(F)cc1,3-[1-[4-(4-fluorophenyl)-4-oxobutyl]piperidin-4-yl]-1H-benzimidazol-2-one,C22H24FN3O2
O=C(NC1CCN(CCc2c[nH]c3ccccc23)CC1)c1ccccc1,N-[1-[2-(1H-indol-3-yl)ethyl]piperidin-4-yl]benzamide,C22H25N3O
O=C(NCC1CCCCN1)c1cc(OCC(F)(F)F)ccc1OCC(F)(F)F,"N-(piperidin-2-ylmethyl)-2,5-bis(2,2,2-trifluoroethoxy)benzamide",C17H20F6N2O3
O=C(NCCN1CCOCC1)c1ccc(Cl)cc1,4-chloro-N-(2-morpholin-4-ylethyl)benzamide,C13H17ClN2O2
O=C(NCCNCC(O)COc1ccc(O)cc1)N1CCOCC1,N-[2-[[2-hydroxy-3-(4-hydroxyphenoxy)propyl]amino]ethyl]morpholine-4-carboxamide,C16H25N3O5
O=C(NCCO[N+](=O)[O-])c1cccnc1,2-(pyridine-3-carbonylamino)ethyl nitrate,C8H9N3O4
O=C(N[C@H](CO)[C@H](O)c1ccc([N+](=O)[O-])cc1)C(Cl)Cl,"2,2-dichloro-N-[(1R,2R)-1,3-dihydroxy-1-(4-nitrophenyl)propan-2-yl]acetamide",C11H12Cl2N2O5
O=C(O)CCC(=O)c1ccc(-c2ccccc2)cc1,4-oxo-4-(4-phenylphenyl)butanoic acid,C16H14O3
O=C(O)CCCC[C@@H]1SC[C@@H]2NC(=O)N[C@H]12,"5-[(3aS,4S,6aR)-2-oxo-1,3,3a,4,6,6a-hexahydrothieno[3,4-d]imidazol-4-yl]pentanoic acid",C10H16N2O3S
O=C(O)CCCc1ccc(N(CCCl)CCCl)cc1,4-[4-[bis(2-chloroethyl)amino]phenyl]butanoic acid,C14H19Cl2NO2
O=C(O)CCc1nc(-c2ccccc2)c(-c2ccccc2)o1,"3-(4,5-diphenyl-1,3-oxazol-2-yl)propanoic acid",C18H15NO3
O=C(O)COCCN1CCN(C(c2ccccc2)c2ccc(Cl)cc2)CC1,2-[2-[4-[(4-chlorophenyl)-phenylmethyl]piperazin-1-yl]ethoxy]acetic acid,C21H25ClN2O3
O=C(O)Cc1ccccc1Nc1c(Cl)cccc1Cl,"2-[2-(2,6-dichloroanilino)phenyl]acetic acid",C14H11Cl2NO2
O=C(O)P(=O)(O)O,phosphonoformic acid,CH3O5P
O=C(O)[C@H](CCc1ccccc1)N[C@H]1CCCN2CCC[C@@H](C(=O)O)N2C1=O,"(4S,7S)-7-[[(1S)-1-carboxy-3-phenylpropyl]amino]-6-oxo-1,2,3,4,7,8,9,10-octahydropyridazino[1,2-a]diazepine-4-carboxylic acid",C20H27N3O5
O=C(O)c1cc(-c2ccc(F)cc2F)ccc1O,"5-(2,4-difluorophenyl)-2-hydroxybenzoic acid",C13H8F2O3
O=C(O)c1cc(/N=N/c2ccc(O)c(C(=O)O)c2)ccc1O,5-[(3-carboxy-4-hydroxyphenyl)diazenyl]-2-hydroxybenzoic acid,C14H10N2O6
O=C(O)c1cc(/N=N/c2ccc(S(=O)(=O)Nc3ccccn3)cc2)ccc1O,2-hydroxy-5-[[4-(pyridin-2-ylsulfamoyl)phenyl]diazenyl]benzoic acid,C18H14N4O5S
O=C(O[C@@H]1C[C@@H]2C[C@H]3C[C@H](C1)N2CC3=O)c1c[nH]c2ccccc12,"[(3S,7R)-10-oxo-8-azatricyclo[5.3.1.03,8]undecan-5-yl] 1H-indole-3-carboxylate",C19H20N2O3
O=C(O)c1cn(C2CC2)c2cc(N3CCNCC3)c(F)cc2c1=O,1-cyclopropyl-6-fluoro-4-oxo-7-piperazin-1-ylquinoline-3-carboxylic acid,C17H18FN3O3
O=C(c1ccc(F)cc1)C1CCN(CCn2c(=O)[nH]c3ccccc3c2=O)CC1,"3-[2-[4-(4-fluorobenzoyl)piperidin-1-yl]ethyl]-1H-quinazoline-2,4-dione",C22H22FN3O3
O=C(c1ccc(OCCN2CCCCC2)cc1)c1c(-c2ccc(O)cc2)sc2cc(O)ccc12,[6-hydroxy-2-(4-hydroxyphenyl)-1-benzothiophen-3-yl]-[4-(2-piperidin-1-ylethoxy)phenyl]methanone,C28H27NO4S
O=C(c1ccccc1)c1ccc2n1CCC2C(=O)O,"5-benzoyl-2,3-dihydro-1H-pyrrolizine-1-carboxylic acid",C15H13NO3
O=C1C(CCS(=O)c2ccccc2)C(=O)N(c2ccccc2)N1c1ccccc1,"4-[2-(benzenesulfinyl)ethyl]-1,2-diphenylpyrazolidine-3,5-dione",C23H20N2O3S
O=C1C(O)=C([C@H]2CC[C@H](c3ccc(Cl)cc3)CC2)C(=O)c2ccccc21,"3-[4-(4-chlorophenyl)cyclohexyl]-4-hydroxynaphthalene-1,2-dione",C22H19ClO3
O=C1CC2(CCCC2)CC(=O)N1CCCCN1CCN(c2ncccn2)CC1,"8-[4-(4-pyrimidin-2-ylpiperazin-1-yl)butyl]-8-azaspiro[4.5]decane-7,9-dione",C21H31N5O2
O=C1CC[C@@]2(O)[C@H]3Cc4ccc(O)c5c4[C@@]2(CCN3CC2CC2)[C@H]1O5,"(4R,4aS,7aR,12bS)-3-(cyclopropylmethyl)-4a,9-dihydroxy-2,4,5,6,7a,13-hexahydro-1H-4,12-methanobenzofuro[3,2-e]isoquinolin-7-one",C20H23NO4
O=C1CN(/N=C/c2ccc([N+](=O)[O-])o2)C(=O)N1,"1-[(E)-(5-nitrofuran-2-yl)methylideneamino]imidazolidine-2,4-dione",C8H6N4O5
O=C1CN=C(c2ccccc2)c2cc([N+](=O)[O-])ccc2N1,"7-nitro-5-phenyl-1,3-dihydro-1,4-benzodiazepin-2-one",C15H11N3O3
O=C1Cc2cc(CCN3CCN(c4nsc5ccccc45)CC3)c(Cl)cc2N1,"5-[2-[4-(1,2-benzothiazol-3-yl)piperazin-1-yl]ethyl]-6-chloro-1,3-dihydroindol-2-one",C21H21ClN4OS
O=C1CN=C(c2ccccc2Cl)c2cc([N+](=O)[O-])ccc2N1,"5-(2-chlorophenyl)-7-nitro-1,3-dihydro-1,4-benzodiazepin-2-one",C15H10ClN3O3
O=C1NCC2(CCN(CCc3ccccc3)CC2)O1,"8-(2-phenylethyl)-1-oxa-3,8-diazaspiro[4.5]decan-2-one",C15H20N2O2
O=C1NC(=O)C(c2ccccc2)(c2ccccc2)N1,"5,5-diphenylimidazolidine-2,4-dione",C15H12N2O2
O=C1NS(=O)(=O)c2ccccc21,"1,1-dioxo-1,2-benzothiazol-3-one",C7H5NO3S
O=C1Nc2ccc(Cl)cc2C(c2ccccc2)=NC1O,"7-chloro-3-hydroxy-5-phenyl-1,3-dihydro-1,4-benzodiazepin-2-one",C15H11ClN2O2
O=C1Nc2ccc(Cl)cc2C(c2ccccc2Cl)=NC1O,"7-chloro-5-(2-chlorophenyl)-3-hydroxy-1,3-dihydro-1,4-benzodiazepin-2-one",C15H10Cl2N2O2
O=C1OC2(c3ccc(O)cc3Oc3cc(O)ccc32)c2ccccc21,"3',6'-dihydroxyspiro[2-benzofuran-3,9'-xanthene]-1-one",C20H12O5
O=P1(N(CCCl)CCCl)NCCCO1,"N,N-bis(2-chloroethyl)-2-oxo-1,3,2lambda5-oxazaphosphinan-2-amine",C7H15Cl2N2O2P
O=C1c2ccccc2C(=O)C1c1ccccc1,"2-phenylindene-1,3-dione",C15H10O2
O=P1(NCCCl)OCCCN1CCCl,"N,3-bis(2-chloroethyl)-2-oxo-1,3,2lambda5-oxazaphosphinan-2-amine",C7H15Cl2N2O2P
O=c1[nH]c2ccccc2n1C1CCN(CCCC(c2ccc(F)cc2)c2ccc(F)cc2)CC1,"3-[1-[4,4-bis(4-fluorophenyl)butyl]piperidin-4-yl]-1H-benzimidazol-2-one",C28H29F2N3O
O=c1[nH]c2ccccc2n1CCCN1CCC(n2c(=O)[nH]c3cc(Cl)ccc32)CC1,6-chloro-3-[1-[3-(2-oxo-3H-benzimidazol-1-yl)propyl]piperidin-4-yl]-1H-benzimidazol-2-one,C22H24ClN5O2
O=c1ccc2ccccc2o1,chromen-2-one,C9H6O2
O=c1[nH]cc(F)c(=O)[nH]1,"5-fluoro-1H-pyrimidine-2,4-dione",C4H3FN2O2
O=c1ccn([C@@H]2O[C@H](CO)[C@@H](O)[C@H]2O)c(=O)[nH]1,"1-[(2R,3R,4S,5R)-3,4-dihydroxy-5-(hydroxymethyl)oxolan-2-yl]pyrimidine-2,4-dione",C9H12N2O6
O=c1n(CCCN2CCN(c3cccc(Cl)c3)CC2)nc2ccccn12,"2-[3-[4-(3-chlorophenyl)piperazin-1-yl]propyl]-[1,2,4]triazolo[4,3-a]pyridin-3-one",C19H22ClN5O
O=c1nc[nH]c2c1ncn2[C@H]1CC[C@@H](CO)O1,"9-[(2R,5S)-5-(hydroxymethyl)oxolan-2-yl]-1H-purin-6-one",C10H12N4O3
OC(CCN1CCCCC1)(c1ccccc1)C1CC2C=CC1C2,1-(2-bicyclo[2.2.1]hept-5-enyl)-1-phenyl-3-piperidin-1-ylpropan-1-ol,C21H29NO
OC(CCN1CCCCC1)(c1ccccc1)C1CCCCC1,1-cyclohexyl-1-phenyl-3-piperidin-1-ylpropan-1-ol,C20H31NO
OC(CCN1CCCC1)(c1ccccc1)C1CCCCC1,1-cyclohexyl-1-phenyl-3-pyrrolidin-1-ylpropan-1-ol,C19H29NO
OC(Cn1cncn1)(Cn1cncn1)c1ccc(F)cc1F,"2-(2,4-difluorophenyl)-1,3-bis(1,2,4-triazol-1-yl)propan-2-ol",C13H12F2N6O
OC(CNCC(O)C1CCc2cc(F)ccc2O1)C1CCc2cc(F)ccc2O1,"1-(6-fluoro-3,4-dihydro-2H-chromen-2-yl)-2-[[2-(6-fluoro-3,4-dihydro-2H-chromen-2-yl)-2-hydroxyethyl]amino]ethanol",C22H25F2NO4
OC(c1cc(C(F)(F)F)nc2c(C(F)(F)F)cccc12)C1CCCCN1,"[2,8-bis(trifluoromethyl)quinolin-4-yl]-piperidin-2-ylmethanol",C17H16F6N2O
OCC(S)CS,"2,3-bis(sulfanyl)propan-1-ol",C3H8OS2
OCCN(CCO)c1nc(N2CCCCC2)c2nc(N(CCO)CCO)nc(N3CCCCC3)c2n1,"2-[[2-[bis(2-hydroxyethyl)amino]-4,8-di(piperidin-1-yl)pyrimido[5,4-d]pyrimidin-6-yl]-(2-hydroxyethyl)amino]ethanol",C24H40N8O4
OCCN1CCN(CC/C=C2/c3ccccc3Sc3ccc(C(F)(F)F)cc32)CC1,2-[4-[(3Z)-3-[2-(trifluoromethyl)thioxanthen-9-ylidene]propyl]piperazin-1-yl]ethanol,C23H25F3N2OS
OCCN1CCN(CCCN2c3ccccc3Sc3ccc(C(F)(F)F)cc32)CC1,2-[4-[3-[2-(trifluoromethyl)phenothiazin-10-yl]propyl]piperazin-1-yl]ethanol,C22H26F3N3OS
OCCN1CCN(CCCN2c3ccccc3Sc3ccc(Cl)cc32)CC1,2-[4-[3-(2-chlorophenothiazin-10-yl)propyl]piperazin-1-yl]ethanol,C21H26ClN3OS
OC[C@@H](O)[C@@H](O)[C@H](O)[C@H](O)CO,"(2R,3R,4R,5R)-hexane-1,2,3,4,5,6-hexol",C6H14O6
OCCOCCN1CCN(C2=Nc3ccccc3Sc3ccccc32)CC1,"2-[2-(4-benzo[b][1,4]benzothiazepin-6-ylpiperazin-1-yl)ethoxy]ethanol",C21H25N3O2S
OC[C@@H]1O[C@@](O)(CO)[C@H](O)[C@H]1O,"(2S,3R,4R,5S)-2,5-bis(hydroxymethyl)oxolane-2,3,4-triol",C6H12O6
OC[C@H]1O[C@](O)(CO)[C@@H](O)[C@@H]1O[C@@H]1O[C@H](CO)[C@H](O)[C@H](O)[C@H]1O,"(2S,3R,4S,5R,6R)-2-[(2R,3S,4S,5R)-4,5-dihydroxy-2,5-bis(hydroxymethyl)oxolan-3-yl]oxy-6-(hydroxymethyl)oxane-3,4,5-triol",C12H22O11
Oc1c(Cl)cc(Cl)c2cccnc12,"5,7-dichloroquinolin-8-ol",C9H5Cl2NO
Oc1ccc2c3c1O[C@H]1[C@@H](O)CC[C@@]4(O)[C@@H](C2)N(CC2CCC2)CC[C@]314,"(4R,4aS,7S,7aR,12bS)-3-(cyclobutylmethyl)-1,2,4,5,6,7,7a,13-octahydro-4,12-methanobenzofuro[3,2-e]isoquinoline-4a,7,9-triol",C21H27NO4
Oc1ncnc2[nH]ncc12,"1,5-dihydropyrazolo[5,4-d]pyrimidin-4-one",C5H4N4O
S=c1nc[nH]c2nc[nH]c12,"3,7-dihydropurine-6-thione",C5H4N4S
c1ccc(C2(N3CCCCC3)CCCCC2)cc1,1-(1-phenylcyclohexyl)piperidine,C17H25N
c1ccc(C2(c3ccccc3)CC2C2=NCCN2)cc1,"2-(2,2-diphenylcyclopropyl)-4,5-dihydro-1H-imidazole",C18H18N2
c1ccc([C@H]2CN3CCSC3=N2)cc1,"(6S)-6-phenyl-2,3,5,6-tetrahydroimidazo[2,1-b][1,3]thiazole",C11H12N2S
