SMILES,covered_by_medex,fact_count
O=C(CCCN1CCC(O)(c2ccc(Cl)cc2)CC1)c1ccc(F)cc1,True,4995
O=C1CC2(CCCC2)CC(=O)N1CCCCN1CCN(c2ncccn2)CC1,True,1368
C#Cc1cccc(Nc2ncnc3cc(OCCOC)c(OCCOC)cc23)c1,True,1802
CCCCc1oc2ccccc2c1C(=O)c1cc(I)c(OCCN(CC)CC)c(I)c1,True,1421
CC(C)c1nc(CN(C)C(=O)N[C@H](C(=O)N[C@@H](Cc2ccccc2)C[C@H](O)[C@H](Cc2ccccc2)NC(=O)OCc2cncs2)C(C)C)cs1,True,2007
CN1CCC[C@@H]1Cc1c[nH]c2ccc(CCS(=O)(=O)c3ccccc3)cc12,True,139
CN(C)CCC(c1ccc(Cl)cc1)c1ccccn1,True,481
CN1C[C@H](C(=O)N[C@]2(C)O[C@@]3(O)[C@@H]4CCCN4C(=O)[C@H](Cc4ccccc4)N3C2=O)C[C@@H]2c3cccc4[nH]cc(c34)C[C@H]21,True,600
Nc1ncnc2c1ncn2CCOCP(=O)(O)O,True,696
CN1[C@H]2CC[C@@H]1C[C@H](OC(=O)C(CO)c1ccccc1)C2,False,0
CCOC(=O)[C@H](CCc1ccccc1)N[C@@H](C)C(=O)N(CC(=O)O)C1Cc2ccccc2C1,True,69
CC(C)(C)NC(=O)[C@@H]1C[C@@H]2CCCC[C@@H]2CN1C[C@@H](O)[C@H](Cc1ccccc1)NC(=O)[C@H](CC(N)=O)NC(=O)c1ccc2ccccc2n1,True,600
Cc1ccc(C(=O)c2cc(O)c(O)c([N+](=O)[O-])c2)cc1,True,472
CC(C)(C)c1ccc(C(O)CCCN2CCC(C(O)(c3ccccc3)c3ccccc3)CC2)cc1,True,579
CCCc1nn(C)c2c(=O)[nH]c(-c3cc(S(=O)(=O)N4CCN(C)CC4)ccc3OCC)nc12,True,2101
CCN(C(C)=O)c1cccc(-c2ccnc3c(C#N)cnn23)c1,True,321
NC(N)=Nc1nc(CSCCC(N)=NS(N)(=O)=O)cs1,True,4
COCC(=O)O[C@]1(CCN(C)CCCc2nc3ccccc3[nH]2)CCc2cc(F)ccc2[C@@H]1C(C)C,True,398
Nc1ccn([C@H]2CC[C@@H](CO)O2)c(=O)n1,True,678
COc1ccc(CCNCC(O)COc2cccc(C)c2)cc1OC,True,32
COC(=O)[C@H]1[C@@H](OC(=O)c2ccccc2)C[C@@H]2CC[C@H]1N2C,True,9801
CC(C)C[C@H]1C(=O)N2CCC[C@H]2[C@]2(O)O[C@](NC(=O)[C@@H]3C=C4c5cccc6[nH]c(Br)c(c56)C[C@H]4N(C)C3)(C(C)C)C(=O)N12,True,1293
OC[C@@H]1O[C@@](O)(CO)[C@H](O)[C@H]1O,True,5
Cc1ncsc1CCCl,True,90
C[C@@H](O)[C@H]1C(=O)N2C(C(=O)O)=C(S[C@@H]3CN[C@H](C(=O)N(C)C)C3)[C@H](C)[C@H]12,True,1239
N#Cc1ccccc1OCC(O)CNCCNC(=O)Cc1ccc(O)cc1,True,8
Cn1nnc2c(C(N)=O)ncn2c1=O,True,3578
N=C(N)NC(=O)c1nc(Cl)c(N)nc1N,True,14
COc1nc(C(Cl)(Cl)Cl)c(Cl)c(OC)c1Cl,True,215
Nc1nc(=O)c2ncn(CCC(CO)CO)c2[nH]1,True,1
COc1cc2ncnc(Nc3ccc(F)c(Cl)c3)c2cc1OCCCN1CCOCC1,True,2027
COc1ccc2[nH]cc(CCNC(C)=O)c2c1,True,8650
CNC[C@H](O)c1cccc(O)c1,True,3112
CCCC(C)C1(CC)C(=O)NC(=O)NC1=O,True,3984
Cc1ccc(-c2nc3ccc(C)cn3c2CC(=O)N(C)C)cc1,True,1335
CCN1CC(CCN2CCOCC2)C(c2ccccc2)(c2ccccc2)C1=O,True,191
CC(=O)S[C@@H]1CC2=CC(=O)CC[C@]2(C)[C@H]2CC[C@@]3(C)[C@@H](CC[C@@]34CCC(=O)O4)[C@@H]21,False,0
CC(C)(C)NC[C@H](O)COc1ccccc1C1CCCC1,True,151
CC1=C(/C=C/C(C)=C/C=C/C(C)=C\C(=O)O)C(C)(C)CCC1,True,614
COC(=O)[C@H]1[C@H]2C[C@@H]3c4[nH]c5cc(OC)ccc5c4CCN3C[C@H]2C[C@@H](OC(=O)c2cc(OC)c(OC)c(OC)c2)[C@@H]1OC,True,4007
CC[C@H]1OC(=O)[C@H](C)C(=O)[C@H](C)[C@@H](O[C@@H]2O[C@H](C)C[C@H](N(C)C)[C@H]2O)[C@](C)(OC)C[C@@H](C)C(=O)[C@H](C)[C@H]2N(CCCCn3cnc(-c4cccnc4)c3)C(=O)O[C@]12C,True,617
CC[C@@]1(O)C(=O)OCc2c1cc1n(c2=O)Cc2cc3c(CN(C)C)c(O)ccc3nc2-1,True,1290
Nc1cc(-c2ccncc2)c[nH]c1=O,True,252
CCCc1c2oc(C(=O)O)cc(=O)c2cc2c(=O)cc(C(=O)O)n(CC)c12,True,80
NNc1nncc2ccccc12,True,1422
C[C@H]1c2cccc(O)c2C(=O)C2=C(O)[C@]3(O)C(=O)C(C(N)=O)=C(O)[C@@H](N(C)C)[C@@H]3[C@@H](O)[C@@H]21,False,0
Nc1nc(Cl)nc2c1ncn2[C@H]1C[C@H](O)[C@@H](CO)O1,True,888
Cc1cccc(C)c1OCC(C)N,True,494
C[C@H](CS)C(=O)N1CCC[C@H]1C(=O)O,True,3744
CN(C)C(=O)Oc1cccc([N+](C)(C)C)c1,True,1205
OCCOCCN1CCN(C2=Nc3ccccc3Sc3ccccc32)CC1,True,1232
O=C(CCCN1CCC(n2c(O)nc3ccccc32)CC1)c1ccc(F)cc1,False,0
COc1cc2nc(N(C)CCCNC(=O)C3CCCO3)nc(N)c2cc1OC,True,85
CN1CCN(CCCN2c3ccccc3Sc3ccc(Cl)cc32)CC1,True,380
NC(=O)N1c2ccccc2C=Cc2ccccc21,True,4349
Nc1nc(=O)c2ncn(COCCO)c2[nH]1,True,6
CN1CCN(C(=O)OC2c3nccnc3C(=O)N2c2ccc(Cl)cn2)CC1,True,634
N#Cc1ccc(C(c2ccc(C#N)cc2)n2cncn2)cc1,True,485
NS(=O)(=O)c1cc(-c2nn[nH]n2)c(NCc2cccs2)cc1Cl,True,138
CCC(=O)N(c1ccccc1)C1(COC)CCN(CCn2nnn(CC)c2=O)CC1,True,424
CCN(CC)C(=O)Nc1ccc(OCC(O)CNC(C)(C)C)c(C(C)=O)c1,True,262
CCOc1ccc(NC(C)=O)cc1,True,1618
COC(=O)C1=C(C)NC(C)=C(C(=O)O[C@H]2CCN(Cc3ccccc3)C2)[C@H]1c1cccc([N+](=O)[O-])c1,True,47
CCN(CC)C(=O)/C(C#N)=C/c1cc(O)c(O)c([N+](=O)[O-])c1,True,354
CO[C@@H]1[C@@H](O[C@@H]2O[C@H](C)[C@@H](O[C@H]3C[C@@](C)(O)[C@@H](O)[C@H](C)O3)[C@H](N(C)C)[C@H]2O)[C@@H](CC=O)C[C@@H](C)[C@@H](O[C@H]2CC[C@H](N(C)C)[C@H](C)O2)/C=C/C=C/C[C@@H](C)OC(=O)C[C@H]1O,True,1
CCOc1ccc(/C=C2\NCCc3cc(OCC)c(OCC)cc32)cc1OCC,True,64
O=c1nc[nH]c2c1ncn2[C@H]1CC[C@@H](CO)O1,False,0
Cc1ccc(C(=O)c2ccc(CC(=O)O)n2C)cc1,True,234
CN(C)CCCN1c2ccccc2CCc2ccc(Cl)cc21,True,887
O=C1c2ccccc2C(=O)C1c1ccccc1,True,82
CN1CCN2c3ncccc3Cc3ccccc3C2C1,True,543
OCCN1CCN(CCCN2c3ccccc3Sc3ccc(C(F)(F)F)cc32)CC1,True,650
CCCCCCCN(CC)CCCC(O)c1ccc(NS(C)(=O)=O)cc1,True,99
CC(C)(C)NCC(O)c1cc(O)cc(O)c1,True,1050
Cc1nc2n(c(=O)c1CCN1CCC(c3noc4cc(F)ccc34)CC1)CCCC2,True,1409
CN(CCOc1ccc(NS(C)(=O)=O)cc1)CCc1ccc(NS(C)(=O)=O)cc1,True,479
CC1(C)S[C@@H]2[C@H](NC(=O)[C@H](NC(=O)N3CCNC3=O)c3ccccc3)C(=O)N2[C@H]1C(=O)O,True,187
CCc1ccc(CCOc2ccc(CC3SC(=O)NC3=O)cc2)nc1,True,1385
C=CCN1CC[C@]23c4c5ccc(O)c4O[C@H]2C(=O)CC[C@@]3(O)[C@H]1C5,True,5572
CCOC(=O)C1=C(C)NC(C)=C(C(=O)OCC)C1c1ccccc1/C=C/C(=O)OC(C)(C)C,True,103
CCCCC1=NC2(CCCC2)C(=O)N1Cc1ccc(-c2ccccc2-c2nn[nH]n2)cc1,True,508
Nc1nc(NC2CC2)c2ncn([C@H]3C=C[C@@H](CO)C3)c2n1,True,662
OC(c1cc(C(F)(F)F)nc2c(C(F)(F)F)cccc12)C1CCCCN1,True,4
CNC(=C[N+](=O)[O-])NCCSCc1csc(CN(C)C)n1,True,176
COc1ccc(C(CN(C)C)C2(O)CCCCC2)cc1,True,1285
C=C1/C(=C\C=C2/CCC[C@@]3(C)[C@H]2CC[C@@H]3[C@H](C)CCCC(C)(C)O)C[C@@H](O)C[C@@H]1O,False,0
CC(CN1CCN(CCOCCO)CC1)CN1c2ccccc2Sc2ccccc21,True,21
NC[C@@H]1O[C@H](O[C@@H]2[C@@H](CO)O[C@@H](O[C@@H]3[C@@H](O)[C@H](N)C[C@H](N)[C@H]3O[C@H]3O[C@H](CO)[C@@H](O)[C@H](O)[C@H]3N)[C@@H]2O)[C@H](N)[C@@H](O)[C@@H]1O,False,0
CC(C)(C(=O)O)c1ccc(C(O)CCCN2CCC(C(O)(c3ccccc3)c3ccccc3)CC2)cc1,True,395
CC(C(=O)O)c1cccc(C(=O)c2ccccc2)c1,True,1872
Cc1nnc2n1-c1ccc(Cl)cc1C(c1ccccc1)=NC2,True,1473
Cc1[nH]cnc1CN1CCc2c(c3ccccc3n2C)C1=O,True,245
CCOC(=O)[C@H](CCc1ccccc1)N[C@@H](C)C(=O)N1[C@H](C(=O)O)C[C@@H]2CCC[C@@H]21,True,429
O=C(c1ccc(OCCN2CCCCC2)cc1)c1c(-c2ccc(O)cc2)sc2cc(O)ccc12,True,1598
COC(=O)C(c1ccccc1)C1CCCCN1,True,1563
CN(C)CC/C=C1/c2ccccc2Sc2ccc(Cl)cc21,True,189
C[C@H]1[C@H](NC(=O)/C(=N\OC(C)(C)C(=O)O)c2csc([NH3+])n2)C(=O)N1S(=O)(=O)[O-],False,0
C[C@H](N)[C@H](O)c1ccccc1,True,413
CCC(CO)NC(=O)[C@@H]1C=C2c3cccc4c3c(cn4C)C[C@H]2N(C)C1,True,9
CCCCNC(=O)NS(=O)(=O)c1ccc(C)cc1,True,1611
C[C@H](CN1CCOCC1)C(C(=O)N1CCCC1)(c1ccccc1)c1ccccc1,True,74
CNCC[C@@H](Oc1ccccc1C)c1ccccc1,True,854
CN1CCc2cccc3c2[C@H]1Cc1ccc(O)c(O)c1-3,True,2902
O=c1[nH]c2ccccc2n1C1CCN(CCCC(c2ccc(F)cc2)c2ccc(F)cc2)CC1,True,652
CCOC(=O)[C@H](CCc1ccccc1)N[C@H]1CCc2ccccc2N(CC(=O)O)C1=O,True,222
NCC[C@H](O)C(=O)N[C@@H]1C[C@H](N)[C@@H](O[C@H]2O[C@H](CN)[C@@H](O)[C@H](O)[C@H]2O)[C@H](O)[C@H]1O[C@H]1O[C@H](CO)[C@@H](O)[C@H](N)[C@H]1O,True,1485
CC[C@H](C)C(=O)O[C@H]1C[C@@H](C)C=C2C=C[C@H](C)[C@H](CC[C@@H]3C[C@@H](O)CC(=O)O3)[C@H]21,True,2853
CN(C)[C@@H]1C(O)=C(C(N)=O)C(=O)[C@@]2(O)C(O)=C3C(=O)c4c(O)cccc4[C@@](C)(O)[C@H]3C[C@@H]12,False,0
CC1(C)S[C@@H]2[C@H](NC(=O)[C@H](N=[N+]=[N-])c3ccccc3)C(=O)N2[C@H]1C(=O)O,True,140
CC[C@H]1OC(=O)[C@H](C)[C@@H](O[C@H]2C[C@@](C)(OC)[C@@H](O)[C@H](C)O2)[C@H](C)[C@@H](O[C@@H]2O[C@H](C)C[C@H](N(C)C)[C@H]2O)[C@](C)(O)C[C@@H](C)C(=NOCOCCOC)[C@H](C)[C@@H](O)[C@]1(C)O,True,500
COc1ccc2c(c1)c(CC(=O)O)c(C)n2C(=O)c1ccc(Cl)cc1,True,12583
CN1C(C(=O)Nc2ccccn2)=C(O)c2ccccc2S1(=O)=O,True,1278
CC(=O)[C@H]1CC[C@H]2[C@@H]3CCC4=CC(=O)CC[C@]4(C)[C@H]3CC[C@]12C,True,12943
CC(=O)O[C@H]1C[C@@H]2CC[C@@H]3[C@H](CC[C@@]4(C)[C@H]3C[C@H]([N+]3(C)CCCCC3)[C@@H]4OC(C)=O)[C@@]2(C)C[C@@H]1N1CCCCC1,True,476
Cc1onc(-c2ccccc2)c1C(=O)N[C@@H]1C(=O)N2[C@@H](C(=O)O)C(C)(C)S[C@H]12,False,0
CCOC(=O)C1=C(C)NC(C)=C(C(=O)OC)C1c1cccc([N+](=O)[O-])c1,True,667
CCn1cc(C(=O)O)c(=O)c2cc(F)c(N3CCNCC3)cc21,True,1285
Cn1c(=O)c2[nH]cnc2n(C)c1=O,True,6471
CC(C)(C#N)c1cc(Cn2cncn2)cc(C(C)(C)C#N)c1,True,442
CCN1CCCC1CNC(=O)c1cc(S(=O)(=O)CC)c(N)cc1OC,True,310
CC(=O)OCC(CCn1cnc2cnc(N)nc21)COC(C)=O,True,514
C#CC1(O)CCC2C3CCC4=CC(=O)CCC4C3CCC21CC,False,0
COc1cc2c(N)nc(N3CCN(C(=O)OCC(C)(C)O)CC3)nc2c(OC)c1OC,True,52
Cc1ccsc1C(=CCCN1CCC[C@@H](C(=O)O)C1)c1sccc1C,True,476
O=C(NCC1CCCCN1)c1cc(OCC(F)(F)F)ccc1OCC(F)(F)F,True,408
C#C[C@]1(O)CC[C@H]2[C@@H]3CCC4=CCCC[C@@H]4[C@H]3CC[C@@]21C,True,114
CC(=O)CCCCn1c(=O)c2c(ncn2C)n(C)c1=O,True,1100
O=C1C(O)=C([C@H]2CC[C@H](c3ccc(Cl)cc3)CC2)C(=O)c2ccccc21,True,13
NC12CC3CC(CC(C3)C1)C2,True,1301
COc1ccc2c3c1O[C@H]1C(=O)CC[C@@]4(O)[C@@H](C2)N(C)CC[C@]314,True,1407
CN(C)CCCOc1nn(Cc2ccccc2)c2ccccc12,True,306
CN(C)CCN(Cc1cccs1)c1ccccn1,True,131
C[C@@H]1C[C@H]2[C@@H]3C[C@H](F)C4=CC(=O)C=C[C@]4(C)[C@H]3[C@@H](O)C[C@]2(C)[C@H]1C(=O)CO,True,64
O=C(O)c1cc(/N=N/c2ccc(S(=O)(=O)Nc3ccccn3)cc2)ccc1O,False,0
CN(C)CCCN1c2ccccc2Sc2ccc(Cl)cc21,True,4637
CCOC(=O)CN[C@@H](C(=O)N1CC[C@H]1C(=O)NCc1ccc(/C(N)=N/O)cc1)C1CCCCC1,True,4
CC(C)N(CCC(C(N)=O)(c1ccccc1)c1ccccn1)C(C)C,True,463
CC[C@H](C)C(=O)O[C@H]1C[C@H](O)C=C2C=C[C@H](C)[C@H](CC[C@@H](O)C[C@@H](O)CC(=O)O)[C@H]21,True,1089
CC(C)COCC(CN(Cc1ccccc1)c1ccccc1)N1CCCC1,True,383
CCOC(=O)n1ccn(C)c1=S,True,136
CC(C)NCC(O)COc1ccc(COCCOC(C)C)cc1,True,170
Cc1cnc(NC(=O)C2=C(O)c3ccccc3S(=O)(=O)N2C)s1,True,753
O=C(O)COCCN1CCN(C(c2ccccc2)c2ccc(Cl)cc2)CC1,True,520
O=C1NC(=O)C(c2ccccc2)(c2ccccc2)N1,True,3559
CNCCCC1c2ccccc2C=Cc2ccccc21,True,165
Nc1nc2c(ncn2COC(CO)CO)c(=O)[nH]1,True,1962
C=CC1=C(C(=O)O)N2C(=O)[C@@H](NC(=O)/C(=N\OCC(=O)O)c3csc(N)n3)[C@H]2SC1,True,410
CCC(=O)C1(c2cccc(O)c2)CCN(C)CC1,True,313
CO[C@H]1/C=C/O[C@@]2(C)Oc3c(C)c(O)c4c(c3C2=O)C2=NC3(CCN(CC(C)C)CC3)NC2=C(NC(=O)/C(C)=C\C=C\[C@H](C)[C@H](O)[C@@H](C)[C@@H](O)[C@@H](C)[C@H](OC(C)=O)[C@@H]1C)C4=O,False,0
N=C(N)c1ccc(CNC(=O)[C@@H]2CCN2C(=O)[C@H](NCC(=O)O)C2CCCCC2)cc1,True,184
CN(C)CCOC1=Cc2ccccc2Sc2ccc(Cl)cc21,True,245
CN[C@@H](C)[C@@H](O)c1ccccc1,True,962
O=C(O[C@@H]1C[C@@H]2C[C@H]3C[C@H](C1)N2CC3=O)c1c[nH]c2ccccc12,False,0
CC(C)[N+]1(C)[C@H]2CC[C@@H]1C[C@H](OC(=O)C(CO)c1ccccc1)C2,False,0
Nc1nc2ccc(OC(F)(F)F)cc2s1,True,640
Clc1ccc(COC(Cn2ccnc2)c2ccc(Cl)cc2Cl)c(Cl)c1,True,1581
O=C1CN(/N=C/c2ccc([N+](=O)[O-])o2)C(=O)N1,True,996
CCC(=O)C(CC(C)N(C)C)(c1ccccc1)c1ccccc1,True,3373
CN(C)CCOc1ccc(/C(=C(/CCCl)c2ccccc2)c2ccccc2)cc1,True,673
CN1CCOC(c2ccccc2)c2ccccc2C1,True,264
Cc1nnc2n1-c1sc(Br)cc1C(c1ccccc1Cl)=NC2,True,190
Cc1nnc(SCC2=C(C(=O)O)N3C(=O)[C@@H](NC(=O)Cn4cnnn4)[C@H]3SC2)s1,True,649
O=C1NS(=O)(=O)c2ccccc21,True,1544
CN1C(=O)C(O)N=C(c2ccccc2Cl)c2cc(Cl)ccc21,True,291
NCC[C@H](O)C(=O)N[C@@H]1C[C@H](N)[C@@H](O[C@H]2O[C@H](CN)CC[C@H]2N)[C@H](O)[C@H]1O[C@H]1O[C@H](CO)[C@@H](O)[C@H](N)[C@H]1O,True,295
CN[C@@H]1[C@H](O[C@H]2[C@H](O[C@@H]3[C@@H](NC(=N)N)[C@H](O)[C@@H](NC(=N)N)[C@H](O)[C@H]3O)O[C@@H](C)[C@]2(O)C=O)O[C@@H](CO)[C@H](O)[C@H]1O,False,0
CC(=O)OCC1=C(C(=O)O)N2C(=O)[C@@H](NC(=O)CC#N)[C@H]2SC1,True,37
CNCCCC12CCC(c3ccccc31)c1ccccc12,True,480
CO/N=C(\C(=O)N[C@@H]1C(=O)N2C(C(=O)O)=C(CSc3nc(=O)c(=O)[nH]n3C)CS[C@H]12)c1csc(N)n1,True,1525
CC[C@H]1OC(=O)[C@H](C)[C@@H](O[C@H]2C[C@@](C)(OC)[C@@H](O)[C@H](C)O2)[C@H](C)[C@@H](O[C@@H]2O[C@H](C)C[C@H](N(C)C)[C@H]2O)[C@](C)(O)C[C@@H](C)[C@@H]2N[C@@H](COCCOC)O[C@H]([C@H]2C)[C@]1(C)O,True,112
CC(=O)N[C@@H]1[C@@H](N=C(N)N)C=C(C(=O)O)O[C@H]1[C@H](O)[C@H](O)CO,False,0
CC(C)(C)NC(=O)[C@H]1CC[C@H]2[C@@H]3CC[C@H]4NC(=O)C=C[C@]4(C)[C@H]3CC[C@]12C,True,792
CN(C)CCc1c[nH]c2ccc(Cn3cncn3)cc12,True,194
C[C@H]1O[C@@H](O[C@H]2[C@@H](O)C[C@H](O[C@H]3[C@@H](O)C[C@H](O[C@H]4CC[C@]5(C)[C@H]6C[C@@H](O)[C@]7(C)[C@@H](C8=CC(=O)OC8)CC[C@]7(O)[C@@H]6CC[C@@H]5C4)O[C@@H]3C)O[C@@H]2C)C[C@H](O)[C@@H]1O,False,0
C=CC[N@@+]12CC[C@@]34c5ccccc5N5/C=C6/[C@H]7C[C@H]8[C@@]9(CC[N@@+]8(CC=C)C/C7=C/CO)c7ccccc7N(/C=C(/[C@@H](C[C@@H]31)/C(=C\CO)C2)[C@H]54)[C@@H]69,True,340
O=C1CC[C@@]2(O)[C@H]3Cc4ccc(O)c5c4[C@@]2(CCN3CC2CC2)[C@H]1O5,True,2144
COc1cc(OC)c(C(=O)CCCN2CCCC2)c(OC)c1,True,51
CN1C(=O)CN=C(c2ccccc2)c2cc(Cl)ccc21,True,7856
CC1CN(c2cc3c(cc2F)c(=O)c(C(=O)O)cn3-c2ccc(F)cc2F)CCN1,True,100
NCCCC[C@H](N[C@@H](CCc1ccccc1)C(=O)O)C(=O)N1CCC[C@H]1C(=O)O,True,1006
CCOc1nc2cccc(C(=O)O)c2n1Cc1ccc(-c2ccccc2-c2nnn[nH]2)cc1,True,10
CC(C)NCC(O)COc1ccc(CCOCC2CC2)cc1,True,300
Cc1ccccc1N1C(=O)c2cc(S(N)(=O)=O)c(Cl)cc2NC1C,True,66
CCCCC(C)(O)C/C=C/[C@H]1[C@H](O)CC(=O)[C@@H]1CCCCCCC(=O)OC,True,976
CC(C)[C@H]1CC[C@H](C(=O)N[C@H](Cc2ccccc2)C(=O)O)CC1,True,2
CCOc1ccc2ccccc2c1C(=O)N[C@@H]1C(=O)N2[C@@H](C(=O)O)C(C)(C)S[C@H]12,False,0
N[C@@H](C(=O)N[C@@H]1C(=O)N2C(C(=O)O)=C(Cl)CS[C@H]12)c1ccccc1,True,631
CCCC(=O)Nc1ccc(OCC(O)CNC(C)C)c(C(C)=O)c1,True,415
NS(=O)(=O)c1cc(C2(O)NC(=O)c3ccccc32)ccc1Cl,True,181
CCCN[C@H]1CCc2nc(N)sc2C1,True,376
CC(NC(C)(C)C)C(=O)c1cccc(Cl)c1,True,1526
C=CCNc1nc(NCC=C)nc(N2CCN(C(c3ccc(F)cc3)c3ccc(F)cc3)CC2)n1,True,60
Cc1[nH]c(=O)c(C#N)cc1-c1ccncc1,True,787
CNS(=O)(=O)CCc1ccc2[nH]cc(C3CCN(C)CC3)c2c1,True,92
CC(C)(S)[C@@H](N)C(=O)O,True,1458
C[C@H]1C[C@H]2[C@@H]3CC[C@](O)(C(=O)CO)[C@@]3(C)C[C@H](O)[C@@H]2[C@@]2(C)C=CC(=O)C=C12,False,0
C[C@@H]1O[C@@H]1P(=O)(O)O,True,1393
OC(CCN1CCCCC1)(c1ccccc1)C1CCCCC1,True,250
COC(=O)C1=C(C)NC(C)=C(C(=O)OCC(C)C)C1c1ccccc1[N+](=O)[O-],True,336
CC(C)=CCN1CC[C@@]2(C)c3cc(O)ccc3C[C@@H]1[C@@H]2C,False,0
Oc1ncnc2[nH]ncc12,True,123
N[C@@H](C(=O)N[C@@H]1C(=O)N2C(C(=O)O)=C(CSc3c[nH]nn3)CS[C@H]12)c1ccc(O)cc1,False,0
CC(C)(Sc1cc(C(C)(C)C)c(O)c(C(C)(C)C)c1)Sc1cc(C(C)(C)C)c(O)c(C(C)(C)C)c1,True,864
CC[N+](C)(C)C(C)CC(c1ccccc1)c1ccccc1,True,143
Nc1ncnc2c1ncn2[C@@H]1O[C@H](CO)[C@@H](O)[C@@H]1O,True,520
CCn1cc(C(=O)O)c(=O)c2cc(F)c(N3CCN(C)CC3)cc21,True,423
CN(Cc1cnc2nc(N)nc(N)c2n1)c1ccc(C(=O)N[C@@H](CCC(=O)O)C(=O)O)cc1,True,8311
CC1(C)O[C@@H]2C[C@H]3[C@@H]4C[C@H](F)C5=CC(=O)C=C[C@]5(C)[C@H]4[C@@H](O)C[C@]3(C)[C@]2(C(=O)CO)O1,True,72
COc1cc(NCc2ccc3nc(N)nc(N)c3c2C)cc(OC)c1OC,True,336
Cc1cc(C)nc(NS(=O)(=O)c2ccc(N)cc2)n1,True,613
C#CCN(C)[C@H](C)Cc1ccccc1,True,1518
CC(=O)Nc1ccc(OCC(O)CNC(C)C)cc1,True,327
CSc1ccc(C(=O)c2[nH]c(=O)[nH]c2C)cc1,True,189
CN(C)C(=N)NC(=N)N,True,96
COc1ccc2c3c1O[C@H]1[C@@H](O)CC[C@H]4[C@@H](C2)N(C)CC[C@]314,False,0
CCCN(CCC)CCc1cccc2c1CC(=O)N2,True,221
O=c1[nH]c2ccccc2n1CCCN1CCC(n2c(=O)[nH]c3cc(Cl)ccc32)CC1,True,480
NC(=O)OCC(COC(N)=O)c1ccccc1,True,466
CCOC(=O)C1=C[C@]2(CC)CCCN3CCc4c(n1c1ccccc41)[C@@H]32,True,642
CCO,True,68180
CCOC(=O)Nc1ccc(NCc2ccc(F)cc2)nc1N,True,169
COc1ccccc1Oc1c(NS(=O)(=O)c2ccc(C(C)(C)C)cc2)nc(-c2ncccn2)nc1OCCO,True,1056
CNC(=C[N+](=O)[O-])NCCSCc1ccc(CN(C)C)o1,True,1922
C[C@@H](O)[C@@H]1NC(=O)[C@H](CCCCN)NC(=O)[C@@H](Cc2c[nH]c3ccccc23)NC(=O)[C@H](Cc2ccccc2)NC(=O)[C@@H](NC(=O)[C@H](N)Cc2ccccc2)CSSC[C@@H](C(=O)N[C@H](CO)[C@@H](C)O)NC1=O,True,1965
CCc1c2c(nc3ccc(OC(=O)N4CCC(N5CCCCC5)CC4)cc13)-c1cc3c(c(=O)n1C2)COC(=O)[C@]3(O)CC,True,1787
O=c1[nH]cc(F)c(=O)[nH]1,True,12108
C#C[C@]1(O)CC[C@H]2[C@@H]3CCC4=CC(=O)CC[C@@H]4[C@H]3CC[C@@]21CC,True,272
Nc1cc(N2CCCCC2)nc(N)[n+]1[O-],True,20
C[C@]12CC[C@@H]3c4ccc(O)cc4CC[C@H]3[C@@H]1CC[C@@H]2O,True,13137
OC(Cn1cncn1)(Cn1cncn1)c1ccc(F)cc1F,True,2829
C[C@]12C[C@H](O)[C@H]3[C@@H](CCC4=CC(=O)C=C[C@@]43C)[C@@H]1CC[C@]2(O)C(=O)CO,False,0
O=C(C1CCCCC1)N1CC(=O)N2CCc3ccccc3C2C1,True,1157
CN(C)CC(Oc1ccccc1)Oc1ccccc1,True,119
CC(O)Cn1cnc2c1c(=O)n(C)c(=O)n2C,True,43
Nc1ccn([C@@H]2O[C@H](CO)[C@@H](O)[C@@H]2O)c(=O)n1,True,2887
CNCCC=C1c2ccccc2CCc2ccccc21,True,907
NC[C@H]1O[C@H](O[C@@H]2[C@@H](N)C[C@@H](N)[C@H](O[C@H]3O[C@H](CO)[C@@H](O)[C@H](N)[C@H]3O)[C@H]2O)[C@H](O)[C@@H](O)[C@@H]1O,False,0
CCc1cccc2cc(C(O)CNC(C)(C)C)oc12,True,318
CN(C)C(=O)Oc1ccc[n+](C)c1,True,506
COc1cc2nc(N3CCN(C(=O)c4ccco4)CC3)nc(N)c2cc1OC,True,2760
CCOC(=O)Nc1ccc2c(c1)N(C(=O)CCN1CCOCC1)c1ccccc1S2,True,75
CNCCC(Oc1ccc(C(F)(F)F)cc1)c1ccccc1,True,4261
CC(C)(Cc1c[nH]c2ccccc12)NCC(O)COc1ccccc1C#N,True,79
CC(C)Nc1cccnc1N1CCN(C(=O)c2cc3cc(NS(C)(=O)=O)ccc3[nH]2)CC1,True,335
O=P1(NCCCl)OCCCN1CCCl,True,1772
CCCc1nc2c(C)cc(-c3nc4ccccc4n3C)cc2n1Cc1ccc(-c2ccccc2C(=O)O)cc1,True,742
CC1(C)S[C@@H]2[C@H](N=CN3CCCCCC3)C(=O)N2[C@H]1C(=O)O,True,24
Cc1ncc2n1-c1ccc(Cl)cc1C(c1ccccc1F)=NC2,True,2716
O=C(O)c1cn(C2CC2)c2cc(N3CCNCC3)c(F)cc2c1=O,True,4756
Cn1c(CCCC(=O)O)nc2cc(N(CCCl)CCCl)ccc21,True,299
CN(CCCCCCN(C)C(=O)Oc1ccc[n+](C)c1)C(=O)Oc1ccc[n+](C)c1,True,201
CC(CN1c2ccccc2Sc2ccccc21)N(C)C,True,985
COCCCOc1ccnc(CS(=O)c2nc3ccccc3[nH]2)c1C,True,406
CC(C(=O)O)c1ccc(C(=O)c2cccs2)cc1,True,176
COc1cccc2c1C(=O)c1c(O)c3c(c(O)c1C2=O)C[C@@](O)(C(=O)CO)C[C@@H]3O[C@H]1C[C@H](N)[C@H](O)[C@H](C)O1,True,18763
N[C@@H](CCS)C(=O)O,True,6098
CCN(CC)C(=O)C1(c2ccccc2)CC1CN,False,0
CC(C)NC[C@H](O)COc1ccc(O)cc1,True,115
CC1=NS(=O)(=O)c2cc(Cl)ccc2N1,True,1311
Cn1cc[nH]c1=S,True,1297
N/N=c1/cc2c(n[nH]1)CCN(C(=O)c1ccccc1)C2,False,0
CC(C)NCC(O)COc1ccc(CC(N)=O)cc1,True,1693
Cc1cc2c(s1)Nc1ccccc1N=C2N1CCN(C)CC1,True,2010
CCC1=C[C@@H]2CN(C1)Cc1c([nH]c3ccccc13)[C@@](C(=O)OC)(c1cc3c(cc1OC)N(C)[C@H]1[C@@](O)(C(=O)OC)[C@H](OC(C)=O)[C@]4(CC)C=CCN5CC[C@]31[C@@H]54)C2,True,801
Cc1cccc(C)c1NC(=O)C(C)N,True,196
CCC(C(=O)O)c1ccc(N2Cc3ccccc3C2=O)cc1,True,44
O=C(O)CCC(=O)c1ccc(-c2ccccc2)cc1,True,228
COc1ccc(C2CNC(=O)C2)cc1OC1CCCC1,True,1527
CCC(=O)N(c1ccccc1)C1CCN(CCc2ccccc2)CC1,True,3532
CCN(CC)C(=O)N[C@H]1C=C2c3cccc4[nH]cc(c34)C[C@H]2N(C)C1,True,454
O=c1n(CCCN2CCN(c3cccc(Cl)c3)CC2)nc2ccccn12,True,544
CCC1(c2ccccc2)C(=O)NCNC1=O,True,677
CCC1=C(C)CN(C(=O)NCCc2ccc(S(=O)(=O)NC(=O)N[C@H]3CC[C@H](C)CC3)cc2)C1=O,False,0
COc1ccc(CCN(C)CCCC(C#N)(c2ccc(OC)c(OC)c2)C(C)C)cc1OC,True,6711
CN/C(=N/C#N)NCCSCc1nc[nH]c1C,False,0
CCOc1ccccc1O[C@H](c1ccccc1)[C@H]1CNCCO1,True,308
CC(C)(Oc1ccc(C2CC2(Cl)Cl)cc1)C(=O)O,True,314
O=C(O)[C@H](CCc1ccccc1)N[C@H]1CCCN2CCC[C@@H](C(=O)O)N2C1=O,True,186
COc1cc(Cc2cnc(N)nc2N)cc(OC)c1OC,True,2544
CC(C)NCC(O)COc1cccc2[nH]ccc12,True,1025
CC(C(=O)O)c1ccc(-c2ccccc2)c(F)c1,True,1430
CC1=CC[C@@H](C(C)(C)O)C[C@@H]1O,True,115
CO/N=C(\C(=O)N[C@@H]1C(=O)N2C(C(=O)O)=CCS[C@H]12)c1csc(N)n1,True,191
C=CCN1CCCC1CNC(=O)c1cc2n[nH]nc2cc1OC,False,0
CCN(CC)CCN1C(=O)CN=C(c2ccccc2F)c2cc(Cl)ccc21,True,424
CS(=O)(=O)OCCCCOS(C)(=O)=O,True,1172
COCCc1ccc(OCC(O)CNC(C)C)cc1,True,1772
N[C@H]1[C@@H]2CN(c3nc4c(cc3F)c(=O)c(C(=O)O)cn4-c3ccc(F)cc3F)C[C@H]12,False,0
COC(=O)Nc1nc2ccc(C(=O)c3ccccc3)cc2[nH]1,True,625
Nc1c2c(nc3ccccc13)CCCC2,True,1589
CC(C)c1c(C(=O)Nc2ccccc2)c(-c2ccccc2)c(-c2ccc(F)cc2)n1CC[C@@H](O)C[C@@H](O)CC(=O)O,True,2424
Cn1cnc([N+](=O)[O-])c1Sc1ncnc2nc[nH]c12,True,2577
c1ccc([C@H]2CN3CCSC3=N2)cc1,True,1706
Cc1ccc2c(-c3ccccc3)nc(=O)n(C(C)C)c2c1,True,35
COc1ccc(OC)c(Cc2cnc3nc(N)nc(N)c3c2C)c1,True,105
CCOC(=O)[C@H](CCc1ccccc1)N[C@@H](C)C(=O)N1Cc2ccccc2C[C@H]1C(=O)O,True,261
CCc1nc(N)nc(N)c1-c1ccc(Cl)cc1,True,1393
COCCCC/C(=N\OCCN)c1ccc(C(F)(F)F)cc1,True,1080
COCCOC(=O)C1=C(C)NC(C)=C(C(=O)OC(C)C)C1c1cccc([N+](=O)[O-])c1,True,909
CC(S)C(=O)NCC(=O)O,True,438
CN(C)C(=O)C(CCN1CCC(O)(c2ccc(Cl)cc2)CC1)(c1ccccc1)c1ccccc1,True,930
CN(C)CCCOC1(Cc2ccccc2)CCCCCC1,True,16
CC[N+](C)(C)Cc1ccccc1Br,True,484
CC#CCC(C)[C@H](O)/C=C/[C@@H]1[C@H]2C/C(=C/CCCC(=O)O)C[C@H]2C[C@H]1O,True,1033
O=C(c1ccccc1)c1ccc2n1CCC2C(=O)O,True,645
CC(C)N1CCC(N(C(=O)Cc2ccccc2)c2ccc(Cl)cc2)CC1,True,40
Nc1c(Br)cc(Br)cc1CN[C@H]1CC[C@H](O)CC1,True,8
O=C1Nc2ccc(Cl)cc2C(c2ccccc2)=NC1O,True,1046
Clc1ccc(C(c2ccccc2Cl)C(Cl)Cl)cc1,True,225
CC1(C)S[C@@H]2[C@H](NC(=O)[C@H](N)c3ccccc3)C(=O)N2[C@H]1C(=O)O,True,6379
CC1COc2c(N3CCN(C)CC3)c(F)cc3c(=O)c(C(=O)O)cn1c23,True,1698
Cc1cc(=O)n(-c2ccccc2)n1C,True,1143
CCCN(CCC)S(=O)(=O)c1ccc(C(=O)O)cc1,True,2461
CCS(=O)(=O)CCn1c([N+](=O)[O-])cnc1C,True,392
CN1CCC[C@@H]1CCO[C@](C)(c1ccccc1)c1ccc(Cl)cc1,True,162
C[C@@H]1O[C@@H](O[C@@H]2C=C3CC[C@@H]4[C@H](CC[C@]5(C)[C@@H](c6ccc(=O)oc6)CC[C@]45O)[C@@]3(C)CC2)[C@H](O)[C@H](O)[C@H]1O,True,76
CN1C[C@H](CNC(=O)OCc2ccccc2)C[C@@H]2c3cccc4c3c(cn4C)C[C@H]21,True,337
CN1CCN2c3ccccc3Cc3ccccc3C2C1,True,1230
CCCC1O[C@@H]2C[C@H]3[C@@H]4CCC5=CC(=O)C=C[C@]5(C)[C@H]4[C@@H](O)C[C@]3(C)[C@]2(C(=O)CO)O1,True,1630
COc1c(N2CCNC(C)C2)c(F)cc2c(=O)c(C(=O)O)cn(C3CC3)c12,True,557
COc1cc2nc(N3CCN(C(=O)C4COc5ccccc5O4)CC3)nc(N)c2cc1OC,True,283
COc1ccc(C(=O)Nc2ccccc2CCC2CCCCN2C)cc1,True,198
CNC1=Nc2ccc(Cl)cc2C(c2ccccc2)=[N+]([O-])C1,True,1
C[C@H](NCCc1ccc(O)cc1)[C@H](O)c1ccc(O)cc1,False,0
CO[C@]12CC[C@@]3(C[C@@H]1[C@](C)(O)C(C)(C)C)[C@H]1Cc4ccc(O)c5c4[C@@]3(CCN1CC1CC1)[C@H]2O5,True,2576
O=C(O)Cc1ccccc1Nc1c(Cl)cccc1Cl,True,4763
CCN(CC)CCNC(=O)c1cc(Br)c(N)cc1OC,True,119
C[C@@H]1C[C@H]2[C@@H]3CCC4=CC(=O)C=C[C@]4(C)[C@@]3(F)[C@@H](O)C[C@]2(C)[C@@]1(O)C(=O)CO,True,9733
CCC[C@@H]1C[C@@H](C(=O)NC(C(C)Cl)[C@H]2O[C@H](SC)[C@H](O)[C@@H](O)[C@H]2O)N(C)C1,False,0
CC(C)n1c(/C=C/[C@H](O)C[C@H](O)CC(=O)O)c(-c2ccc(F)cc2)c2ccccc21,True,643
CC(C)(O/N=C(\C(=O)N[C@@H]1C(=O)N2C(C(=O)[O-])=C(C[n+]3ccccc3)CS[C@H]12)c1csc(N)n1)C(=O)O,True,1591
CC[C@@H](CO)NCCN[C@@H](CC)CO,True,1088
O=C(O)CCCC[C@@H]1SC[C@@H]2NC(=O)N[C@H]12,False,0
CN1C(=O)CN=C(c2ccccc2F)c2cc([N+](=O)[O-])ccc21,True,1238
C[C@@H](NCCCc1cccc(C(F)(F)F)c1)c1cccc2ccccc12,True,244
CCOc1cc(CC(=O)N[C@@H](CC(C)C)c2ccccc2N2CCCCC2)ccc1C(=O)O,True,374
Cc1ccccc1C(OCCN(C)C)c1ccccc1,True,280
COc1ccc2c(c1)N(C[C@H](C)CN(C)C)c1ccccc1S2,True,211
COc1ccc2nc(S(=O)Cc3ncc(C)c(OC)c3C)[nH]c2c1,True,3316
CC(CCc1ccccc1)NCC(O)c1ccc(O)c(C(N)=O)c1,True,460
COC(=O)C1=C(C)NC(C)=C(C(=O)OC(C)C)C1c1cccc2nonc12,True,348
CCn1cc(C(=O)O)c(=O)c2cc(F)c(N3CCNCC3)nc21,True,418
CCOC(=O)C1(c2ccccc2)CCN(C)CC1,True,826
NCCCC(N)(C(=O)O)C(F)F,True,261
CNCCCN1c2ccccc2CCc2ccccc21,True,1874
CCC(C)(C)C(=O)O[C@H]1C[C@@H](C)C=C2C=C[C@H](C)[C@H](CC[C@@H]3C[C@@H](O)CC(=O)O3)[C@H]21,True,2523
CC1=C(CC(=O)O)c2cc(F)ccc2/C1=C\c1ccc(S(C)=O)cc1,True,589
C[C@H](Cn1cnc2c(N)ncnc21)OCP(=O)(O)O,True,1060
OCCN1CCN(CC/C=C2/c3ccccc3Sc3ccc(C(F)(F)F)cc32)CC1,True,98
CC(C)(C)NCC(O)COc1cccc2c1C[C@H](O)[C@H](O)C2,True,247
O=C1C(CCS(=O)c2ccccc2)C(=O)N(c2ccccc2)N1c1ccccc1,True,264
N[C@@H](Cc1ccc(N(CCCl)CCCl)cc1)C(=O)O,True,1539
CC[C@@H](C(N)=O)N1CCCC1=O,True,603
C[C@H]1O[C@H](O[C@@H]2[C@@H](CO)O[C@H](O[C@H]([C@H](O)CO)[C@H](O)[C@@H](O)C=O)[C@H](O)[C@H]2O)[C@H](O)[C@@H](O)[C@@H]1N[C@H]1C=C(CO)[C@@H](O)[C@H](O)[C@H]1O,False,0
O=C(NCCN1CCOCC1)c1ccc(Cl)cc1,True,604
CC(C)N=c1cc2n(-c3ccc(Cl)cc3)c3ccccc3nc-2cc1Nc1ccc(Cl)cc1,True,571
CCC[C@@H]1C[C@@H](C(=O)N[C@H]([C@@H](C)O)[C@H]2O[C@H](SC)[C@H](O)[C@@H](O)[C@H]2O)N(C)C1,False,0
CC(=O)N[C@@H](CS)C(=O)O,True,11919
NC(=O)NO,True,2948
CCC1(c2cccc(O)c2)CCCCN(C)C1,True,101
NC[C@H](O)c1ccc(O)c(O)c1,True,14608
CC/C(=C(\c1ccccc1)c1ccc(OCCN(C)C)cc1)c1ccccc1,True,5831
Cc1onc(-c2c(Cl)cccc2Cl)c1C(=O)N[C@@H]1C(=O)N2[C@@H](C(=O)O)C(C)(C)S[C@H]12,False,0
CN1[C@H]2C[C@H](OC(=O)[C@H](CO)c3ccccc3)C[C@@H]1[C@H]1O[C@@H]21,False,0
COC(=O)C1=C(C)NC(C)=C(C(=O)OC)C1c1ccccc1[N+](=O)[O-],True,5361
CN1[C@H]2CC[C@@H]1C[C@H](OC(=O)c1c[nH]c3ccccc13)C2,False,0
CCCN1C[C@H](CSC)C[C@@H]2c3cccc4[nH]cc(c34)C[C@H]21,True,413
Cc1cnc(C(=O)O)c[n+]1[O-],True,129
Cc1cc2c(OCC(O)CNC(C)C)cccc2[nH]1,True,19
COc1cc2c(cc1OC)C1CC(=O)C(CC(C)C)CN1CC2,True,526
COc1ccc2c(c1OC)C(=O)O[C@@H]2[C@H]1c2c(cc3c(c2OC)OCO3)CCN1C,True,1035
CCOC(=O)[C@H](CCc1ccccc1)N[C@H]1CCCN2CCC[C@@H](C(=O)O)N2C1=O,True,203
CCN(CC)CCCN(c1ccccc1)C1Cc2ccccc2C1,True,97
CC(Cc1ccc(O)cc1)NCC(O)c1cc(O)cc(O)c1,True,328
CC(C)(C)NCC(O)COc1cccc2c1CCC(=O)N2,True,229
O=C(NCCO[N+](=O)[O-])c1cccnc1,True,754
CCCCCN(C)CCC(O)(P(=O)(O)O)P(=O)(O)O,True,33
O=C1OC2(c3ccc(O)cc3Oc3cc(O)ccc32)c2ccccc21,True,5713
COc1cc([C@@H]2c3cc4c(cc3[C@@H](O[C@@H]3O[C@@H]5CO[C@@H](c6cccs6)O[C@H]5[C@H](O)[C@H]3O)[C@H]3COC(=O)[C@H]23)OCO4)cc(OC)c1O,True,515
CN1CCCC(n2nc(Cc3ccc(Cl)cc3)c3ccccc3c2=O)CC1,True,486
Fc1ccc([C@@H]2CCNC[C@H]2COc2ccc3c(c2)OCO3)cc1,True,1788
CC(=O)[C@]1(O)Cc2c(O)c3c(c(O)c2[C@@H](O[C@H]2C[C@H](N)[C@H](O)[C@H](C)O2)C1)C(=O)c1ccccc1C3=O,True,845
Nc1c(CC(=O)O)cccc1C(=O)c1ccc(Br)cc1,True,109
CC1=C(C(=O)O)N2C(=O)[C@@H](NC(=O)[C@H](N)c3ccc(O)cc3)[C@H]2SC1,True,322
NC(=O)c1ncn([C@@H]2O[C@H](CO)[C@@H](O)[C@H]2O)n1,True,4031
O=C(CCCN1CC=C(n2c(=O)[nH]c3ccccc32)CC1)c1ccc(F)cc1,True,368
Cc1ccc(NC(=O)c2ccc(CN3CCN(C)CC3)cc2)cc1Nc1nccc(-c2cccnc2)n1,True,2497
CN1C(=O)NC(=O)C(C)(C2=CCCCC2)C1=O,True,655
COc1ccc(CCN2CCC(Nc3nc4ccccc4n3Cc3ccc(F)cc3)CC2)cc1,True,304
S=c1nc[nH]c2nc[nH]c12,True,514
C=CC(N)CCC(=O)O,True,752
C=CC1=C(C(=O)O)N2C(=O)[C@@H](NC(=O)/C(=N\O)c3csc(N)n3)[C@H]2SC1,True,218
CC1Cc2ccccc2N1NC(=O)c1ccc(Cl)c(S(N)(=O)=O)c1,True,358
COc1ccc2cc([C@H](C)C(=O)O)ccc2c1,True,3486
CN(C)CCOC(c1ccccc1)c1ccccc1,True,1517
O=C1Nc2ccc(Cl)cc2C(c2ccccc2Cl)=NC1O,True,1531
CN1c2ccccc2C(NCCCCCCC(=O)O)c2ccc(Cl)cc2S1(=O)=O,True,176
Cc1c(OCC(F)(F)F)ccnc1CS(=O)c1nc2ccccc2[nH]1,True,1285
CN(C)CCC=C1c2ccccc2COc2ccccc21,False,0
CN(c1nccc(=O)[nH]1)C1CCN(c2nc3ccccc3n2Cc2ccc(F)cc2)CC1,True,65
COc1cc2c(c(OC)c1OC)-c1ccc(OC)c(=O)cc1C(NC(C)=O)CC2,False,0
C[C@H]1C[C@H]2[C@@H]3CCC4=CC(=O)C=C[C@]4(C)[C@@]3(F)[C@@H](O)C[C@]2(C)[C@@]1(O)C(=O)CO,True,770
N[C@@H](Cc1ccc(O)c(O)c1)C(=O)O,True,12258
COCc1c(C(C)C)nc(C(C)C)c(/C=C/[C@@H](O)C[C@@H](O)CC(=O)O)c1-c1ccc(F)cc1,True,293
Cc1cccc(C)c1NC(=O)c1cc(S(N)(=O)=O)c(Cl)cc1O,True,43
CC(C)Cc1ccc(C(C)C(=O)O)cc1,True,6996
COc1ccc([C@@H]2CC(=O)c3c(O)cc(O[C@@H]4O[C@H](CO[C@@H]5O[C@@H](C)[C@H](O)[C@@H](O)[C@H]5O)[C@@H](O)[C@H](O)[C@H]4O)cc3O2)cc1O,True,1806
O=C(O)c1cc(/N=N/c2ccc(O)c(C(=O)O)c2)ccc1O,False,0
CC(=O)Nc1nnc(S(N)(=O)=O)s1,True,1938
Clc1ccc2c(c1)C(N1CCNCC1)=Nc1ccccc1O2,True,600
CCC[C@H](N[C@@H](C)C(=O)N1[C@H](C(=O)O)C[C@@H]2CCCC[C@@H]21)C(=O)OCC,True,332
CC(CN(C)C)CN1c2ccccc2CCc2ccccc21,True,321
NS(=O)(=O)c1cc2c(cc1Cl)N=C(CSCc1ccccc1)NS2(=O)=O,False,0
CS(=O)(=O)OC[C@H](O)[C@@H](O)COS(C)(=O)=O,True,171
CC(C)(Oc1ccc(CCNC(=O)c2ccc(Cl)cc2)cc1)C(=O)O,True,603
CN(C)S(=O)(=O)c1ccc2c(c1)N(CCCN1CCC(CCO)CC1)c1ccccc1S2,True,107
CO[C@H]1O[C@@H]2O[C@@]3(C)CC[C@H]4[C@H](C)CC[C@@H]([C@H]1C)[C@]42OO3,False,0
CCCCNc1cc(C(=O)O)cc(S(N)(=O)=O)c1Oc1ccccc1,True,1367
OCC(S)CS,True,910
CCN(CC)CC#CCOC(=O)C(O)(c1ccccc1)C1CCCCC1,True,700
OC[C@H]1O[C@](O)(CO)[C@@H](O)[C@@H]1O[C@@H]1O[C@H](CO)[C@H](O)[C@H](O)[C@H]1O,False,0
CN1CC[C@]23c4c5ccc(O)c4O[C@H]2C(=O)CC[C@H]3[C@H]1C5,True,1036
Cc1nnc2n1-c1ccc(Cl)cc1C(c1ccccc1Cl)=NC2,True,990
CC[C@H]1OC(=O)[C@H](C)[C@@H](O[C@H]2C[C@@](C)(OC)[C@@H](O)[C@H](C)O2)[C@H](C)[C@@H](O[C@@H]2O[C@H](C)C[C@H](N(C)C)[C@H]2O)[C@](C)(OC)C[C@@H](C)C(=O)[C@H](C)[C@@H](O)[C@]1(C)O,True,2655
CC(C)(C)NCC(O)c1ccccc1Cl,True,78
CN1C(=O)C(O)N=C(c2ccccc2)c2cc(Cl)ccc21,True,698
CC(C)NCC(O)c1ccc(NS(C)(=O)=O)cc1,True,615
Cc1cn([C@H]2C=C[C@@H](CO)O2)c(=O)[nH]c1=O,True,844
CN(N=O)C(=O)N[C@H]1[C@@H](O)O[C@H](CO)[C@@H](O)[C@@H]1O,False,0
Cc1cc(O)c2c(=O)c3c(O)cc(O)c4c5c(O)cc(O)c6c(=O)c7c(O)cc(C)c8c1c2c(c34)c(c78)c65,True,6
CCOC(=O)C1(c2ccccc2)CCN(CCC(O)c2ccccc2)CC1,True,136
COc1nc(C)nc(Cl)c1NC1=NCCN1,True,310
CCCCc1nc(Cl)c(CO)n1Cc1ccc(-c2ccccc2-c2nn[nH]n2)cc1,True,1691
Nc1ccc(S(=O)(=O)c2ccc(N)cc2)cc1,True,1222
COc1ccc(Cc2nccc3cc(OC)c(OC)cc23)cc1OC,True,1733
Cc1onc(-c2ccccc2Cl)c1C(=O)N[C@@H]1C(=O)N2[C@@H](C(=O)O)C(C)(C)S[C@H]12,False,0
Cc1cn([C@H]2C[C@H](N=[N+]=[N-])[C@@H](CO)O2)c(=O)[nH]c1=O,True,2925
Cc1c(C)c2c(c(C)c1O)CCC(C)(COc1ccc(CC3SC(=O)NC3=O)cc1)O2,True,1869
C=CCN1C[C@H](C(=O)N(CCCN(C)C)C(=O)NCC)C[C@@H]2c3cccc4[nH]cc(c34)C[C@H]21,True,274
CCC1(c2ccccc2)C(=O)NC(=O)NC1=O,True,7516
Cc1cc(NS(=O)(=O)c2ccc(N)cc2)no1,True,2312
COC(=O)C1=C(C)NC(C)=C(C(=O)OCCN(C)Cc2ccccc2)C1c1cccc([N+](=O)[O-])c1,True,685
CCC(C)n1ncn(-c2ccc(N3CCN(c4ccc(OC[C@H]5CO[C@](Cn6cncn6)(c6ccc(Cl)cc6Cl)O5)cc4)CC3)cc2)c1=O,True,2705
COc1ccc(Cl)cc1C(=O)NCCc1ccc(S(=O)(=O)NC(=O)NC2CCCCC2)cc1,True,615
N=C(N)NC(=O)Cc1c(Cl)cccc1Cl,True,1
COc1cc(N)c(Cl)cc1C(=O)N[C@@H]1CCN(CCCOc2ccc(F)cc2)C[C@@H]1OC,True,812
CN1C(C(=O)Nc2ccccn2)=C(O)c2sccc2S1(=O)=O,True,222
CN[C@@H]1CCc2[nH]c3ccc(C(N)=O)cc3c2C1,True,45
Cc1onc(-c2ccccc2)c1-c1ccc(S(N)(=O)=O)cc1,True,358
Oc1ccc2c3c1O[C@H]1[C@@H](O)CC[C@@]4(O)[C@@H](C2)N(CC2CCC2)CC[C@]314,True,398
NCC1(CC(=O)O)CCCCC1,True,1219
COc1cc(NC(C)CCCN)c2ncccc2c1,True,1322
COc1cccc([C@@]2(O)CCCC[C@@H]2CN(C)C)c1,True,1443
NNC(=O)c1ccncc1,True,3914
C#C[C@]1(O)C=C[C@H]2[C@@H]3CCC4=CC(=O)CC[C@@H]4[C@H]3CC[C@@]21CC,True,203
OCCN1CCN(CCCN2c3ccccc3Sc3ccc(Cl)cc32)CC1,True,606
CC=CC1=C(C(=O)O)N2C(=O)[C@@H](NC(=O)[C@H](N)c3ccc(O)cc3)[C@H]2SC1,True,1
Nc1[nH]c(=O)ncc1F,True,218
CNC(=O)Oc1ccc2c(c1)[C@]1(C)CCN(C)[C@@H]1N2C,True,1817
COC(=O)C1=C(C#N)NC(C)=C(C(=O)OC(C)C)C1c1cccc([N+](=O)[O-])c1,True,144
CN1C[C@H](C(=O)N[C@]2(C)O[C@@]3(O)[C@@H]4CCCN4C(=O)[C@H](Cc4ccccc4)N3C2=O)C=C2c3cccc4[nH]cc(c34)C[C@H]21,True,1072
CCOC(=O)[C@H](CCc1ccccc1)N[C@@H](C)C(=O)N1[C@H](C(=O)O)C[C@H]2CCCC[C@@H]21,True,190
OC(CCN1CCCC1)(c1ccccc1)C1CCCCC1,True,148
O=C(c1ccc(F)cc1)C1CCN(CCn2c(=O)[nH]c3ccccc3c2=O)CC1,True,2153
CCN(CC)CCNC(=O)c1ccc(N)cc1,True,860
CNC1(c2ccccc2Cl)CCCCC1=O,True,6415
CCC(=O)O[C@@H](O[P@](=O)(CCCCc1ccccc1)CC(=O)N1C[C@H](C2CCCCC2)C[C@H]1C(=O)O)C(C)C,True,1
CN(C)CCCN1c2ccccc2CCc2ccccc21,True,3478
CC(C)c1nc(N(C)S(C)(=O)=O)nc(-c2ccc(F)cc2)c1/C=C/[C@@H](O)C[C@@H](O)CC(=O)O,True,1134
O=C(O)c1cc(-c2ccc(F)cc2F)ccc1O,True,551
CCN1CCCC1CNC(=O)c1cc(S(N)(=O)=O)ccc1OC,True,1201
N[C@@H]1CN(c2c(F)cc3c(=O)c(C(=O)O)cn([C@@H]4C[C@@H]4F)c3c2Cl)CC12CC2.N[C@@H]1CN(c2c(F)cc3c(=O)c(C(=O)O)cn([C@@H]4C[C@@H]4F)c3c2Cl)CC12CC2.O.O.O,True,19
Nc1nc(F)nc2c1ncn2[C@@H]1O[C@H](CO)[C@@H](O)[C@@H]1O,True,1035
COc1cccc(C(=O)CCN[C@@H](C)[C@H](O)c2ccccc2)c1,True,41
CCCNCC(O)COc1ccccc1C(=O)CCc1ccccc1,True,1031
CN(CCOc1ccc(CC2SC(=O)NC2=O)cc1)c1ccccn1,True,2863
CN1[C@H]2CCC[C@@H]1C[C@H](NC(=O)c1nn(C)c3ccccc13)C2,False,0
CCOC(=O)c1ncn2c1CN(C)C(=O)c1cc(F)ccc1-2,True,1380
COC1=CC(=O)C[C@@H](C)[C@]12Oc1c(Cl)c(OC)cc(OC)c1C2=O,True,1479
CC(=O)Nc1ccc(O)cc1,True,10264
Nc1nc(N)c2nc(-c3ccccc3)c(N)nc2n1,True,360
CN(C)CCC(c1ccccc1)c1ccccn1,True,101
O=C(O)CCc1nc(-c2ccccc2)c(-c2ccccc2)o1,True,171
CCN(C)C(=O)Oc1cccc([C@H](C)N(C)C)c1,True,564
Cc1ccc(C)c(OCCCC(C)(C)C(=O)O)c1,True,1112
O=C1CN=C(c2ccccc2)c2cc([N+](=O)[O-])ccc2N1,True,774
CC(C)NCC(O)COc1cccc2ccccc12,True,6230
CN(C)CCc1c[nH]c2ccc(C[C@H]3COC(=O)N3)cc12,True,528
COc1cccc2c1C(=O)c1c(O)c3c(c(O)c1C2=O)C[C@@](O)(C(=O)CO)C[C@@H]3O[C@H]1C[C@H](N)[C@@H](O)[C@H](C)O1,True,1214
CC(=O)CC(c1ccccc1)c1c(O)c2ccccc2oc1=O,True,3904
C[C@](N)(Cc1ccc(O)c(O)c1)C(=O)O,True,14
OCCN(CCO)c1nc(N2CCCCC2)c2nc(N(CCO)CCO)nc(N3CCCCC3)c2n1,True,1961
CCCCC[C@H](O)/C=C/[C@H]1[C@H](O)CC(=O)[C@@H]1CCCCCCC(=O)O,True,120
CCc1nn(CCCN2CCN(c3cccc(Cl)c3)CC2)c(=O)n1CCOc1ccccc1,True,539
C=C1C[C@@H]2[C@H](CC[C@]3(C)C(=O)CC[C@@H]23)[C@@]2(C)C=CC(=O)C=C12,True,487
Cc1nccn1CC1CCc2c(c3ccccc3n2C)C1=O,True,1625
CO[C@@]1(NC(=O)Cc2cccs2)C(=O)N2C(C(=O)O)=C(COC(N)=O)CS[C@@H]21,True,773
C=CCc1ccccc1OCC(O)CNC(C)C,True,484
CC(=O)NCCCS(=O)(=O)O,True,258
N[C@@H]1CONC1=O,True,587
O=c1ccc2ccccc2o1,True,9500
CC(C)(O)c1ccccc1CC[C@@H](SCC1(CC(=O)O)CC1)c1cccc(/C=C/c2ccc3ccc(Cl)cc3n2)c1,True,798
COc1ccnc(CS(=O)c2nc3ccc(OC(F)F)cc3[nH]2)c1OC,True,438
C[C@H]1O[C@@H](O[C@H]2[C@@H](O)C[C@H](O[C@H]3[C@@H](O)C[C@H](O[C@H]4CC[C@]5(C)[C@H]6CC[C@]7(C)[C@@H](C8=CC(=O)OC8)CC[C@]7(O)[C@@H]6CC[C@@H]5C4)O[C@@H]3C)O[C@@H]2C)C[C@H](O)[C@@H]1O,False,0
CCOC(=O)[N-]c1c[n+](N2CCOCC2)no1,False,0
CCNC(C)Cc1cccc(C(F)(F)F)c1,True,1092
C=C[C@H]1CN2CC[C@H]1C[C@@H]2[C@@H](O)c1ccnc2ccc(OC)cc12,True,3713
O=C(NCCNCC(O)COc1ccc(O)cc1)N1CCOCC1,True,75
CC[N+]1(C)[C@H]2C[C@H](OC(=O)[C@H](CO)c3ccccc3)C[C@@H]1[C@H]1O[C@@H]21,False,0
CCOc1ccccc1OCCN[C@H](C)Cc1ccc(OC)c(S(N)(=O)=O)c1,True,366
NC(=O)N1c2ccccc2CC(=O)c2ccccc21,True,679
N[C@@H](C(=O)N[C@@H]1C(=O)N2C(C(=O)O)=C(Cl)CC[C@H]12)c1ccccc1,True,96
CCn1cc(C(=O)O)c(=O)c2cc(F)c(N3CCNC(C)C3)c(F)c21,True,202
CCN(CC)CCNC(=O)c1cc(Cl)c(N)cc1OC,True,1204
CC[C@]12CCCN3CCc4c(n(c5ccccc45)[C@@](O)(C(=O)OC)C1)[C@@H]32,True,343
NS(=O)(=O)Cc1noc2ccccc12,True,663
CCOC(=O)C(C)(C)Oc1ccc(Cl)cc1,True,2131
CCCCC(=O)N(Cc1ccc(-c2ccccc2-c2nn[nH]n2)cc1)[C@H](C(=O)O)C(C)C,True,724
NCC(CC(=O)O)c1ccc(Cl)cc1,True,2206
C[N+]1(CC2CC2)[C@H]2C[C@H](OC(=O)[C@H](CO)c3ccccc3)C[C@@H]1[C@H]1O[C@@H]21,False,0
C#C[C@]1(O)CC[C@H]2[C@@H]3CCc4cc(O)ccc4[C@H]3[C@@H](OC)C[C@@]21C,True,53
CC(C(=O)O)c1cccc(Oc2ccccc2)c1,True,357
Nc1ccn([C@@H]2CS[C@H](CO)O2)c(=O)n1,True,1854
CC1=C(C(=O)O)N2C(=O)[C@@H](NC(=O)[C@H](N)c3ccccc3)[C@H]2SC1,True,1165
NS(=O)(=O)c1cc2c(cc1Cl)NCNS2(=O)=O,True,900
Cc1c(O)cccc1C(=O)N[C@@H](CSc1ccccc1)[C@H](O)CN1C[C@H]2CCCC[C@H]2C[C@H]1C(=O)NC(C)(C)C,True,729
CC(C)(C)NCC(O)COc1cccc2c1SCCC2,True,78
CCN(CCO)CCCC(C)Nc1ccnc2cc(Cl)ccc12,True,1050
CN(C)CCC=C1c2ccccc2C=Cc2ccccc21,True,118
CCCCC1C(=O)N(c2ccccc2)N(c2ccccc2)C1=O,True,1628
COc1ccc2c3c1O[C@H]1[C@@H](O)C=C[C@H]4[C@@H](C2)N(C)CC[C@]314,False,0
COc1ccc2c3c1O[C@H]1C[C@@H](O)C=C[C@@]31CCN(C)C2,True,941
O=c1ccn([C@@H]2O[C@H](CO)[C@@H](O)[C@H]2O)c(=O)[nH]1,True,6544
C=C1CC[C@@]2(O)[C@H]3Cc4ccc(O)c5c4[C@@]2(CCN3CC2CC2)[C@H]1O5,True,150
CC1(C)S[C@@H]2[C@H](NC(=O)[C@H](N)c3ccc(O)cc3)C(=O)N2[C@H]1C(=O)O,True,2281
CC[C@H]1OC(=O)[C@H](C)[C@@H](O[C@H]2C[C@@](C)(OC)[C@@H](O)[C@H](C)O2)[C@H](C)[C@@H](O[C@@H]2O[C@H](C)C[C@H](N(C)C)[C@H]2O)[C@](C)(O)C[C@@H](C)C(=O)[C@H](C)[C@@H](O)[C@]1(C)O,True,5809
CC(C)(C)NCC(O)COc1ccc(NC(=O)NC2CCCCC2)cc1,True,83
Clc1cccc(Cl)c1NC1=NCCN1,True,3592
Cc1noc(NS(=O)(=O)c2ccc(N)cc2)c1C,True,259
CS(=O)(=O)c1ccc(C2=C(c3ccccc3)C(=O)OC2)cc1,True,639
N=C(N)c1ccc(OCCCCCOc2ccc(C(=N)N)cc2)cc1,True,1753
C=CC[C@@H]1/C=C(\C)C[C@H](C)C[C@H](OC)[C@H]2O[C@@](O)(C(=O)C(=O)N3CCCC[C@H]3C(=O)O[C@H](/C(C)=C/[C@@H]3CC[C@@H](O)[C@H](OC)C3)[C@H](C)[C@@H](O)CC1=O)[C@H](C)C[C@@H]2OC,True,1919
C[C@]12CCC3=C4CCC(=O)C=C4CC[C@H]3[C@@H]1CC[C@@]2(O)CC#N,True,75
OC(CNCC(O)C1CCc2cc(F)ccc2O1)C1CCc2cc(F)ccc2O1,True,205
CN1CC[C@]23c4c5ccc(O)c4O[C@H]2[C@@H](O)C=C[C@H]3[C@H]1C5,True,14663
Cc1ccc(S(=O)(=O)NC(=O)NN2CC3CCCC3C2)cc1,True,301
COc1cc([C@@H]2c3cc4c(cc3[C@@H](O[C@@H]3O[C@@H]5CO[C@@H](C)O[C@H]5[C@H](O)[C@H]3O)[C@H]3COC(=O)[C@H]23)OCO4)cc(OC)c1O,True,5361
C=C[C@H]1CN2CC[C@H]1C[C@H]2[C@H](O)c1ccnc2ccc(OC)cc12,True,3070
CCN(CC)CCCC(C)Nc1ccnc2cc(Cl)ccc12,True,7359
CC1(C)O[C@@H]2CO[C@@]3(COS(N)(=O)=O)OC(C)(C)O[C@H]3[C@@H]2O1,False,0
CC(=O)O[C@H]1C[C@@H]2CC[C@@H]3[C@H](CC[C@@]4(C)[C@H]3C[C@H]([N+]3(C)CCCCC3)[C@@H]4OC(C)=O)[C@@]2(C)C[C@@H]1[N+]1(C)CCCCC1,True,664
COc1ccccc1N1CCN(CCCNc2cc(=O)n(C)c(=O)n2C)CC1,True,176
c1ccc(C2(c3ccccc3)CC2C2=NCCN2)cc1,True,93
CC(=O)NC[C@H]1CN(c2ccc(N3CCOCC3)c(F)c2)C(=O)O1,True,2025
CSc1ccc2c(c1)N(CCC1CCCCN1C)c1ccccc1S2,True,956
O=P1(N(CCCl)CCCl)NCCCO1,True,5216
NS(=O)(=O)c1cc2c(cc1Cl)NC=NS2(=O)=O,True,386
CC(C)(C)NC[C@H](O)COc1nsnc1N1CCOCC1,True,971
CCC1(CCC(C)C)C(=O)NC(=O)NC1=O,True,285
COc1ccc([C@@H]2Sc3ccccc3N(CCN(C)C)C(=O)[C@@H]2OC(C)=O)cc1,True,2058
CN(C)CCc1c[nH]c2ccc(CS(=O)(=O)N3CCCC3)cc12,True,77
CN(C)Cc1nnc2n1-c1ccc(Cl)cc1C(c1ccccc1)=NC2,True,68
NS(=O)(=O)c1cc2c(cc1C(F)(F)F)NCNS2(=O)=O,True,52
C[C@@H]1O[C@@H](O[C@H]2C[C@@H](O)[C@]3(CO)[C@H]4[C@H](O)C[C@]5(C)[C@@H](C6=CC(=O)OC6)CC[C@]5(O)[C@@H]4CC[C@]3(O)C2)[C@H](O)[C@H](O)[C@H]1O,True,5438
CC(C)(C)NC(=O)[C@@H]1CN(Cc2cccnc2)CCN1C[C@@H](O)C[C@@H](Cc1ccccc1)C(=O)N[C@H]1c2ccccc2C[C@H]1O,True,680
CCC(=O)c1ccc2c(c1)N(CC(C)N(C)C)c1ccccc1S2,True,137
Cn1c(=O)c2c(ncn2C)n(C)c1=O,True,12048
CCP(CC)(CC)=[Au]S[C@@H]1O[C@H](COC(C)=O)[C@@H](OC(C)=O)[C@H](OC(C)=O)[C@H]1OC(C)=O,False,0
CCc1cccc2c3c([nH]c12)C(CC)(CC(=O)O)OCC3,True,398
C#C[C@]1(O)CC[C@H]2[C@@H]3CCC4=CCCC[C@@H]4[C@H]3C(=C)C[C@@]21CC,True,125
C=CCOc1ccccc1OCC(O)CNC(C)C,True,360
NS(=O)(=O)c1cc(C(=O)O)cc(N2CCCC2)c1Oc1ccccc1,True,203
CS(=O)(=O)c1ccc2c(c1)N(CCCN1CCC(C(N)=O)CC1)c1ccccc1S2,True,40
COc1ccc(CCN(C)CCCC(C#N)(c2cc(OC)c(OC)c(OC)c2)C(C)C)cc1OC,True,131
CN(C)[C@@H]1C(O)=C(C(N)=O)C(=O)[C@@]2(O)C(O)=C3C(=O)c4c(O)ccc(Cl)c4[C@@](C)(O)[C@H]3C[C@@H]12,False,0
Cc1ncc([N+](=O)[O-])n1CCO,True,4033
CCOC(=O)[C@H](CCc1ccccc1)N[C@@H](C)C(=O)N1CCC[C@H]1C(=O)O,True,1302
NS(=O)(=O)c1cc2c(cc1C(F)(F)F)NC(Cc1ccccc1)NS2(=O)=O,True,82
CC[N+](C)(C)c1cccc(O)c1,True,326
CCN(CC)C(=O)N[C@H]1C[C@@H]2c3cccc4[nH]cc(c34)C[C@H]2N(C)C1,True,183
NC1CCN(c2c(F)cc3c(=O)c(C(=O)O)cn(C4CC4)c3c2Cl)C1,True,209
CCN(CC)c1cc(C)nc2ncnn12,True,91
OC[C@@H](O)[C@@H](O)[C@H](O)[C@H](O)CO,True,7629
O=C(N[C@H](CO)[C@H](O)c1ccc([N+](=O)[O-])cc1)C(Cl)Cl,True,5494
NS(=O)(=O)c1cc(C(=O)O)c(NCc2ccco2)cc1Cl,True,3248
C[C@@H]1OC(=O)CC(O)CC(O)CC(O)CCC(O)C(O)C[C@]2(O)CC(O)C(C(=O)O)C(CC(O[C@H]3O[C@H](C)[C@@H](O)[C@H](N)[C@@H]3O)/C=C/C=C/C=C/C=C/CC/C=C/C=C/[C@H](C)[C@@H](O)[C@H]1C)O2,False,0
Cc1ccnc2c1NC(=O)c1cccnc1N2C1CC1,True,1429
CC(CC(c1ccccc1)c1ccccc1)NC(C)(C)C,True,78
CC#C[C@]1(O)CC[C@H]2[C@@H]3CCC4=CC(=O)CCC4=C3[C@@H](c3ccc(N(C)C)cc3)C[C@@]21C,True,1516
CCN(CC)CC(=O)Nc1c(C)cccc1C,True,5173
COc1ccc2cc(CCC(C)=O)ccc2c1,True,825
COC(=O)[C@H]1[C@@H](O)CC[C@H]2CN3CCc4c([nH]c5ccccc45)[C@@H]3C[C@@H]21,False,0
CO/N=C(\C(=O)N[C@@H]1C(=O)N2C(C(=O)O)=C(CSc3nc(C)c(CC(=O)O)s3)CS[C@H]12)c1csc(N)n1,True,82
O=C1CN=C(c2ccccc2Cl)c2cc([N+](=O)[O-])ccc2N1,True,1221
Nc1nnc(-c2cccc(Cl)c2Cl)c(N)n1,True,1151
O=C(NC1CCN(CCc2c[nH]c3ccccc23)CC1)c1ccccc1,True,159
Oc1c(Cl)cc(Cl)c2cccnc12,True,41
CCCCc1ncc(/C=C(\Cc2cccs2)C(=O)O)n1Cc1ccc(C(=O)O)cc1,True,177
O=C1Cc2cc(CCN3CCN(c4nsc5ccccc45)CC3)c(Cl)cc2N1,True,577
CN1CCC[C@H]1c1cccnc1,True,197
C[C@H]1CN(c2c(F)c(N)c3c(=O)c(C(=O)O)cn(C4CC4)c3c2F)C[C@@H](C)N1,False,0
COc1cc(C)c(/C=C/C(C)=C/C=C/C(C)=C/C(=O)O)c(C)c1C,True,285
CN(C)CCC=C1c2ccccc2CCc2ccccc21,True,2156
NC(N)=NCCN1CCCCCCC1,True,876
O=C(O)P(=O)(O)O,True,588
CCCc1cc(=O)[nH]c(=S)[nH]1,True,1100
O=C(O)CCCc1ccc(N(CCCl)CCCl)cc1,True,1049
C[C@@H](O)[C@H]1C(=O)N2C(C(=O)O)=C(SCC/N=C/N)C[C@H]12,False,0
COc1cc2nc(N3CCN(C(=O)C4CCCO4)CC3)nc(N)c2cc1OC,True,200
CCOC(=O)C1=C(COCCN)NC(C)=C(C(=O)OC)C1c1ccccc1Cl,True,989
CC[C@H]1OC(=O)[C@H](C)[C@@H](O[C@H]2C[C@@](C)(OC)[C@@H](O)[C@H](C)O2)[C@H](C)[C@@H](O[C@@H]2O[C@H](C)C[C@H](N(C)C)[C@H]2O)[C@](C)(O)C[C@@H](C)CN(C)[C@H](C)[C@@H](O)[C@]1(C)O,True,2229
Cc1ccc(Nc2c(F)cccc2Cl)c(CC(=O)O)c1,True,147
CCOc1ccccc1OCC1CNCCO1,True,206
CNCCCCOc1ccccc1Cc1ccccc1,True,48
C[C@@H](O[C@H]1OCCN(Cc2n[nH]c(=O)[nH]2)[C@H]1c1ccc(F)cc1)c1cc(C(F)(F)F)cc(C(F)(F)F)c1,True,474
OC(CCN1CCCCC1)(c1ccccc1)C1CC2C=CC1C2,True,216
N[C@H]1C(O)O[C@H](CO)[C@@H](O)[C@@H]1O,True,6376
CN(C)[C@@H]1C(O)=C(C(N)=O)C(=O)[C@@]2(O)C(O)=C3C(=O)c4c(O)cccc4[C@@](C)(O)[C@H]3[C@H](O)[C@@H]12,False,0
CO/N=C(\C(=O)N[C@@H]1C(=O)N2C(C(=O)O)=C(COC(N)=O)CS[C@H]12)c1ccco1,True,713
c1ccc(C2(N3CCCCC3)CCCCC2)cc1,True,3114
CNS(=O)(=O)Cc1ccc2[nH]cc(CCN(C)C)c2c1,True,1041
CN(C)c1ccc(O)c2c1C[C@H]1C[C@H]3[C@H](N(C)C)C(O)=C(C(N)=O)C(=O)[C@@]3(O)C(O)=C1C2=O,True,4
COc1ccccc1OCCNCC(O)COc1cccc2[nH]c3ccccc3c12,True,758
COc1cc2c(cc1OC)C(=O)C(CC1CCN(Cc3ccccc3)CC1)C2,True,2064
CN1CCN(C2=Nc3cc(Cl)ccc3Nc3ccccc32)CC1,True,3544
NS(=O)(=O)c1cc2c(cc1Cl)NC(CC1CCCC1)NS2(=O)=O,True,31
CN(C)CCCC1(c2ccc(F)cc2)OCc2cc(C#N)ccc21,True,1724
Clc1ccc2nsnc2c1NC1=NCCN1,True,85
COc1c(N2C[C@@H]3CCCN[C@@H]3C2)c(F)cc2c(=O)c(C(=O)O)cn(C3CC3)c12,True,1081
Cc1cnc(C(=O)NCCc2ccc(S(=O)(=O)NC(=O)NC3CCCCC3)cc2)cn1,True,366
CCOC(=O)C1=C(C)NC(C)=C(C(=O)OC)C1c1cccc(Cl)c1Cl,True,540
C[C@]12CC[C@H]3[C@@H](CCC4=CC(=O)CC[C@@]43C)[C@@H]1CC[C@@H]2O,True,17667
O=C1NCC2(CCN(CCc3ccccc3)CC2)O1,True,7
C[C@@H](c1ncncc1F)[C@](O)(Cn1cncn1)c1ccc(F)cc1F,True,1463
Nc1ccc(S(=O)(=O)Nc2ncccn2)cc1,True,1090
CN1CCN(CC(=O)N2c3ccccc3C(=O)Nc3cccnc32)CC1,True,1174
CC1(C)S[C@@H]2[C@H](NC(=O)[C@H](C(=O)O)c3ccsc3)C(=O)N2[C@H]1C(=O)O,True,400
NCC(O)c1cccc(O)c1,True,119
CN(C)[C@@H]1C(O)=C(C(N)=O)C(=O)[C@@]2(O)C(O)=C3C(=O)c4c(O)ccc(Cl)c4[C@@H](O)[C@H]3C[C@@H]12,False,0
NC[C@H]1O[C@H](O[C@@H]2[C@@H](N)C[C@@H](N)[C@H](O[C@H]3O[C@H](CO)[C@@H](O)[C@H](N)[C@H]3O)[C@H]2O)[C@H](N)C[C@@H]1O,False,0
