Drug_ID,Drug,Y
134809569,O=C(NCCc1cnc[nH]1)c1ccc(-c2ncc3cnc(-c4cccc(F)c4)cn23)cc1,0
15990148,Cc1cccc(N2CCN(c3nc4ccccc4c4nnc(C)n34)CC2)c1C,1
70789405,Cc1ccc(S(=O)(=O)Nc2cnccc2C(=O)NCCc2ccccc2)cc1,1
664662,COc1ccc2[nH]c(=O)c(-c3noc(-c4ccccc4)n3)cc2c1,1
946390,COc1cccc(-c2nc(-c3cc4cc(OC)ccc4[nH]c3=O)no2)c1,1
651756,COc1ccc2[nH]c(=O)c(-c3noc(-c4ccc(F)cc4)n3)cc2c1,1
25109905,N=c1c2c(ccn1CCc1ccccc1)Oc1ccc3ccccc3c1C2c1ccccc1,1
135398737,CN1CCN(C2=Nc3cc(Cl)ccc3Nc3ccccc32)CC1,1
53137466,COc1cccc(C(=O)Nc2ccc3c(N4CCOCC4)ncnc3c2)c1,1
53137515,O=C(Nc1ccc2c(N3CCOCC3)ncnc2c1)c1cccc(Br)c1,1
9368465,Cc1ccc(S(=O)(=O)N2CCN(C(=O)c3cc4c(s3)CCC4)CC2)cc1,1
160355,CC[C@H](CO)Nc1nc(NCc2ccccc2)c2ncn(C(C)C)c2n1,1
4127215,Cc1ccc(S(=O)(=O)Nc2ccccc2C(=O)Nc2nccs2)cc1,1
44144356,NC(=O)C1CCN(c2nc(-c3cccnc3)cs2)CC1,1
66552906,COc1cccc(-n2nc(C(=O)O)cc2-c2ccc(C3CCCCC3)c(Cl)c2)c1,1
118957930,CNC(=O)Cn1cc(-c2ccc3c(c2)C(F)CC32NC(=O)N(CC(=O)N(Cc3ccc(F)cc3)[C@@H](C)C(F)(F)F)C2=O)cn1,1
3604519,Cc1cccc2c(C(=O)O)cc(-c3cccs3)nc12,1
16020100,CCOC(=O)c1ccc(N2C(=O)c3[nH]nc(-c4ccc(OC)cc4)c3C2c2ccc(C)cc2)cc1,1
53277,CC1Oc2cc3c(-c4c(O)cc(O)c5c(O)c6c(cc45)OC(C)C(C)C6=O)c(O)cc(O)c3c(O)c2C(=O)C1C,0
133053821,CN1CCCC1CCOC(c1cc2nccc(C(=O)O)c2[nH]1)c1ccccc1Cl,0
72943187,CCOC(=O)Nc1cc(-c2ccc(C)c(NS(C)(=O)=O)c2)nn2c(C)nnc12,1
2964643,CCCCC1CCC(C(=O)Nc2ccc(S(=O)(=O)Nc3nccs3)cc2)CC1,1
46916382,Cc1ccc(NC(=O)N2CCN(c3nc(N)nc4sc(-c5cccnc5)nc34)CC2)cc1,1
4457031,CCN(CC)S(=O)(=O)c1ccc(N2CCCC2)c(NS(=O)(=O)c2ccccc2)c1,1
4827509,CCN(CC)S(=O)(=O)c1ccc(N2CCCC2)c(NS(=O)(=O)c2ccc(C)cc2)c1,1
49853377,CC(C)(C)OC(=O)N1CCN(c2ccc(NCc3ccc(-c4ccc(C#N)cc4)o3)cc2)CC1,1
87051912,C[C@H]1CN(C(=O)c2nn(C)c3ccccc23)C[C@@H]1c1nc(-c2cccnc2)no1,1
131955127,NS(=O)(=O)c1ccc(Cc2c(-c3cccc(-c4ccccc4)c3)nn(-c3nc(C(=O)O)cs3)c2CC2CC2)cc1,0
70789374,Cc1ccc(S(=O)(=O)Nc2ccccc2C(=O)Nc2nc(-c3ccccc3)co2)cc1,1
70789455,Cc1ccc(S(=O)(=O)Nc2cnccc2C(=O)Nc2nc(-c3cc4ccccc4o3)cs2)cc1,0
70789372,Cc1ccc(S(=O)(=O)Nc2ccccc2C(=O)Nc2ccc(-c3ccccc3)nc2)cc1,1
9893924,S=C(NCCCc1cnc[nH]1)NCCCN(Cc1ccc(Cl)c(Cl)c1)c1ccc(Br)cn1,1
71295995,Fc1ccc(Nc2ccnc(-c3ccncc3)n2)cc1F,1
70789359,Cc1ccc(CNc2ccccc2C(=O)Nc2nc(-c3ccccc3)cs2)cc1,1
71296017,Fc1ccc(Nc2nccc(-c3ccncc3)n2)cc1F,1
46907675,NC(=O)C1CCN(c2nc(-c3cccc4sc5ccccc5c34)cs2)CC1,1
5165652,Cc1cccc2nc(-c3cccnc3)c(Nc3ccc(C(C)C)cc3)n12,1
67960134,CS(=O)(=O)c1ccc(-c2nnc(/C=C/c3nnc(-c4ccc(C#N)cc4)o3)n2-c2ccccc2Cl)nc1,1
16020904,CCN1CCC(N(Cc2ccc3c(c2)OCO3)C(=O)Nc2cc(Cl)ccc2C(=O)OC)CC1,1
45166254,COc1cccc(CN2CCCC(c3nc(-c4ccncc4)ncc3-c3ccccc3)C2)c1O,1
4176165,Cc1nc(N2CCN(c3ccccn3)CC2)c2c(C)c(C(=O)Nc3ccc(F)cc3Cl)sc2n1,1
6460634,CCOc1ccc(S(=O)(=O)NCc2cccnc2)cc1NC(=O)c1ccccc1F,1
765549,Cc1cccc(CN2CCN(c3ccccn3)CC2)c1,1
16030748,Cc1cccc(-c2cc(NC(=O)c3ccccc3C)n(-c3ccccc3)n2)c1,1
46907710,NC(=O)C1CCN(c2ncnc(-c3ccc4c(c3)OCCCO4)n2)CC1,1
3243406,COc1ccc(-c2nc(CS(=O)CC(=O)N3CCC4(CC3)OCCO4)c(C)o2)cc1,1
134805643,Cc1noc(C)c1CN1CCNc2cc(Nc3ccccc3)ncc2C1,1
57519548,CCN(CCCO)CCCOc1ccc2c(Nc3cc(CC(=O)Nc4cccc(F)c4)[nH]n3)ncnc2c1,0
11497983,CCN(CCCOc1ccc2c(Nc3cc(CC(=O)Nc4cccc(F)c4)[nH]n3)ncnc2c1)CCOP(=O)(O)O,0
1450429,Cc1ccccc1C(=O)N1CCc2cc(-c3csc(NC(=O)Cc4ccc5c(c4)OCO5)n3)ccc21,1
1383822,Cc1ccccc1C(=O)N1CCc2cc(-c3nc(NC(=O)Cc4ccc5c(c4)OCO5)sc3C)ccc21,1
1450433,Cc1cccc(C(=O)N2CCc3cc(-c4nc(NC(=O)Cc5ccc6c(c5)OCO6)sc4C)ccc32)c1,1
3231830,Cc1sc(NC(=O)Cc2ccc3c(c2)OCO3)nc1-c1ccc2c(c1)CCN2C(=O)c1ccccc1F,0
46947870,CCOc1ccc(CCNC(=O)c2cccc(C(=O)c3ccccc3)c2)cc1OCC,1
134811090,Cc1cc(-c2cc3c(nc2-c2ccccc2)nc(C(=O)NCCN(C)C)n3C)ccn1,1
16373899,O=c1cc(CN2CCCN(c3ccc(C(F)(F)F)cn3)CC2)nc2ccccn12,1
91623360,CN1CCN(c2ccc(-c3cccc(CN4CCOCC4)c3)cc2NC(=O)c2c[nH]c(=O)cc2C(F)(F)F)CC1,0
59422203,CC[C@@](C)(Nc1ccnc(-c2c[nH]c3ncccc23)n1)C(=O)NCC(F)(F)F,1
46907753,CN(C)c1cccc(-c2cnc(N3CCC(C(N)=O)CC3)nc2)c1,1
72725,Nc1cc2nc3ccccc3oc-2cc1=O,1
72183103,CC1(C)CC2CC(C)(CN2S(=O)(=O)c2ccc(C(=O)Nc3ccc(Cl)cc3)cc2)C1,1
892164,COc1ccccc1CNc1ccc(N2CCCCC2)cc1,1
3232805,Cc1noc(C)c1C(=O)N1CCC2(CC1)CCN(C(c1ccccc1)c1ccccc1)CC2,1
134811263,COc1ccccc1-c1cc2c(ccn2C)c(C(=O)NCC2CCN(C)C(=O)C2)n1,1
70789477,Cc1cc(S(=O)(=O)Nc2cnccc2C(=O)Nc2nc(-c3ccccc3)cs2)c(C)o1,1
70701474,CNc1oc(-c2cccc(-c3ccccc3)c2)nc1C#N,1
15988159,CC(C)c1ccc(S(=O)(=O)c2cnc(SCC(=O)Nc3ccc4c(c3)OCCO4)[nH]c2=O)cc1,0
16023100,Cc1cccc(N(C)c2nc3ccccc3c3nnc(C)n23)c1,1
4853613,Cc1ccc(C(=O)Nc2nc(-c3ccccn3)cs2)cc1S(=O)(=O)N1CCOCC1,1
4853713,O=C(Nc1nc(-c2ccccn2)cs1)c1cccc(S(=O)(=O)N2CCOCC2)c1,1
70789541,Cc1ccc(S(=O)(=O)n2cc(C(=O)Nc3nc(-c4ccccc4)cs3)c3ccccc32)cc1,0
656272,Cc1ccc(-c2[nH]n3c(=O)c4c(nc3c2C)CCCC4)cc1,1
133053814,C=C1[C@@H](C)C2[C@H](Cc3ccccc3)NC(=O)[C@@]23C(/C=C/C[C@H](C)C[C@@](C)(O)/C=C/[C@@H]3OC(C)=O)[C@@H]1O,1
110197656,COc1ccc2[nH]c3c(c2c1)CCNC31CCN(S(=O)(=O)c2c(C)noc2C)CC1,1
16031361,COc1ccc(CNC(=O)Cn2nc3c(cc2=O)CCCC3)cc1,1
46907673,O=S(=O)(c1ccccc1)N1CCN(c2nc(-c3ccc(Br)cc3)cs2)CC1,1
134791156,O=C(NC1CC1)c1nc(-c2cccnc2)c2ccccn12,1
53137434,O=C(Nc1ccc2c(N3CCCCC3)ncnc2c1)c1cc(F)cc(F)c1,1
10429706,Cc1cn2c(N)c(Cl)cc(C(=O)NCC3CCN(CC(C)C)CC3)c2n1,1
46907688,O=C(c1ccco1)N1CCN(c2nc(-c3ccc(Br)cc3)cs2)CC1,0
5567,O=C(CCCN1CCC(O)(c2cccc(C(F)(F)F)c2)CC1)c1ccc(F)cc1,1
91887902,O=C(NC1CCCN(c2cc(-c3ccc(F)cc3)[nH]n2)C1)c1ccc2ncccc2c1,1
134788378,O=C(NCc1ccncc1)c1nc(-c2cccnc2)c2cnccn12,0
92044400,Cc1sc2c(c1C)C(c1ccc(Cl)cc1)=N[C@@H](CC(=O)Nc1ccc(OCCOCCOCCOCCNc3cccc4c3C(=O)N(C3CCC(=O)NC3=O)C4=O)cc1)c1nnc(C)n1-2,0
16019899,COc1ccc(NC(=O)CCCc2nnc3n(CCC(C)C)c(=O)c4sccc4n23)cc1Cl,1
70789687,Fc1cc(Nc2nc(-c3ccncc3)nc3ccccc23)ccc1-c1cncnc1,0
16023573,COc1ccc(OC)c(CNc2ncnc3onc(C)c23)c1,1
833993,Oc1ccc(NCc2ccccc2OCc2ccccc2Cl)cc1,1
9282884,Cc1nc(Sc2nnnn2C)c2c(-c3ccccc3)csc2n1,1
2526122,Cn1nnnc1Sc1ncnc2scc(-c3ccc(F)cc3)c12,1
44142148,Cn1nnnc1Sc1ncnc2scc(-c3cccc(S(C)(=O)=O)c3)c12,1
17399346,CCn1nnnc1Sc1ncnc2scc(-c3ccc(C)cc3)c12,1
44825271,Cn1nnnc1Sc1ncnc2scc(-c3ccccc3F)c12,1
44825280,CC(=O)c1cccc(-c2csc3ncnc(Sc4nnnn4C)c23)c1,1
5305440,O=C(CNC12CC3CC(CC(C3)C1)C2)c1ccc(Cl)cc1,1
53255389,O=C(Cc1ccc(Cl)c(Cl)c1)Nc1ccc([S+](=O)([O-])Nc2ccccn2)cc1,1
664077,Cc1ccc2c(c1)[nH]c1c(N3CCN(Cc4ccccc4)CC3)ncnc12,1
2985259,O=C(Nc1ccc(N2CCN(C(=O)c3ccccc3F)CC2)cc1)c1cncc(Br)c1,1
5289419,COc1ccc2c(c1)/C(=C/c1cnc[nH]1)C(=O)N2,1
3343,CC(Cc1ccc(O)cc1)NCC(O)c1cc(O)cc(O)c1,0
118721624,[2H]C([2H])(Nc1nc(-c2ccccc2C([2H])(C([2H])([2H])[2H])C([2H])([2H])[2H])ncc1C)c1ccc(-n2ccnn2)cc1,1
60167873,Cc1cnc(-c2ccccc2C(C)(C)C)nc1NCc1ccc(-n2ccnn2)cc1,1
60167924,CC(C)c1ccccc1-c1ncc(F)c(NC(C)(C)c2ccc(-n3ccnn3)cc2)n1,1
60167849,Cc1cnc(-c2ccccc2C(C)C)nc1NCc1ccc(-n2ccnn2)cc1,1
60167906,CC(C)c1ccccc1-c1ncc(F)c(NCc2ccc(-n3ccnn3)cc2)n1,1
60167828,Cc1cnc(-c2ccccc2OC(C)C)nc1NCc1ccc(-n2ccnn2)cc1,1
60167918,Fc1cnc(-c2ccccc2C(F)F)nc1NCc1ccc(-n2ccnn2)cc1,1
60167866,Cc1cnc(-c2ccccc2C(F)F)nc1NCc1ccc(-n2ccnn2)cc1,1
70789514,Cc1ccc(S(=O)(=O)Nc2ccccc2C(=O)Nc2ncc(-c3ccccc3)o2)cc1,1
70701382,COc1cccc(CNc2ccc(S(=O)(=O)Nc3ncccn3)cc2)c1O,1
56970298,CN(C)c1ccc2cc(C(=O)N[C@@H](CCCN=C(N)CCl)C(=O)NCc3ccccc3)ccc2c1,0
70789536,O=C(Nc1nc(-c2ccccc2)cs1)c1ccncc1NS(=O)(=O)c1cccc2cccnc12,1
3627,CN1CCCN(C(c2ccccc2)c2ccc(Cl)cc2)CC1,1
16009365,CC(C)CNc1ncnc2onc(-c3ccc(Cl)cc3)c12,1
16023553,COCCNc1ncnc2onc(-c3ccc(F)cc3)c12,1
44143948,NC(=O)C1CCN(c2nc(-c3ccc4ccccc4c3)cs2)CC1,1
46907721,O=C(NCCc1ccccc1)C1CCN(c2nc(-c3ccc(Br)cc3)cs2)CC1,0
60167932,CC(C)c1ccccc1-c1nc2c(c(NCc3ccc(-c4cccnc4)cc3)n1)CNC2,1
71307850,Cc1cccc(-n2cnc3cc(C(=O)N4CCCC(C(C)C)C4)ccc32)c1,1
3243760,Cc1cccc(-n2cnc3cc(C(=O)N4CCCCC4)ccc32)c1,1
71307865,O=C(c1ccc2c(c1)ncn2-c1cccc(Cl)c1)N1CCCCC1,1
71307847,COc1ccccc1-n1cnc2cc(C(=O)N3CCCCC3)ccc21,1
71307862,CCOC(=O)c1ccc(-n2cnc3cc(C(=O)N4CCCCC4)ccc32)cc1,1
71307813,Cc1cccc(-n2cnc3cc(C(=O)N4CCCC(C(F)(F)F)C4)ccc32)c1,1
3474778,COc1ccc(-n2cnc3cc(C(=O)N4CCCCC4)ccc32)cc1,1
71307828,Cc1cccc(-n2cnc3cc(C(=O)N4CCC(Br)CC4)ccc32)c1,1
71307859,Cc1cccc(-n2cnc3cc(C(=O)N4CCCC(C)C4)ccc32)c1,1
71307871,Cc1cccc(-n2cnc3cc(C(=O)N4CCCC(C)(C)C4)ccc32)c1,1
49705773,O=C(c1ccc2c(c1)ncn2-c1ccccc1)N1CCCCC1,1
71307863,O=C(c1ccc2c(c1)ncn2-c1cccc(C(F)(F)F)c1)N1CCCCC1,1
71307815,O=C(c1ccc2c(c1)ncn2-c1ccc(C(F)(F)F)cc1)N1CCCCC1,1
71307830,CC(C)(C)c1ccc(-n2cnc3cc(C(=O)N4CCCCC4)ccc32)cc1,1
71307834,O=C(c1ccc2c(c1)ncn2-c1ccc(Cl)cc1)N1CCCCC1,1
135412648,Oc1cccc2nc3ccccc3nc12,1
70789501,O=C(Nc1ccc([S+](=O)([O-])Nc2nccs2)cc1)c1ccccn1,0
4918753,COc1ccc(CCN2C(=O)N(c3ccc(F)cc3)C(=O)C2CC(=O)Nc2ccc(F)c(F)c2)cc1,1
46907743,NC(=O)C1CCN(c2nc(-c3ccc(OCc4ccccc4)cc3)cs2)CC1,0
16747388,Cc1ccc(C(=O)Nc2cccc(C(F)(F)F)c2)cc1Nc1nc(-c2cccnc2)nc2c1cnn2C,1
2746,CC(=O)Nc1ccc(C(=O)Nc2ccccc2N)cc1,0
16360527,COC(=O)c1ccccc1NC(=O)c1ccccc1OC(F)F,1
131601,CCOP(=O)(Cc1ccc(C(=O)Nc2ccc(Br)cc2C#N)cc1)OCC,1
3241048,CCN(CC)S(=O)(=O)c1cccc(C(=O)Nc2ccc(C#N)cc2)c1,1
71771097,COc1ccc(NC(=O)c2c(C)cccc2C)cc1[S+](=O)([O-])N(C)C,1
71771108,Cc1cccc(C)c1C(=O)Nc1cccc([S+](=O)([O-])N(C)C)c1,1
2979657,Cc1nc(NCc2ccco2)nc2c1C(=O)CC(C)C2,1
49853203,Cc1cc(C)nc(NC(=S)N2CCN(c3ccncc3)CC2)c1,1
53708,CSc1ccc(C(=O)c2[nH]c(=O)[nH]c2C)cc1,1
277845,O=C1CCCCc2cc(O)c(O)cc21,1
16031022,CCOC(=O)c1[nH]c(C)c(CCC(=O)N2CCN(c3cccc(C)c3C)CC2)c1C,1
16031040,CCOC(=O)c1[nH]c(C)c(CCC(=O)N2CCN(c3cc(C)ccc3C)CC2)c1C,1
16031042,CCOC(=O)c1[nH]c(C)c(CCC(=O)N2CCN(c3cc(Cl)ccc3C)CC2)c1C,1
53276,CCOC(=O)Nc1ccc(NCc2ccc(F)cc2)nc1N,1
44144352,Cc1noc(C)c1-c1csc(N2CCC(C(N)=O)CC2)n1,1
71707181,O=C(NCCN1CCOCC1)C1CC(=O)N(c2n[nH]c3cc(Br)ccc23)C1,0
2515,CCOC(=O)NNc1ccc(N(CC)CC(C)O)nn1,1
16020134,CCOC(=O)C1=C(CN(CC)Cc2ccccc2)NC(=O)NC1c1ccc(OC(C)C)cc1,1
16033099,CC(=O)c1ccc(N2CCN(c3ccc(NC(=O)c4ccc(F)cc4)cc3C(=O)O)CC2)cc1,1
46907687,CCOC(=O)C1CCN(c2ncc(-c3ccc4c(c3)OCCCO4)s2)CC1,1
46907666,O=C(O)C1CCN(c2ncc(-c3ccc4c(c3)OCCCO4)s2)CC1,1
133053865,NC1(c2ccc(NC(=O)c3ccnc(-c4cc(C(=O)O)ccn4)c3)cc2)CC1,0
133053880,COC(=O)c1ccnc(-c2cc(C(=O)Nc3ccc(C4(N)CC4)cc3)ccn2)c1,1
75367148,Fc1ccc(CN2CCOC[C@H]2c2ncc(-c3ccc(Cl)s3)[nH]2)cc1,1
73051434,Cc1cc2c(C(N)=O)cccc2n1-c1nc2c(c(NCc3ccccc3)n1)COCC2,1
2747117,O=c1[nH]nc(Sc2ncc([N+](=O)[O-])s2)n1-c1ccc2c(c1)OCCO2,1
75411313,O=C(NC[C@H]1Cn2c(-c3ccc(Cl)cc3)cnc2CO1)C1CCCC1,1
3074829,Cc1cc2ccccc2n1CC(=O)NC1CCCCC1,1
4091590,Cc1ccc2nc(-c3ccccn3)c(Nc3ccccc3C)n2c1,1
7066847,Cc1cccc2nc(-c3ccccn3)c(Nc3ccc(F)cc3)n12,1
4019569,CCN(CC)S(=O)(=O)c1ccc(N2CCOCC2)c(NC(=O)c2[nH]c(C)c(C(C)=O)c2C)c1,1
563972,CSc1nnc2c3ccccc3n(CCc3ccccc3)c2n1,1
15987880,CCc1cccc(NC(=O)C(Cc2ccccc2)NS(=O)(=O)c2cccs2)c1,1
14096316,C[C@@]12O[C@@H](C[C@]1(O)CO)n1c3ccccc3c3c4c(c5c6ccccc6n2c5c31)CNC4=O,0
57339144,O=C(c1ccc(C(=O)N2CCC(N3CCCC3)CC2)c(Nc2ccccc2)c1)N1CCC(N2CCCC2)CC1,0
2886111,CC(C)(C)C1CCc2c(sc(NC(=O)c3ccncc3)c2C(N)=O)C1,1
5329102,CCN(CC)CCNC(=O)c1c(C)[nH]c(/C=C2\C(=O)Nc3ccc(F)cc32)c1C,1
5908088,O=C1Nc2ccccc2/C1=C/c1ccc[nH]1,1
6418891,FC(F)(F)c1cccc(Sc2nc(-c3ccccc3)nnc2C(F)(F)F)c1,1
78357767,COc1cc2nc(N3CCCC3)nc(NCCCCCN3CCCC3)c2cc1OC,0
70789420,Cc1ccc(-c2cc(C(=O)Nc3ccc(S(=O)(=O)N(C)Cc4nccs4)cc3)c3ccccc3n2)cc1C,0
70789516,Cc1ccc(-c2cc(C(=O)Nc3ccc(S(=O)(=O)NCc4nccs4)cc3)c3ccccc3n2)cc1C,0
123767,NC1(c2ccccc2Cl)CCCCC1=O,1
3821,CNC1(c2ccccc2Cl)CCCCC1=O,1
2859981,CCOC(=O)c1c(NC(=O)CN2CCCCC2)sc2c1CCN(C(=O)OCC)C2,1
654450,O=C(NCc1ccco1)c1nc2nc(-c3cccs3)cc(C(F)(F)F)n2n1,1
68261,O=c1c2ccccc2nc2n1CCC2,1
16010131,CCCNC(=O)c1ccc2c(c1)N=C(C)c1c(C)ccc(C)c1S2,1
11364421,CC[C@@H]1C(=O)N(C)c2cnc(Nc3ccc(C(=O)NC4CCN(C)CC4)cc3OC)nc2N1C1CCCC1,1
90489352,Cn1c(=O)cc(C(=O)NC2CCCc3c2[nH]c2c(Cl)cccc32)c2ccccc21,1
134789906,O=C(NC1CC1)c1nc(-c2cccnc2)c2cnccn12,1
71296007,Fc1ccc(Nc2nc(-c3ccnc4ccccc34)nc3ccccc23)cc1F,1
134799894,CC(C)(C)C(=O)N1CCN(c2nccc(Nc3ccccc3Cl)n2)CC1,1
71226662,CC#CC(=O)N1CCC[C@H]1c1nc(-c2ccc(C(=O)Nc3ccccn3)cc2)c2c(N)nccn12,1
70701452,CNc1oc(-c2ccc(-c3ccccc3)cc2)nc1C#N,1
72710617,O=C1Nc2ccccc2C12CC2c1cc(Cl)c(O)c(Cl)c1,1
70789654,Fc1cc(Nc2nc(-c3ccncc3)nc3ccccc23)ccc1-c1cccnc1,0
73549,O=C1c2ccccc2-n2c1nc1ccccc1c2=O,1
5736,CN(C)CCOC1=Cc2ccccc2Sc2ccc(Cl)cc21,1
71296021,c1ccc2c(Nc3nccs3)nc(-c3ccncc3)nc2c1,1
1379247,COc1ccc(OC)c(N2C(=O)C(Cl)=C(N3CCCCC3)C2=O)c1,1
573746,O=C(c1cccs1)c1nonc1C(=O)c1cccs1,1
765019,Cc1ccc(-c2cc(C(=O)NC3CCCCC3)c3ccccc3n2)cc1,1
46926360,Nc1ncnc2c1C(=O)N(c1ccc(C3CCC(CC(=O)O)CC3)cc1)CCO2,0
70789731,CCOc1ccc(CCNC(=O)c2cc3sccc3n2CCN2CCN(C)CC2)cc1OCC,1
16029337,CCN(CCN(C)C)C(=O)C1CCN(S(=O)(=O)c2c(C)noc2/C=C/c2ccccc2F)CC1,1
134808383,O=C(Cc1c[nH]c2ncc(-c3ccc(Cl)cc3)cc12)NCc1cccnc1,1
70789562,Cc1ccc(S(=O)(=O)Nc2cnccc2C(=O)Nc2nc(-c3ccc(Oc4ccccc4)cc3)cs2)cc1,1
26745074,Cc1cccc(-c2noc([C@@H]3Cc4nc[nH]c4CN3C(=O)CC(C)(C)CC(=O)O)n2)c1,1
28961069,Cc1cccc(-c2noc([C@@H]3Cc4nc[nH]c4CN3)n2)c1,1
72183105,O=C(Nc1ccc(Cl)c(S(=O)(=O)N2CCOCC2)c1)c1ccc(S(=O)(=O)N2CCOCC2)cc1,1
71826352,COc1ccc2c(ccn2CCC(=O)Nc2ccc3c(c2)C(=O)N2CCC[C@H]2C(=O)N3)c1,1
53255392,O=C(Cc1ccc(Cl)c(Cl)c1)Nc1ccc(S(=O)(=O)Nc2nncs2)cc1,0
56962336,CC(C)N(CCCNC(=O)Nc1ccc(C(C)(C)C)cc1)C[C@H]1O[C@@H](n2ccc3c(N)ncnc32)[C@H](O)[C@@H]1O,1
73265340,CC(C)N(CCCNC(=O)Nc1ccc(C(C)(C)C)cc1)C[C@H]1O[C@@H](n2cc(Br)c3c(N)ncnc32)[C@H](O)[C@H]1O,1
91890680,CCCCOc1ccc(C(=O)N2CCC(c3n[nH]c(=O)n3-c3ccc(C)cc3)CC2)cc1,1
16095342,CCn1c(-c2nonc2N)nc2cnc(Oc3cccc(NC(=O)c4ccc(OCCN5CCOCC5)cc4)c3)cc21,0
1265525,COc1cc(C(=O)N2CCN(c3cc(Cl)ccc3Cl)CC2)cc(OC)c1OC,1
135539077,CCNC(=O)c1noc(-c2cc(C(C)C)c(O)cc2O)c1-c1ccc(CN2CCOCC2)cc1,1
1357397,O=C(O)c1ccccc1-c1ccc(/C=c2\sc3nc4cc(Br)cnc4n3c2=O)o1,1
137299202,Oc1ccc(-c2nc(C3CC3)nc3c2CCN(Cc2ccc(F)cc2)CC3)cc1,1
40225210,O=S(=O)(c1ccc2ccccc2c1)N1CCN(c2nc(-c3cccs3)nc3ccccc23)CC1,0
1275864,COc1ccc(Cl)cc1C(=O)Nc1ccc(NC(=O)c2ccco2)cc1,1
17754438,OCCn1cc(-c2cnc3nnn(Cc4ccc5ncccc5c4)c3n2)cn1,1
31101,CC(C)C[C@H]1C(=O)N2CCC[C@H]2[C@]2(O)O[C@](NC(=O)[C@@H]3C=C4c5cccc6[nH]c(Br)c(c56)C[C@H]4N(C)C3)(C(C)C)C(=O)N12,1
134809727,Cc1nn2c(c1-c1ccccc1OCc1ccccc1)N(C(=O)Cc1ccc3c(c1)OCO3)CCC2,1
44460159,Oc1ccc(CNc2ccc(C(F)(F)F)cc2F)c2cccnc12,1
1090313,Cc1cccc(NCc2ccc(O)c3ncccc23)c1,0
44460161,Oc1ccc(CNc2ccc(F)cc2F)c2cccnc12,1
830235,Oc1ccc(CNc2ccccc2Br)c2cccnc12,0
1090321,Oc1ccc(CNc2ccccc2C(F)(F)F)c2cccnc12,1
698145,Oc1ccc(CNc2cccc(F)c2)c2cccnc12,0
655278,Oc1ccc(CNc2ccccc2F)c2cccnc12,1
87052512,O=C1CN(C(=O)CCC(=O)N2CCc3c(nc4cc(-c5ccccc5)[nH]n4c3=O)C2)c2ccccc2N1,0
135565082,Cn1ncnc1[C@H]1c2n[nH]c(=O)c3cc(F)cc(c23)N[C@@H]1c1ccc(F)cc1,1
22301,CN1CCc2cc3c(cc2C1)OCO3,1
20953663,Cc1nn(CC(=O)NCCCN2CCC(N3CCCCC3)CC2)c(=O)c2cc(-c3ccccc3)nn12,1
71296022,Fc1ccc(CNc2nc(-c3ccncc3)nc3ccccc23)cc1F,1
16010971,CC(C)NC(=O)C1CCN(C(=O)c2cc3sccc3n2Cc2ccc(Cl)cc2)CC1,1
7312224,CCCc1oc2ccc(NS(=O)(=O)c3ccc(OC)cc3)cc2c1C(=O)OCC,0
73265220,COc1cc(Cl)cn2c(-c3cccc(NC4CNC4)n3)cnc12,0
25169382,Clc1ccc2ncc(-c3cccc(NC4CNC4)n3)n2c1,1
50515,CN(C)CCN1C(=O)c2cccc3cc(N)cc(c23)C1=O,1
46925989,O=C1CCc2cc(S(=O)(=O)Nc3ccc(F)c(Cl)c3)c(F)cc2N1,1
44634868,Cc1cc(NS(=O)(=O)c2ccc3c(c2)CCC(=O)N3)ccc1F,1
7601970,O=C1CCc2cc(S(=O)(=O)Nc3ccc(F)c(Cl)c3)ccc2N1,1
44634872,Cc1ccc(Cl)cc1NS(=O)(=O)c1cc2c(cc1F)NC(=O)CC2,1
46925991,Cc1ccc(NS(=O)(=O)c2cc3c(cc2N[C@H](C)CO)NC(=O)CC3)cc1C,1
11858109,COc1cc2c(Oc3ccc(-c4cnc(Nc5ccc(F)cc5)n(C)c4=O)cc3F)ccnc2cc1OCCCN1CCOCC1,1
9681,CC[C@@H](CO)NC(=O)[C@@H]1C=C2c3cccc4c3c(cn4C)C[C@H]2N(C)C1,1
70789553,O=C(Nc1nc(-c2ccccc2)cs1)c1ccncc1NS(=O)(=O)c1cccs1,1
46907726,O=C(NCCCCc1ccccc1)C1CCN(c2nc(-c3ccc(Br)cc3)cs2)CC1,0
3235553,O=C(c1cnccn1)N1CCC2(CCCN(C(c3ccccc3)c3ccccc3)C2)CC1,0
136665264,COc1ccc(-c2ccc(C(=O)NC3CC(c4cc(=O)[nH]c(N)n4)C3)o2)cc1,1
71660777,Cn1cc(Cl)c(C2N=C(Nc3nc4ccccc4o3)NC3=C2C(=O)CCC3)n1,1
46926044,Cn1cc(Br)c(C2N=C(Nc3nc4ccccc4o3)NC3=C2C(=O)CCC3)n1,1
636411,COc1ccc2[nH]c(S(=O)Cc3ncc(C)c(OC)c3C)nc2n1,1
70789449,Cc1ccc(S(=O)(=O)Nc2cnccc2C(=O)Nc2nc(-c3nc4ccccc4s3)cs2)cc1,1
54677920,COC1C(OC(=O)c2ccc(C)[nH]2)C(O)C(Oc2ccc3c(O)c(NC(=O)c4ccc(O)c(CC=C(C)C)c4)c(=O)oc3c2Cl)OC1(C)C,0
7661054,CCOc1ccc(-c2nnc(SCC(=O)NCc3ccccc3Cl)o2)cc1,0
58221879,CC(O)(C#Cc1ccc2c(c1)N(c1nc(N)ncc1Cl)CC2)c1nccs1,1
16018319,CCOc1ccc(-c2cn3c(n2)sc2cc(C(=O)NCCCN(CC)CC)ccc23)cc1,1
2947897,Cc1nnc(N2C(=O)c3oc4ccccc4c(=O)c3C2c2ccc(F)cc2)s1,1
3234639,Cc1cnc(CNc2nc(-c3ccccc3Cl)nc3ccccc23)cn1,1
3233188,Cc1cnc(CNc2nc(-c3cccc(NS(C)(=O)=O)c3)nc3ccccc23)cn1,1
3234053,COc1ccccc1-c1nc(NCc2cnc(C)cn2)c2ccccc2n1,1
3136131,CCC(=O)NC(c1ccc(OC)cc1)c1cc(Cl)c2cccnc2c1O,1
15740787,COc1ccc(C2=Nn3c([n+](C)c4ccccc43)SC2)cc1.[Br-],0
70789670,Fc1cc(Nc2nc(-c3ccncc3)nc3ccccc23)ccc1-n1cncn1,1
72187536,Cc1ccccc1C(=O)N1CCc2cc(-c3nc(NC(=O)Cc4ccc5ccccc5c4)sc3C)ccc21,0
70701455,N#Cc1nc(-c2cccc3ccccc23)oc1Nc1ccccc1,1
134810595,O=C(c1cc2ccccc2[nH]1)N1CCc2c(n(Cc3cccnc3)n(CCc3ccccc3)c2=O)C1,1
9860529,O=c1cc(N2CCOCC2)oc2c1ccc1ccccc12,1
70789417,Cc1ccc(S(=O)(=O)Nc2cnccc2C(=O)Nc2nc(-c3ccc(-c4ccccc4)cc3)cs2)cc1,0
71771089,Cc1cc(C)c(C(=O)Nc2cccc([S+](=O)([O-])N3CCCC3)c2)[nH]1,1
71771106,CC(=O)c1c(C)[nH]c(C(=O)Nc2cccc([S+](=O)([O-])N3CC[C@@H](F)C3)c2)c1C,1
46907758,CN(C)c1cccc(-c2cc(N3CCC(C(N)=O)CC3)ncn2)c1,1
5708341,CCN(CC)CCCC(C)Nc1cc(/C=C/c2ccccc2Cl)nc2cc(Cl)ccc12,1
936270,COc1ccc(C2=Nn3c(nnc3-c3ccncc3)SC2)cc1,1
662914,c1ccc(C2=Nn3c(nnc3-c3ccncc3)SC2)cc1,1
735924,Clc1ccc(C2=Nn3c(nnc3-c3ccncc3)SC2)cc1,1
16024730,COc1ccccc1N1CCN(c2ccc3cc(S(=O)(=O)N4CCCCC4)ccc3n2)CC1,1
46907707,O=C(NCc1ccccc1)C1CCN(c2nc(-c3ccc(Br)cc3)cs2)CC1,1
3655913,COc1ccc(S(=O)(=O)N(C(=O)C(C)C)c2ccc3oc(=O)sc3c2)cc1,1
56643051,CC(C)COc1ccc(-c2ccc(=O)n(CC(=O)NCCc3ccccc3)n2)cc1,1
56643038,CC(C)Oc1ccc(-c2ccc(=O)n(CC(=O)NCCc3ccccc3)n2)cc1,1
56643052,CC(C)(C)c1ccc(-c2ccc(=O)n(CC(=O)NCCc3ccccc3)n2)cc1,1
46907738,NC(=O)C1CCN(c2nccc(-c3ccc4c(c3)OCCCO4)n2)CC1,1
70789367,O=C(Nc1nc(-c2ccccc2)cs1)c1ccncc1NS(=O)(=O)c1ccc(-c2ccccc2)cc1,0
16667700,COc1ccccc1OCCNCC(O)COc1cccc2[nH]c3ccccc3c12.O=C(O)C(O)C(O)C(=O)O,1
5307102,Cc1cc(Nc2ccc(Br)c(C)c2)n2nc(C)nc2n1,1
46907698,NC(=O)C1CCN(c2ncc(-c3ccc4c(c3)OCCO4)s2)CC1,1
4077172,CCCCN(CC)CCCNC(=O)c1ccc2c(c1)N(Cc1ccc(C)cc1)C(=O)c1ccccc1S2,1
1489415,N=c1c2ccccc2nnn1-c1ccc(C(F)(F)F)cc1,1
134806170,Cc1nn2c(c1-c1ccccc1-c1ccccc1)N(CCC(C)C)CCC2,1
76283751,Cn1cc(Nc2cnccc2C(=O)O)c2cccnc21,0
3596188,CCOC(=O)N1CCN(Cc2nc3c(c(=O)n(C)c(=O)n3C)n2CCC(C)C)CC1,1
70789671,COc1cc(Nc2nc(-c3ccncc3)nc3ccccc23)ccc1N1CCN(C)CC1,1
70789659,CN1CCN(c2ccc(Nc3nc(-c4ccncc4)nc4ccccc34)cc2F)CC1,1
44968250,CCOC(=O)c1ccc(-c2ccc3ncnc(NCCc4cnc[nH]4)c3c2)o1,1
16028197,COc1cccc(N2CCN(c3ncc4c(n3)CCN(Cc3ccc(Br)cc3)C4)CC2)c1,1
16028266,COc1ccc(CN2CCc3nc(N4CCN(c5ccc(F)cc5)CC4)ncc3C2)c(OC)c1OC,1
1497027,Cc1ccc(C(=O)Nc2ccc3oc(-c4cccnc4)nc3c2)cc1[N+](=O)[O-],1
18109531,O=C(Nc1ncccc1O)c1ccc(S(=O)(=O)Nc2ccccc2)cc1,1
71660730,O=C1CCCC2=C1C(c1[nH]ncc1Cl)N=C(Nc1nc3cc([S+](=O)([O-])N4CCOCC4)ccc3o1)N2,1
46926080,CC1=C(C(=O)Nc2nncs2)C(c2[nH]ncc2Cl)N=C(Nc2nc3ccccc3o2)N1,1
16007397,COc1ccc(C)cc1Nc1c2c(nc3ccccc13)CCC2,1
4368645,COc1cc(Cl)c(C)cc1Nc1c2c(nc3ccccc13)CCC2,1
15999416,COc1ccc(OC)c(Nc2c3c(nc4ccccc24)CCC3)c1,1
134810650,CNC(=O)C1CCN(C(=O)c2ccc(-c3ncc4cnc(-c5ccccc5)cn34)cc2)CC1,1
137299435,COc1ccc(-n2nc(C3CCCN(C(=O)Cc4ccc(F)cc4)C3)[nH]c2=O)cc1,1
25181195,Nc1ccc(-c2cccc3c(=O)cc(N4CCOCC4)oc23)cc1,1
676352,c1ccc(CNc2nc(NCc3ccccc3)c3ccccc3n2)cc1,1
71456641,Clc1cccc(-c2ccc(-c3nnc(CCCc4ccc5cccnc5n4)o3)cc2)c1,1
46947865,O=C(NC1CCCc2c1cnn2-c1ccc(F)cc1F)c1ccc(C2(C(F)(F)F)N=N2)cc1,0
25109894,N=c1c2c(ncn1-c1ccccc1)Oc1ccc3ccccc3c1C2c1ccc2c(c1)CCO2,1
134809348,COCCNc1ncc(-c2cccc(O)c2)c2c1OCC2,1
3246380,CC[C@H]1CN(C)[C@H]2Cc3c([nH]c4ccccc34)C(=O)C[C@H]1[C@H]2C(=O)OC,1
16028187,CCN1CCN(c2ncc3c(n2)CCN(Cc2cc(Br)cs2)C3)CC1,1
70789746,CCOc1cc2c(cc1OCC)CN(C(=O)c1cc3sccc3n1Cc1ccccc1)CC2,1
49852918,Cc1cc(C)nc(NC(=S)N2CCN(c3nccc(C(F)(F)F)n3)CC2)c1,1
46907787,Cc1sc2c(c1C)C(c1ccc(Cl)cc1)=N[C@@H](CC(=O)OC(C)(C)C)c1nnc(C)n1-2,1
72187550,CC(=O)Nc1nc(-c2ccc3c(c2)CCN3C(=O)c2ccccc2C)c(C)s1,1
11625818,CC[C@H](Nc1ncnc2nc[nH]c12)c1nc2cccc(F)c2c(=O)n1-c1ccccc1,1
53299062,COc1cccc(-c2noc(Nc3ccc4c(c3)OCCO4)n2)c1,1
134807222,COc1ncccc1-c1cc2[nH]ccc2c(C(=O)NCc2c(C)cc(C)[nH]c2=O)n1,1
53255421,O=C(Cc1ccc(Cl)c(Cl)c1)Nc1ccc(S(=O)(=O)Nc2ccon2)cc1,0
53255430,Cc1cc(NS(=O)(=O)c2ccc(NC(=O)Cc3ccc(Cl)c(F)c3)cc2)no1,1
53255428,Cc1cc(NS(=O)(=O)c2ccc(NC(=O)Cc3ccc(F)c(Cl)c3)cc2)no1,1
53255427,Cc1cc(NS(=O)(=O)c2ccc(N(C)C(=O)Cc3ccc(Cl)c(Cl)c3)cc2)no1,1
2431573,Cc1cc(NS(=O)(=O)c2ccc(NC(=O)Cc3ccc(Cl)c(Cl)c3)cc2)no1,1
1400,Cc1ccc(-c2nn(C(C)(C)C)c3ncnc(N)c23)cc1,1
4878,CC(C)(C)n1nc(-c2ccc(Cl)cc2)c2c(N)ncnc21,1
15991077,COc1cccc(C(=O)Nc2ccc3oc(-c4ccc5ccccc5c4)nc3c2)c1,1
70789657,Fc1cc(Nc2nc(-c3ccncc3)nc3ccccc23)ccc1-c1cn[nH]c1,1
44341401,N[C@H]1CN(c2c(F)cc3c(=O)c(C(=O)O)cn(C4C[C@@H]4F)c3c2Cl)CC12CC2,0
392622,CC(C)c1nc(CN(C)C(=O)N[C@H](C(=O)N[C@@H](Cc2ccccc2)C[C@H](O)[C@H](Cc2ccccc2)NC(=O)OCc2cncs2)C(C)C)cs1,1
70716515,CCC[C@@H]1CN(C(=O)c2ccc(-c3ccc(C)o3)cc2)C[C@H]1NC(C)=O,1
57383398,CCN1C(=O)c2ccccc2S(=O)c2ccc(NC(=O)Cc3ccc(F)cc3)cc21,1
57383419,CCN1C(=O)c2ccccc2S(=O)c2ccc(NC(=O)Cc3ccc(OC)cc3)cc21,1
11853799,Cc1cc(F)ccc1-c1nc(NCCN=C(N)NC#N)nc2c1ccc(=O)n2-c1c(F)cccc1F,0
71307821,Cc1cccc(-n2cnc3cc(C(=O)N4CCCCCC4)ccc32)c1,1
72846657,CC(=O)N[C@H]1CN(C2CCN(c3ccc(F)cc3C)CC2)C[C@@H]1C1CC1,1
46926041,O=C1CCCC2=C1C(c1ccncc1Br)N=C(Nc1nc3ccccc3o1)N2,1
46926017,O=C1CCCC2=C1C(c1ccncc1Cl)N=C(Nc1nc3ccccc3o1)N2,1
73265231,CNc1nc(-c2ccc3c(N)n[nH]c3c2)cc(N2C[C@@H](C(=O)NC3CCCCC3)CC[C@@H]2C)n1,1
71705536,O=C(NCCc1ccccn1)C1CC(=O)N(c2n[nH]c3cc(Br)ccc23)C1,0
70789745,CCOc1ccc(CCNC(=O)c2cc3sccc3n2Cc2ccncc2)cc1OCC,1
72187553,Cc1ccccc1C(=O)N1CCc2cc(-c3nc(NC(=O)Cc4ccc5c(c4)OCCO5)sc3C)ccc21,1
7957319,CN(C(=O)COC(=O)c1csc(NCc2ccccc2)n1)c1ccccc1,1
5223276,O=C(Nc1nnc(-c2ccco2)o1)c1ccc(Cl)cc1,1
3233084,N#Cc1cccc(-c2nccc(-n3ccnc3)n2)c1,1
3234914,CS(=O)(=O)Nc1cccc(-c2nccc(-n3ccnc3)n2)c1,1
3235438,Clc1ccccc1-c1nccc(-n2ccnc2)n1,1
16031336,O=C(c1cnc(N2CCCCC2)c2ccccc12)N1CCN(c2ccc(Cl)cc2)CC1,1
56881339,Cc1ncc2c(c1CNC(=O)Cn1cnc3ccccc3c1=O)CCNC2,1
52912189,COc1cc2c(cc1-c1c(C)noc1C)ncc1[nH]c(=O)n([C@H](C)c3ccccn3)c12,1
540335,CN1CCN(c2ccc(Nc3c4ccccc4nc4ccccc34)cc2)CC1,1
44144368,Cn1ccc2cc(-c3csc(N4CCC(C(N)=O)CC4)n3)ccc21,1
16018226,COc1ccc(CCNC(=O)Cn2c(=O)c3cccn3c3ccc(F)cc32)cc1OC,1
134789772,COC(=O)CNC(=O)c1nc(-c2ccc([S+](C)(=O)[O-])cc2)c2ccccn12,1
134793165,COC(=O)CNC(=O)c1nc(-c2ccc(F)cc2)c2ccccn12,1
134788860,C#CCNC(=O)c1nc(-c2ccc([S+](C)(=O)[O-])cc2)c2ccccn12,1
134789652,COC(=O)CNC(=O)c1nc(-c2ccccc2OC)c2ccccn12,1
70766183,CCc1[nH]c2ccc(CNC(=O)Cc3cnc4c(C)cccn34)cc2c1C,1
630762,NC(=O)C1CCN(c2nc(-c3cccc4ccccc34)cs2)CC1,1
9563318,O=C(N/N=C/c1ccc(Sc2ccccn2)o1)c1ccncc1,1
56832449,Cc1ccccc1C(C(=O)NC1CCCC1)N(C(=O)Cn1cnc2ccccc21)c1cccc(F)c1,1
133633,OC1(c2ccc(Cl)cc2)CCN(Cc2c[nH]c3ccccc23)CC1,1
60167886,Cc1nnc(-c2ccccc2C(C)C)nc1NCc1ccc(-c2cccnc2)cc1,1
7080326,Cc1c(-c2cccc(NC(=O)c3ccc(F)c(F)c3)c2)nc2ncccn12,1
16014151,Cc1cccc(C)c1NC(=O)c1nc(SC(C)C)ncc1Cl,1
16435314,CSc1ncc(Cl)c(C(=O)Nc2c(C)cccc2C)n1,1
71268957,CCCc1cc(C)[nH]c(=O)c1CNC(=O)c1cc(-c2ccnc(N3CCN(C)CC3)c2)cc2c1cnn2C(C)C,1
3244852,Cc1cc(C)cc(NS(=O)(=O)c2ccc3[nH]cc(C(=O)NCc4ccco4)c(=O)c3c2)c1,0
16414,CN(C)CCCN1c2ccc(O)cc2Sc2ccc(Cl)cc21,1
72287,COc1ccc2c(c1)N(C[C@H](C)CN(C)C)c1ccccc1S2,1
1252141,Cn1c(CN2CCCC2)nc2cc(NC(=O)COc3ccc(Cl)cc3)ccc21,1
723570,Cn1c(=O)c2c(nc(Cl)n2Cc2ccc(Cl)cc2)n(C)c1=O,1
53398697,CCOc1cc2ncc(C#N)c(Nc3ccc(OCc4ccccn4)c(Cl)c3)c2cc1NC(=O)C=CCN(C)C,0
6603247,Cl.N=c1c2c(n(Cc3ccccc3)c3c1CCC3)CCC2,0
1518779,Nc1cc(CN2C(=O)c3ccccc3C2=O)cc(Cl)c1O,1
8182575,O=C1Nc2ccccc2/C1=C\c1cc(Br)c(O)c(Br)c1,1
72710609,Cc1cccc2c1NC(=O)/C2=C/c1cc(Cl)c(O)c(Cl)c1,1
5713403,O=C1Nc2ccccc2/C1=C\c1ccc([N+](=O)[O-])cc1,1
72710612,O=C1Nc2ccccc2/C1=C\c1ccc(O)c(F)c1,1
11230874,Cc1cc(/C=C2/C(=O)Nc3ccccc32)cc(C)c1O,1
5034,O=C1Nc2ccc(I)cc2C1=Cc1cc(Br)c(O)c(Br)c1,1
10561847,O=C1Nc2ccccc2/C1=C\c1ccc(O)cc1,1
72710615,O=C1Nc2ccccc2/C1=C\c1cc(F)c(O)c(F)c1,1
2331198,COc1ccc(/C=C2/C(=O)Nc3ccccc32)cc1O,1
1478221,O=C1Nc2ccccc2/C1=C/c1cccc(C(=O)O)c1,0
72710613,O=C1Nc2c(Cl)cccc2/C1=C\c1cc(Cl)c(O)c(Cl)c1,1
72710618,O=C1Nc2cc(Cl)ccc2/C1=C\c1cc(Cl)c(O)c(Cl)c1,1
17982593,O=C1Nc2ccc(Cl)cc2/C1=C\c1cc(Cl)c(O)c(Cl)c1,1
72710611,O=C1Nc2cccc(Cl)c2/C1=C\c1cc(Cl)c(O)c(Cl)c1,1
69304814,O=C1Nc2ccccc2/C1=C/c1cc(Cl)c(O)c(Cl)c1,1
72710614,Cc1ccc2c(c1)/C(=C\c1cc(Cl)c(O)c(Cl)c1)C(=O)N2,1
2365267,O=C1Nc2ccccc2/C1=C\c1ccc(C(=O)O)cc1,0
890763,COc1cc(/C=C2\C(=O)Nc3ccccc32)ccc1O,1
72710610,O=C1Nc2ccccc2/C1=C\c1ccc(O)c(Cl)c1,1
135398638,O=c1[nH]cnc2nc[nH]c12,0
71771104,Cc1cc(C)c(C(=O)Nc2cccc([S+](=O)([O-])N3CCCCC3)c2)[nH]1,1
71771064,CC(=O)c1c(C)[nH]c(C(=O)Nc2cccc([S+](=O)([O-])N3CCC(F)(F)CC3)c2)c1C,1
135410503,CC1=C(C(=O)Nc2ccccc2)C(c2ccc[nH]2)n2ncnc2N1,1
49852801,Cc1ccnc(NC(=S)N2CCC(c3cccc(C(F)(F)F)c3)CC2)c1,1
16023052,Cc1ccc(-n2nc3c(N4CCCC(C(=O)NCc5ccccc5C)C4)nnc(C)c3c2C)cc1,1
53160384,CCCCc1ccc(NC(=O)c2ccc3c(c2)N(S(C)(=O)=O)CC3)cc1,1
71959602,CCCN1C(CC(C)C)=NS(=O)(=O)c2cc(NC(=O)c3cccs3)ccc21,1
16023293,Cc1c(Cl)cccc1-n1ncc(C(=O)Nc2ccc(Br)cc2F)c1C1CCNCC1,1
70701369,COc1cccc(CNc2ccc(C(=O)Nc3nccs3)cc2)c1O,1
53255391,Cc1cc(NC(=O)c2ccc(NC(=O)Cc3ccc(Cl)c(Cl)c3)cc2)no1,1
8099624,COC(=O)c1ccc(NS(=O)(=O)c2c(C)nc3sccn3c2=O)cc1,1
8099609,COc1cc(Cl)c(C)cc1NS(=O)(=O)c1c(C)nc2sccn2c1=O,1
8088003,CCN(c1ccccc1)S(=O)(=O)c1c(C)nc2scc(C)n2c1=O,1
46907703,CN(C)c1cccc(-c2cnc(N3CCC(c4ncc[nH]4)CC3)s2)c1,1
1416241,CCc1nc2c(sc3nc4c(cc32)COC(C)(C)C4)c(=O)n1Cc1ccco1,1
70789736,CCOc1ccc(CCNC(=O)c2cc3sccc3n2Cc2ccccn2)cc1OCC,1
137299468,COc1ccc(-n2nc(C3CCN(C(=O)Cc4ccc(F)cc4)CC3)[nH]c2=O)cc1,1
2982228,Cc1ccc2nc(-c3cc(NC(=O)c4ccc5c(c4)OCCO5)ccc3Cl)oc2c1,1
24868320,C=C[C@@]1(C)C[C@H](OC(=O)CSC(C)(C)CNC(=O)[C@@H](N)C(C)C)[C@@]2(C)C(C)CC[C@@]3(CCC(=O)[C@@H]32)[C@H](C)[C@H]1O,1
71608036,COC(=N)c1nc2ccc3ncnc(Nc4ccc(F)cc4Br)c3c2s1,1
21081761,O=C(Nc1ccc(Oc2ccnc3[nH]ccc23)c(F)c1)c1cccn(-c2ccc(F)cc2)c1=O,1
134809178,CN1Cc2c(cc(N3CCOCC3)nc2-c2ccccc2OC(F)(F)F)C1=O,1
15990040,COc1ccc(NC2=C(c3ccc(C(F)(F)F)cc3)C(=O)c3ccccc32)cc1,1
15990032,Cc1ccc(C)c(NC2=C(c3ccc(C(F)(F)F)cc3)C(=O)c3ccccc32)c1,0
15990000,Cc1ccc(NC2=C(c3ccc(C(F)(F)F)cc3)C(=O)c3ccccc32)cc1F,0
56593345,CCOc1ccccc1C(=O)Nc1ccncc1C(=O)Nc1cccc(S(=O)(=O)C(F)(F)F)c1,1
68165256,COc1cc(N2CCC(N3CCN(C)CC3)CC2)ccc1Nc1ncc(Cl)c(Nc2ccccc2P(C)(C)=O)n1,1
49852898,COC(=O)c1ccc(O)c2ncc(N3CCN(C)CC3)cc12,1
137299537,COc1ccc(-n2nc(C3CCCN(C(=O)c4ccccc4F)C3)[nH]c2=O)cc1,1
137299525,COc1ccc(-n2nc(C3CCCN(C(=O)c4cccc(OC)c4)C3)[nH]c2=O)cc1,1
137299434,COc1ccc(C(=O)N2CCCC(c3nn(-c4ccc(OC)cc4)c(=O)[nH]3)C2)cc1,1
137299464,COc1ccc(-n2nc(C3CCCN(C(=O)c4ccccc4)C3)[nH]c2=O)cc1,0
137299536,COc1ccc(-n2nc(C3CCCN(C(=O)c4ccc(C)cc4)C3)[nH]c2=O)cc1,1
701529,S=c1[nH]c2ccccc2n1CCc1ccccc1,1
17757089,Cc1noc(C)c1-c1ccc2ncnc(NCc3ccc4[nH]ccc4c3)c2c1,1
70789517,Cc1ccc(S(=O)(=O)Nc2cnccc2C(=O)Nc2nc(-c3cnn(C)c3)cs2)cc1,1
15989544,CCOc1ccc(OCC)c(NC(=O)C(NS(=O)(=O)c2ccc(Br)s2)c2ccccc2)c1,0
15988676,Cc1cc(Br)ccc1NC(=O)C(NS(=O)(=O)c1cccs1)c1ccccc1,0
15989548,CCN(C(=O)C(NS(=O)(=O)c1ccc(Br)s1)c1ccccc1)c1ccc(C)c(C)c1,1
15989546,CC(=O)Nc1ccc(NC(=O)C(NS(=O)(=O)c2ccc(Br)s2)c2ccccc2)cc1,1
15988674,O=C(Nc1ccc(Cl)cc1)C(NS(=O)(=O)c1cccs1)c1ccccc1,0
46907762,C#Cc1ccc(NC(=O)c2cnn3c(C)cc(C)nc23)cc1,1
3245031,COCCNC(=O)c1ccc(Cn2c(=S)[nH]c3cc4c(cc3c2=O)OCO4)cc1,1
2870379,CC(C)(C)C1CCc2[nH]c3ccccc3c(=O)c2C1,1
655308,O=c1c2c([nH]c3ccc(Br)cc13)CCCC2,1
45360472,Cc1nc(-c2ccccc2)cc([C@H]2CN3CC[C@H]2C[C@@H]3CNC2CCOCC2)n1,1
1092458,CC(=O)Nc1cccc(-c2csc(Nc3cc(C)ccn3)n2)c1,1
3237082,Cc1ccccc1NC(=O)Nc1cccs1,1
91623361,Cc1cn(CCN2CCN(c3ccccc3-c3cc(C#N)cc(C(=O)NCCCN4CCCC4)c3)CC2)c2ccccc12,0
53396328,O=C(C=Cc1cccnc1)NCCCCC1CCN(C(=O)c2ccccc2)CC1,1
25256849,CC(NCc1ccc2c(c1)nc(NC(=O)c1ccc(-c3cn[nH]c3)s1)n2CC(C)(C)O)C(C)(C)C,1
134805000,COc1ccc(-c2ccc3ncc(Nc4cccnc4OC)n3n2)cn1,1
26745159,O=C(NC1CCCCC1)N1Cc2[nH]cnc2C[C@H]1c1nc(-c2cccc([N+](=O)[O-])c2)no1,1
26745136,COc1ccc(-c2noc([C@@H]3Cc4nc[nH]c4CN3C(=O)NC3CCCCC3)n2)cc1,1
70789388,Cc1ccc(S(=O)(=O)Nc2cnccc2C(=O)Nc2nc(-c3ccc4c(c3)CCCC4)cs2)cc1,1
70701389,O=S(=O)(Nc1cccc2ccncc12)c1ccc(NCc2cccc(Cl)c2O)cc1,1
70701374,COc1cccc(CNc2ccc(S(=O)(=O)Nc3cccc4ccncc34)cc2)c1O,1
70701393,COc1cccc(CNc2ccc(S(=O)(=O)Nc3cccc4ccccc34)cc2)c1O,0
53255440,Cc1cc(NS(=O)(=O)c2ccc(C(=O)NCc3ccc(Cl)c(Cl)c3)cc2)no1,1
46907700,Cc1cnc(N2CCC(C(N)=O)CC2)nc1-c1cccc(N(C)C)c1,1
46907750,CC(C)Oc1cccc(-c2ccnc(N3CCC(C(N)=O)CC3)n2)c1,1
46907685,Cc1ccc(-c2ccnc(N3CCC(C(N)=O)CC3)n2)cc1,1
46907715,NC(=O)C1CCN(c2nccc(-c3ccc(Br)cc3)n2)CC1,1
46907720,CN(C)c1cccc(-c2ccnc(N3CCC(C(N)=O)CC3)n2)c1,1
46907704,CN(C)c1cccc(-c2nc(N3CCC(C(N)=O)CC3)ncc2F)c1,1
46947872,CCOC(=O)C1CCN(C(=O)C2(NC(=O)Nc3ccccc3Cl)CCC2)CC1,1
135457059,O=c1cc(CSc2ccc(Cl)cc2)nc(-c2ccccn2)[nH]1,1
71828900,O=C(NC1CCCc2c1[nH]c1c(Cl)cccc21)c1ccc2c(c1)OCO2,1
72714058,CN[C@@H](C)C(=O)N[C@@H]1C(=O)N(Cc2c(C)ccc3ccccc23)c2ccc(C#N)cc2N(C(C)=O)[C@H]1C,1
46926040,O=C1CCCC2=C1C(c1ncccc1Br)N=C(Nc1nc3ccccc3o1)N2,1
70789354,Cc1ccc(S(=O)(=O)Nc2cnccc2C(=O)Nc2ccc(S(=O)(=O)Nc3nccs3)cc2)cc1,0
134805319,Cc1cc(C)c(CNC(=O)c2nc(-c3cccc(CO)c3)cc3c2ccn3C)c(=O)[nH]1,1
31060889,CC(=O)NCc1ccc(-c2csc(Nc3cc(C)cc(C)c3)n2)o1,1
17464141,CC(=O)NCc1ccc(-c2csc(Nc3cccc(C)c3)n2)o1,1
16033040,CC(C)(C)c1ccc(S(=O)(=O)N2CCC(c3ccncc3)CC2)cc1,1
1245328,O=C(Nc1ccc(C(=O)N2CCCC2)cc1)c1ccccc1F,1
151115,CC[C@@]1(O)C(=O)OCc2c1cc1n(c2=O)Cc2c-1nc1cc(F)c(C)c3c1c2[C@@H](N)CC3,1
9954280,O=C(O)c1c(Sc2ccccc2)c2cc(Cl)ccc2n1Cc1ccc(Cl)cc1,1
73265267,CC(C)(C)OC(=O)N[C@@H](Cc1ccc(OS(=O)(=O)c2cccc3cnccc23)cc1)C(=O)N1CCCN(C(=O)OC(C)(C)C)CC1,1
71295944,CCOc1ccc(CCNC(=O)c2cc3cnccc3n2Cc2cccc(C)c2)cc1OCC,1
70726807,NC(=O)N1CCCC(C(=O)N2CCCN(c3ccc(F)cc3)CC2)C1,1
741756,CS(=O)(=O)c1ccc2nc(NC(=O)C3CC3)sc2c1,1
57377246,CN1C(=O)c2ccccc2[S@](=O)c2ccc(C(=O)NCCc3cccs3)cc21,1
16023551,Fc1ccc(CNc2ncnc3onc(-c4ccc(F)cc4)c23)cc1,1
60167892,Cc1cnc(-c2ccccc2C2CC2)nc1NCc1ccc(-c2cccnc2)cc1,1
134809345,COCCn1ccc2c(C3=CCOCC3)nc(-c3cccc(NC(C)=O)c3)cc21,1
92178,CN1CCN(CCCN2c3ccccc3Sc3ccc(S(=O)(=O)N(C)C)cc32)CC1.CS(=O)(=O)O.CS(=O)(=O)O,1
586278,COCc1cc(C)nc(SCC(=O)c2ccc(O)c(O)c2)c1C#N,1
57383401,CN1C(=O)c2ccccc2[S@](=O)c2ccc(C(=O)NCCN3CCCC3)cc21,1
45226889,Cc1cccc(-n2ncc3c2CCCC3NC(=O)c2c(F)ccc(F)c2F)c1C,1
46916310,O=C(NC1CCCc2c1cnn2-c1ccc(F)cc1F)c1ccccc1,1
16022685,COc1ccc(Cn2c(C(=O)O)c(CNCc3cccc(OC)c3)c3ccc(C)cc32)cc1,1
16018627,C=Cc1ccc(Cn2c(C(=O)O)c(CNCc3ccccc3)c3ccc(OC)cc32)cc1,1
71661259,CN1CCN(C(=O)c2ccc3cc(CCNc4ncnc5ccc(C#N)cc45)ccc3c2)CC1,1
72187544,Cc1ccccc1C(=O)N1CCc2cc(-c3ccnc(NC(=O)Cc4ccccc4)n3)ccc21,1
24905142,Nc1ncnc2c1c(-c1cnc3[nH]ccc3c1)nn2C1CCCC1,1
46926073,CC1=C(C(=O)Nc2nncs2)C2(CCCC2)N=C(Nc2nc3ccccc3o2)N1,0
110202952,Cc1noc([C@@H]2CN(C(=O)c3nn(C)c4ccccc34)C[C@H]2CO)n1,1
124050542,COC[C@@H]1CN(C(=O)c2n[nH]c3ccccc23)C[C@H]1c1nc(C)no1,1
124050558,COC[C@@H]1CN(C(=O)c2nn(C)c3ccccc23)C[C@H]1c1nc(C)no1,1
16014337,CCc1nnc(NC(=O)c2nc(S(=O)(=O)Cc3ccc(C)cc3)ncc2Cl)s1,1
16014339,CCCc1nnc(NC(=O)c2nc(S(=O)(=O)Cc3ccc(C)cc3)ncc2Cl)s1,1
134807136,Cc1nn2c(c1-c1ccccc1Oc1ccccc1)N(Cc1ccccc1O)CCC2,1
134791303,Cc1ccccc1N(C)C1CN([S+](=O)([O-])c2cccc(C(F)(F)F)c2)C1,1
70789726,CCOc1ccc(CCNC(=O)c2cc3sccc3n2Cc2ccccc2)c(F)c1OCC,0
70789737,CCOc1ccc(CCN(C)C(=O)c2cc3sccc3n2Cc2ccccc2)cc1OCC,1
70789729,O=C(NCCc1ccc(OCC(F)(F)F)c(OCC(F)(F)F)c1)c1cc2sccc2n1Cc1ccccc1,1
70789730,CCOc1ccc(C(C)CNC(=O)c2cc3sccc3n2Cc2ccccc2)cc1OCC,1
70789738,CCOc1cc(CCNC(=O)c2cc3sccc3n2Cc2ccccc2)cc(F)c1OCC,0
25161177,C[C@@H](NC(=O)c1ncnc(N)c1Cl)c1ncc(C(=O)Nc2cc(C(F)(F)F)c(Cl)cn2)s1,1
24963047,CC(C)(C)NS(=O)(=O)c1ccc(-c2ccc3[nH]nc(N)c3c2)cc1,1
4901885,COc1ccc(Cl)cc1NC(=O)c1sc2nc3c(cc2c1N)N1CCC3CC1,1
5297522,CCOC(=O)c1ccc(NC(=O)c2sc3nc4c(cc3c2N)N2CCC4CC2)cc1,1
5300038,N#Cc1cccc(NC(=O)c2sc3nc4c(cc3c2N)N2CCC4CC2)c1,1
4898908,Nc1c(C(=O)Nc2ccc(Cl)cc2)sc2nc3c(cc12)N1CCC3CC1,1
5302298,Nc1c(C(=O)Nc2ccc(Cl)c(C(F)(F)F)c2)sc2nc3c(cc12)N1CCC3CC1,1
16020562,CCN(CC)CCNC(=O)C1CCN(c2nn3cc(-c4ccc(F)cc4)nc3s2)CC1,1
46943210,CN(C(=O)CNC(=O)c1ccccc1OCC(=O)Nc1ccc(I)cc1)c1ccccc1,1
70789341,Cc1ccc(S(=O)(=O)Nc2ccc(C(=O)Nc3nc(-c4ccc(Cl)cc4)cs3)cc2)cc1,1
70789453,Cc1ccc(S(=O)(=O)Nc2ccc(C(=O)Nc3nc(-c4ccccc4)cs3)cc2Cl)cc1,1
70789742,CCOc1ccc(CCNC(=O)c2ccnn2Cc2cccc(C)c2)cc1OCC,1
38030234,CC(=O)NCCNC[C@@H]1C=C(C)[C@H](Cc2nnc(-c3ccccc3)o2)C[C@H]1C(C)C,1
70789551,Cc1ccc(S(=O)(=O)Nc2ccccc2C(=O)Nc2cnc(-c3ccccc3)cn2)cc1,1
16017851,CC(=O)Nc1cccc(Nc2nc3ccccc3n3c(C)nnc23)c1,1
91911825,COc1ccc(C(=O)NC2CCN(c3cnn(CC4CC4)c(=O)c3)CC2)c(OC)n1,1
17757102,COc1ccc(-c2nc3ccccc3c(=O)n2Cc2ccco2)cc1COc1ccc(NC(C)=O)cc1,0
49852946,Cc1ccc(-c2nc(NCC(=O)Nc3cccc(C(=O)O)c3)c3ccccc3n2)cc1,0
868798,Cc1ccc(NC(=O)c2cc(-c3ccc(C)o3)nc3ccccc23)nc1,1
25227462,Cc1nc(Nc2n[nH]c3c2CN(C(=O)N[C@H](CN(C)C)c2ccccc2)C3(C)C)c2sccc2n1,0
71771078,CC(=O)c1ccc(N[S+](=O)([O-])c2cccc(NC(=O)c3[nH]c(C)c(C(C)=O)c3C)c2)cc1,0
71771095,CC(=O)c1c(C)[nH]c(C(=O)Nc2cccc([S+](=O)([O-])Nc3c(C)cccc3C)c2)c1C,1
71771093,CC(=O)c1c(C)[nH]c(C(=O)Nc2cccc([S+](=O)([O-])Nc3ccc(C#N)cc3)c2)c1C,1
71771076,CC(=O)Nc1ccc(N[S+](=O)([O-])c2cccc(NC(=O)c3[nH]c(C)c(C(C)=O)c3C)c2)cc1,1
71771067,CCc1ccc(NC(=O)c2[nH]c(C)c(C(C)=O)c2C)cc1[S+](=O)([O-])Nc1ccccc1C#N,1
73424674,COc1ccc(NC(=O)c2[nH]c(C)c(C(C)=O)c2C)cc1[S+](=O)([O-])Nc1cccc(C#N)c1,1
71771101,CC(=O)c1c(C)[nH]c(C(=O)Nc2cccc([S+](=O)([O-])Nc3cccc(C#N)c3)c2)c1C,1
73424671,CCc1ccc(NC(=O)c2[nH]c(C)c(C(C)=O)c2C)cc1[S+](=O)([O-])Nc1ccc(C#N)cc1,1
73424672,COc1ccc(NC(=O)c2[nH]c(C)c(C(C)=O)c2C)cc1[S+](=O)([O-])Nc1ccccc1C#N,1
73424673,COc1ccc(NC(=O)c2[nH]c(C)c(C(C)=O)c2C)cc1[S+](=O)([O-])Nc1ccc(C#N)cc1,1
73330286,CC(=O)c1c(C)[nH]c(C(=O)Nc2ccc(OCCCN(C)C)c([S+](=O)([O-])Nc3ccc(Br)cc3)c2)c1C,1
71771100,CCc1ccc(NC(=O)c2[nH]c(C)c(C(C)=O)c2C)cc1[S+](=O)([O-])Nc1cccc(C#N)c1,1
71771092,CC(=O)c1c(C)[nH]c(C(=O)Nc2ccc(C)c([S+](=O)([O-])Nc3ccc(Br)cc3)c2)c1C,1
71771060,CC(=O)c1c(C)[nH]c(C(=O)Nc2cccc([S+](=O)([O-])Nc3ccccc3C)c2)c1C,1
71771091,COc1ccc(NC(=O)c2c(C)c(C(C)=O)c(C)n2C)cc1[S+](=O)([O-])Nc1ccc(Br)cc1,0
71771099,CC(=O)c1c(C)[nH]c(C(=O)Nc2cccc([S+](=O)([O-])Nc3ccc(Br)cc3)c2)c1C,1
71771059,Cc1cc(C)c(C(=O)Nc2cccc([S+](=O)([O-])Nc3ccc(Br)cc3)c2)[nH]1,1
71771098,CCc1ccc(NC(=O)c2[nH]c(C)c(C(C)=O)c2C)cc1[S+](=O)([O-])Nc1ccc(Br)cc1,0
71771062,COc1ccc(NC(=O)c2ccc[nH]2)cc1[S+](=O)([O-])Nc1ccc(Br)cc1,1
71771109,COc1ccc(NC(=O)c2[nH]c(C)cc2C)cc1[S+](=O)([O-])Nc1ccc(Br)cc1,1
70789548,CCOC(=O)c1csc(NC(=O)c2ccncc2NS(=O)(=O)c2ccc(C)cc2)n1,1
70789419,Cc1ccc(S(=O)(=O)Nc2cnccc2C(=O)Nc2nc(C(=O)O)cs2)cc1,0
62197753,CNc1nc(-c2cccc3ccccc23)ccc1C#N,1
70789352,O=C(Nc1nc(-c2ccccc2)cs1)c1ccncc1NS(=O)(=O)c1ccc(N2CCCC2=O)cc1,1
53257121,Cc1cc(NC(=S)N2CCN(c3cccc(C(F)(F)F)c3)CC2)nc2ccccc12,1
110201081,Cc1cccc(N2CCN(C(=O)c3ccc4c(c3)C(O)CCCCCN4C)CC2)c1,0
71900,Cc1nc([N+](=O)[O-])cn1-c1ccc([N+](=O)[O-])cc1,1
5283451,CC/C=C\C/C=C\C/C=C\C/C=C\C/C=C\C/C=C\CCC(=O)NCCO,1
3490047,CC(=O)NC(SC(=S)N(C)C)C(Cl)(Cl)Cl,1
49852229,O=C(Nc1ccc(F)c(C(F)(F)F)c1)Nc1nnc(-c2ccncc2)s1,1
134789059,C[S+](=O)([O-])c1ccc(-c2nc(C(=O)NCc3cccnc3)n3ccccc23)cc1,1
1201,CCCc1cc(=O)oc2c3c(c4c(c12)OC(C)(C)C=C4)OC(C)C(C)C3O,1
71771073,CC(=O)c1c(C)[nH]c(C(=O)Nc2cccc([S+](=O)([O-])Nc3cccnc3)c2)c1C,1
70789510,Cn1cnc(S(=O)(=O)Nc2cnccc2C(=O)Nc2nc(-c3ccccc3)cs2)c1,0
137291230,COc1ccc(-n2nc(C3CCCN(CC4CCCCC4)C3)[nH]c2=O)cc1,1
134806347,c1cc(-c2cc(-c3ccncc3)c3cncn3c2)c2cc[nH]c2c1,1
70701409,COc1cccc(CN(C)c2ccc([S+](=O)([O-])Nc3nccs3)cc2)c1O,1
70701386,Nc1ccc(CNc2ccc([S+](=O)([O-])Nc3nccs3)cc2)c(O)c1,0
70701395,O=[S+]([O-])(Nc1nccs1)c1ccc(NCc2cc(F)cc(Cl)c2O)cc1,1
70701403,CC(Nc1ccc([S+](=O)([O-])Nc2nccs2)cc1)c1ccccc1,1
70701423,O=[S+]([O-])(Nc1nccs1)c1ccc(NCc2cc(Cl)cc(Br)c2O)cc1,1
70701388,O=[N+]([O-])c1ccc(CNc2ccc([S+](=O)([O-])Nc3nccs3)cc2)c(O)c1,0
70701427,O=[S+]([O-])(Nc1nccs1)c1ccc(NCc2cccc(Cl)c2)cc1,1
44887534,O=C(NCCc1nc2ccccc2n1CCO)C1CCCCC1,1
71668132,NCC(=O)Nc1cncc(-c2nn3c(=O)cc(N4CCNCC4)nc3s2)c1,0
3106303,O=C1c2ccccc2C2=Nc3ccccc3SC(c3ccc(Cl)cc3)C12,0
2865236,O=C1c2ccccc2C2=Nc3ccccc3SC(c3ccccc3F)C12,0
322878,O=C(Oc1ccc[nH]c1=O)c1cc([N+](=O)[O-])cc([N+](=O)[O-])c1,1
457993,CCCCCCC.CN1C(=O)CN=C(c2ccc[nH]2)c2cc(Cl)ccc21,1
40777002,CCC(CC)c1cc([C@H]2CN3CC[C@H]2C[C@@H]3CNS(=O)(=O)c2cccs2)nc(-c2ccncc2)n1,1
16034061,CCCC1=Nc2cc(C(=O)NC3CCCCC3)ccc2Sc2ccc(C)cc21,1
70701424,O=S(=O)(Nc1nccs1)c1ccc(NCc2cccc3cc[nH]c23)cc1,0
15991364,Cc1ccc2oc3c(c(=O)c2c1)C(c1cccc(O)c1)N(CCCN1CCOCC1)C3=O,1
15991365,COc1cc(C2c3c(oc4cc(C)c(C)cc4c3=O)C(=O)N2CCCN2CCOCC2)ccc1O,1
16034817,COc1ccc(C2c3c(oc4ccc(C)cc4c3=O)C(=O)N2CCCN2CCOCC2)cc1OC,1
60167812,Fc1cnc(-c2ccccc2C(F)F)nc1NCC1CCN(c2cnccn2)CC1,1
766793,CCN(CC)C(=O)N1c2ccccc2C=Cc2ccccc21,1
71296014,Cn1cc(-c2nc(Nc3ccc(F)c(F)c3)c3ccccc3n2)cn1,1
11154555,CN(C)C(=O)NC1CCC(CCN2CCN(c3cccc(Cl)c3Cl)CC2)CC1,1
864492,COc1ccc(CNC(=O)c2sc3nc(C)cc(C)c3c2N)cc1,1
11551001,Cc1csc2c1c(=O)n(O)c(=O)n2Cc1ccccc1,1
16015991,Cc1ccccc1C(=O)Nc1nc2c(s1)CC(C(C)(C)C)CC2,1
16016035,CCOc1cccc(C(=O)Nc2nc3c(s2)CC(C(C)(C)C)CC3)c1,0
16010509,CC(=O)N1CCc2c(sc3c2c(=O)n(-c2ccccc2)c(=O)n3CC(=O)c2ccccc2)C1,1
44181686,COCCOc1cnc2ccn([C@H](C)c3nnc4c(F)cc(-c5cnn(C)c5)cn34)c(=O)c2c1,1
178024,CC(C)(N)C(=O)N[C@H](COCc1ccccc1)C(=O)N1CCC2(CC1)CN(S(C)(=O)=O)c1ccccc12,1
3417885,O=S(=O)(Nc1nc2n(n1)C(c1ccccc1)C=C(c1ccc(Cl)cc1)N2)c1ccccc1,0
134806482,Cc1noc(C)c1-c1cc2c(cc(C)n2C)c(-c2cnn(C)c2)n1,1
60167877,Cc1ccccc1-c1nc(NCc2ccc(-c3cccnc3)cc2)c2ccccc2n1,1
60167795,COc1ccccc1-c1nc(NCc2ccc(-c3cccnc3)cc2)c2ccccc2n1,1
60167912,Brc1ccccc1-c1nc(NCc2ccc(-c3cccnc3)cc2)c2ccccc2n1,1
60167830,FC(F)(F)c1ccccc1-c1nc(NCc2ccc(-c3cccnc3)cc2)c2ccccc2n1,1
60167882,Clc1ccccc1-c1nc(NCc2ccc(-c3cccnc3)cc2)c2ccccc2n1,1
134790917,O=C(NCc1cccnc1)c1nc(-c2ccc(Cl)nc2)c2cnccn12,1
9549295,CCCNC(=O)Nc1ccc(Oc2ncnc3cc(OC)c(OC)cc23)cc1Cl,1
1285940,CC1=NN(c2ccc(C(=O)O)cc2)C(=O)/C1=C/c1ccc(-c2cc(C)c(C)cc2[N+](=O)[O-])o1,1
70701475,N#Cc1nc(-c2cccc3ccccc23)oc1NCc1ccccc1,1
1305820,Cc1onc(-c2ccccc2)c1C(=O)Nc1nnc(COc2ccc(Cl)cc2)s1,1
53328059,CSc1nc(N)cc(Oc2ccc(-c3nc(Nc4cccc(C(F)(F)F)c4)n[nH]3)cc2)n1,1
16033131,Cc1cccc(C(=O)Nc2ccc(N3CCC(N4CCCCC4)CC3)c(C(=O)O)c2)c1,0
16033135,O=C(Nc1ccc(N2CCC(N3CCCCC3)CC2)c(C(=O)O)c1)c1ccc(Br)cc1,0
46360368,O=C(c1cnc(N2CCCCC2)c2ccccc12)N1CCN(c2ccccn2)CC1,1
60202647,CC1CCC(n2c3cnccc3c3cnc(Nc4ccc5c(n4)CCN(C(=O)CO)C5)nc32)CC1,1
4189771,Cc1n[nH]c(C)c1CCc1nc2c3ccccc3nc(SCC(=O)Nc3ccc(F)cc3)n2n1,1
4640646,CCC(Sc1nc2ccccc2c2nc(CCc3c(C)n[nH]c3C)nn12)C(=O)Nc1ccc(F)cc1,1
53255382,O=C(Cc1ccc(Cl)c(Cl)c1)Nc1ccc(S(=O)(=O)Nc2cccc(O)c2)cc1,1
133053891,O=C(O)c1ccnc2cc(C(OCCN3CCCCC3)c3ccccc3Cl)[nH]c12,0
91767277,Cc1c(CN(C)c2cc(C3CC(O)C3)nc(N)n2)[nH]c2ccccc12,0
134797228,CCN1CCN(C(=O)c2cc(-c3ccc(F)cc3)c3nncn3n2)CC1,1
53344908,O=C(NCC1(c2nc(-c3ccccc3)cs2)CCOCC1)c1cccc(-c2noc(C(F)(F)F)n2)c1,1
16023905,COc1ccc2[nH]cc(CCNC(=O)c3cnn(-c4ccc(C)cc4)c3C3CCN(C(=O)OC(C)(C)C)CC3)c2c1,1
3825,CC(C(=O)O)c1cccc(C(=O)c2ccccc2)c1,0
50801997,COCCCNC(=O)c1cc2cc(S(=O)(=O)N(C)C)ccc2n1C,1
71766156,O=C([C@@H]1CCCN(c2ccc3[nH]c(C4(n5cc(Cl)cn5)CC4)nc3n2)C1)N1CCCC1,1
70789497,Cc1ccc(-c2cc(C(=O)Nc3ncco3)c3ccccc3n2)cc1C,1
46907709,O=C(c1ccccc1)N1CCN(c2nc(-c3ccc(Br)cc3)cs2)CC1,1
5311096,N#Cc1ccc2c(c1)CCN(CCC1CCC(NC(=O)c3ccnc4ccccc34)CC1)C2,1
44634766,CSc1cc2c(s1)c1cnn(Cc3cccc(N)c3)c(=O)c1n2C,1
44246499,Cn1c2cc(S(C)=O)sc2c2cnn(Cc3cccc(N)c3)c(=O)c21,1
46907714,NC(=O)C1CCN(c2nc(-c3ccc4c(c3)OCCCO4)cs2)CC1,1
68363,CCOc1cc(-c2nccc3cc(OC)c(OC)cc23)cc(OCC)c1OCC,1
1345,CCC(C)N(C)C(=O)c1cc2ccccc2c(-c2ccccc2Cl)n1,1
20969430,CC(=O)c1ccc(N2CCN(S(=O)(=O)c3ccc4c(c3)CC(=O)N4)CC2)cc1,1
36649951,CC(=O)c1ccc(N2CCN(S(=O)(=O)c3cc4c(cc3Cl)NC(=O)C4)CC2)cc1,1
3234594,Cc1noc(C)c1C(=O)N1CCC2(CCCN(Cc3ccccc3)C2)CC1,1
70789370,O=C1CCCc2cc(S(=O)(=O)Nc3cnccc3C(=O)Nc3nc(-c4ccccc4)cs3)ccc2N1,0
70777500,COc1cc2cc(CN3CCC(N(C)C)C3)c(-c3cccc(Cl)c3)nc2cc1OC,1
81689696,C[C@@]1(c2ncncc2F)NC(=O)c2cc(-c3cn[nH]c3)ccc21,1
1385205,Cc1ccc(-c2nnc(Nc3ccc(Br)cc3)c3ccccc23)cc1S(=O)(=O)N1CCN(C)CC1,1
3245059,N#Cc1ccccc1CSc1nc2ncc(Br)cc2[nH]1,1
71307867,O=[N+]([O-])c1cccc(CSc2nc3ncc(Br)cc3[nH]2)c1,1
3799619,Cc1ccccc1CSc1nc2ncc(Br)cc2[nH]1,1
137299467,COc1ccc(-n2nc(C3CCN(C(=O)C4CC4)CC3)[nH]c2=O)cc1,1
5353685,COc1cc(/C=C(\C#N)C(=O)c2ccc(O)c(O)c2)cc(I)c1O,0
90479372,CN(Cc1ccc(/C=C/C(=O)NO)cc1)CC12CC3CC(CC(C3)C1)C2,1
50898250,CCOC(=O)C1CCN(C(=O)C(C)(C)NC(=O)Nc2ccc(-c3ccccc3)cc2)CC1,1
11885313,O=c1c(-c2cccs2)ccc2n1C[C@H]1C[C@@H]2CN(C2CCOCC2)C1,1
8083550,Cc1nc2sccn2c(=O)c1S(=O)(=O)Nc1ccc(N2CCN(C)CC2)cc1,1
15990222,Cc1nc2sccn2c(=O)c1S(=O)(=O)Nc1ccc(N2CCN(S(C)(=O)=O)CC2)cc1,1
16016570,COc1cccc(NC(=O)c2cccc3c(=O)c4c([nH]c23)CCCC4)c1,1
57519531,C[C@]1(CO)CN(c2cc(C(=O)Nc3ccc4c(c3)-c3c(c(C(N)=O)nn3-c3ccc(F)cc3)CC4)c(Cl)cn2)C[C@@]1(C)CO,1
70701372,COc1cccc(CNc2ccc(S(=O)(=O)Nc3cccs3)cc2)c1O,1
70789450,O=C(Nc1nc(-c2ccccc2)cs1)c1ccncc1NS(=O)(=O)c1cccnc1,1
71771081,CC(=O)c1c(C)[nH]c(C(=O)Nc2cccc([S+](=O)([O-])Nc3ccncc3)c2)c1C,0
9872740,C[C@@H](O)CNC(C)(C)CC(=O)N[C@@H]1CCc2ccccc2N(Cc2ccc(-c3ccccc3-c3nn[nH]n3)cc2)C1=O,0
56846693,COc1cc2ncnc(Oc3cccc(NC(=O)Nc4cc(C(C)(C)C(F)(F)F)on4)c3)c2cc1OC,1
2120761,O=C(c1ccc2ccccc2c1)N1CCN(c2ccc(O)cc2)CC1,1
118740471,CN(C)C(=O)c1cc(-c2ccc(S(C)(=O)=O)cc2)c2cnn(C)c2n1,1
46059186,CC(C)C(=O)N1CCc2ccc(OCc3nc(C(=O)N4CCCC4)co3)cc2C1c1cccc(F)c1,1
2942513,CC1CCc2ccc(F)cc2N1S(=O)(=O)c1cccs1,1
71839006,CCOc1ccccc1C(=O)NC1CCN(c2cc(C)cc(C)c2)C1=O,1
135457110,CCCCCCCc1c(C)nc(N2CCOCC2)[nH]c1=O,1
1321124,O=S(=O)(Nc1cccc(C(F)(F)F)c1)c1ccc(NS(=O)(=O)c2ccc3c(c2)OCCO3)cc1,1
25044485,C[C@@H]1C(=O)O[C@H]2[C@H]1CC[C@@]1(C)Cc3sc(NS(=O)(=O)Cc4ccccc4)nc3[C@@H](C)[C@H]21,1
44607360,C=CC(=O)Nc1cccc(Oc2nc(Nc3ccc(N4CCN(C)CC4)cc3)ncc2Cl)c1,1
4307096,COc1ccc(CCNC(=O)c2cc3c(=O)n4ccccc4nc3n(CCCN3CCOCC3)c2=N)cc1,1
46907671,NC(=O)C1CCN(c2cc(-c3ccc4c(c3)OCCCO4)ncn2)CC1,1
24762166,NC1CCC(Nc2nc(Nc3ccc(C(=O)N4CCCCC4)cc3)c3ncn(-c4cccc(F)c4)c3n2)CC1,1
46907692,Cc1ccc(-c2nnc(N3CCC(C(N)=O)CC3)s2)cc1,1
46907670,NC(=O)C1CCN(c2nnc(-c3ccc(Br)cc3)s2)CC1,1
46907677,CN(C)c1cccc(-c2nnc(N3CCC(C(N)=O)CC3)s2)c1,1
5738263,O=c1c2ccccc2nc(/C=C/c2cccnc2)n1Cc1ccccc1,1
44464263,O=C(NCCCNc1nc(Nc2cccc(CN3CCOCC3)c2)ncc1C1CC1)C1CCC1,1
49852983,Cc1ccc(OCCn2c(CCNC(=O)c3ccccc3Br)nc3ccccc32)cc1,1
16977185,Cc1ccc(OCCn2c(CCNC(=O)c3ccc(Cl)cc3)nc3ccccc32)cc1,1
90407809,COc1ccc(-c2c(-c3cc(C(=O)O)ccn3)ncn2C)cc1,0
2161,CC(C)c1ccc2oc3nc(N)c(C(=O)O)cc3c(=O)c2c1,0
16014644,CCCCn1cc2c(c1-c1ccc(Br)cc1)c(=O)n(C)c(=O)n2C,1
49878590,CCOC(=O)N1CCN(C(=O)Cn2sc3nc(C)cc(C)c3c2=O)CC1,1
135546860,CN(C(=O)CSc1nc2c(c(=O)[nH]1)CCCC2)c1ccccc1,1
72183101,O=C(Nc1ncc(Cc2ccc(C(F)(F)F)cc2)s1)c1ccc(-c2cccnc2)o1,1
25022668,O=C(O)c1ccc(-c2c[nH]c3ncc(-c4ccccc4)cc23)cc1C1CCCC1,1
70789549,Cc1ccc(S(=O)(=O)Nc2cnccc2C(=O)Nc2cccc3ccccc23)cc1,1
42992585,COc1ccc(NC(=O)c2cccnc2)cc1S(=O)(=O)Nc1ccc(Br)cc1,1
2958396,c1ccc(-c2nnc3n2NC(c2ccc4c(c2)OCO4)S3)cc1,1
3782995,COc1ccc(S(=O)(=O)N2CCN(C(=O)C3COc4ccccc4O3)CC2)cc1,1
3234745,O=C(c1ccncc1)N1CCC2(CCCN(C(c3ccccc3)c3ccccc3)C2)CC1,1
23729147,Nc1nc(N)c2c(OCC3CCN(Cc4ccccc4F)CC3)cccc2n1,1
134801672,Cc1ccccc1C(=O)NC1CCN(c2ccc3nnc(C4CC4)n3n2)CC1,1
2147590,O=C(Nc1ccc(S(=O)(=O)Nc2nccs2)cc1)c1ccc2ccccc2c1,0
60167834,Cc1cnc(-c2ccccc2C(C)C)nc1NCC1CN(c2cccnc2)C1,1
16034426,CCOc1ccc(C2c3c(oc4ccc(C)cc4c3=O)C(=O)N2CCCN(C)C)cc1,1
15991372,Cc1ccc2oc3c(c(=O)c2c1)C(c1ccc(O)cc1)N(CCCN(C)C)C3=O,0
4705986,COc1ccc(C2c3c(oc4ccc(Cl)cc4c3=O)C(=O)N2CCCN(C)C)cc1OC,1
87051947,C[C@H]1CN(C(=O)c2nn(C)c3ccccc23)C[C@@H]1c1nc(-c2ccncc2)no1,1
16725316,CCN(CC)CCOc1ccc2c(=O)c3ccc(Cl)cc3n(CCN(CC)CC)c2c1,1
135566899,Cc1cc(N=Nc2ccc(S(=O)(=O)Nc3ccccn3)cc2)c(N)cc1O,1
3797,CC(C)N(CCC(=O)c1ccc2ccccc2c1)Cc1ccccc1,1
70701410,O=[S+]([O-])(Nc1ccc(C2CCNCC2)cc1)c1ccc(NCc2ccc(Br)cc2O)cc1,0
70701420,O=[S+]([O-])(Nc1ccc(C2CCNCC2)cc1)c1ccc(NCc2ccc(Cl)cc2O)cc1,0
262093,O=C1C(SCCO)=C(SCCO)C(=O)c2ccccc21,1
3835198,COc1ccc(-c2cn[nH]c2-c2ccc(OC)cc2)cc1,1
24808465,CCN1CCN(c2ccc(Nc3ccc(-c4ccc(C(N)=O)cc4)n4ncnc34)cc2)CC1,1
2159,CCN1CCCC1CNC(=O)c1cc(S(=O)(=O)CC)c(N)cc1OC,0
6917728,CCc1cc(Cl)c(OC)c(C(=O)NC[C@@H]2CCCN2CC)c1O.Cl,1
664752,CCCOC(=O)c1ccc(Oc2c(-c3ccc(O)cc3O)n[nH]c2C)cc1,1
9810929,CC[C@H](C)[C@@H]([C@@H](CC(=O)N1CCC[C@H]1[C@H](OC)[C@@H](C)C(=O)N[C@@H](Cc1ccccc1)c1nccs1)OC)N(C)C(=O)[C@@H](NC(=O)[C@H](C(C)C)N(C)C)C(C)C,1
16009390,Clc1ccc(-c2noc3ncnc(N4CCCCC4)c23)cc1,1
804919,O=C(O)CCC(=O)Nc1nc(-c2ccccc2)cs1,0
56593296,COc1cccc(OC)c1C(=O)Nc1ccccc1C(=O)Nc1cccc(C(F)(F)F)c1,1
56593322,CCCCOc1ccccc1C(=O)Nc1ccccc1C(=O)Nc1cccc(S(=O)(=O)C(F)(F)F)c1,0
56593314,COc1ccccc1C(=O)Nc1ccccc1C(=O)Nc1cccc(S(=O)(=O)C(F)(F)F)c1,0
60167852,Cc1cnc(-c2ccccc2C(C)C)nc1NCC1CCN(c2cccnc2)C1,1
16033638,COc1ccc(C(=O)Nc2ccc3c(c2)N(C2CCCC2)C(=O)c2ccccc2S3)cc1OC,1
16033636,CC(=O)Nc1ccc(C(=O)Nc2ccc3c(c2)N(C2CCCC2)C(=O)c2ccccc2S3)cc1,1
2813100,Cc1[nH]c2ccccc2c1CN1CCN(c2ccccn2)CC1,1
133053887,O=C(O)c1ccnc2cc(-c3nc4ccccc4n3CCN3CCCCC3)sc12,0
1582687,O=C(Nc1ccc(S(=O)(=O)Nc2nccs2)cc1)c1cc(-c2ccccc2)nc2ccccc12,0
1017166,CCOc1cc(CNc2ccc(O)cc2)ccc1OCc1ccc(Cl)cc1,0
134808042,OCc1ccc(-c2cc3c(ccn3Cc3cccnc3)c(C3=CCOCC3)n2)cc1,1
70789685,Cc1nc2ccc(Nc3nc(-c4ccncc4)nc4ccccc34)cc2s1,1
710951,c1ccc2c(N3CCOCC3)nc(-c3ccncc3)nc2c1,1
1450448,Cc1ccccc1C(=O)N1CCc2cc(-c3nc(NC(=O)c4ccc5c(c4)OCO5)sc3C)ccc21,1
3239035,COc1ccc(Cn2c(=O)[nH]c3cc(C(=O)NCCCN4CCCCC4)ccc3c2=O)cc1,1
219050,Oc1ccc2[nH]cc(CCCCN3CC=C(c4ccccc4)CC3)c2c1,1
70789470,N#Cc1cnc(NS(=O)(=O)c2ccc(NC(=O)Cc3ccc(F)c(Cl)c3)cc2)s1,0
1548400,O=C(Cc1ccccc1)Nc1ccc(S(=O)(=O)Nc2nccs2)cc1,0
44640149,O=C1CCCC2=C1C1(CCS(=O)(=O)C1)N=C(Nc1nc3ccccc3o1)N2,1
16023585,COc1ccc(CCNc2ncnc3onc(C)c23)c(OC)c1,1
70701432,COc1cccc(CNc2ccc(S(=O)(=O)Nc3nc4ccccc4o3)cc2)c1O,1
60167844,CC(C)c1ccccc1-c1ncc(F)c(NCc2ccc(-c3cccnc3)s2)n1,1
134787910,O=C(c1nc(-c2ccc(Cl)cc2Cl)c2cnccn12)N1CCOCC1,1
134791272,C[S+](=O)([O-])c1ccc(-c2nc(C(=O)N3CCOCC3)n3ccncc23)cc1,0
25102847,COc1cc2nccc(Oc3ccc(NC(=O)C4(C(=O)Nc5ccc(F)cc5)CC4)cc3)c2cc1OC,1
1265705,Cc1ccc(C2=NN=C(NC(=O)CSc3nncn3C)SC2)cc1,1
72187531,O=C(Nc1cncc(Cc2ccccc2)c1)c1ccc(-c2cccc([N+](=O)[O-])c2)o1,1
1305978,COC(=O)c1ccc(Oc2nc3c(c(=O)n(C)c(=O)n3C)n2CCC(C)C)cc1,1
1115153,O=C(CCc1ccccc1)Nc1ccc(S(=O)(=O)Nc2nccs2)cc1,0
59473233,c1cn2cc(-c3ccc4cn[nH]c4c3)nc(Nc3ccc(N4CCOCC4)cc3)c2n1,1
49853027,Nc1ccccc1OCCn1c(CCNC(=O)C2CCCCC2)nc2ccccc21,1
3159995,Cc1ccc(OCCn2c(CCNC(=O)C3CCCCC3)nc3ccccc32)cc1,1
14720269,COCCCOc1ccnc(CS(=O)c2nc3ccccc3[n-]2)c1C.[Na+],1
70789518,Cc1ccc(S(=O)(=O)Nc2ccncc2C(=O)Nc2nc(-c3ccccc3)cs2)cc1,0
134807414,Cc1nn2c(c1-c1ccccc1-c1ccccc1)N(Cc1ccc(C(=O)O)s1)CCC2,1
70789456,Cc1ccc(S(=O)(=O)Nc2cnccc2C(=O)Nc2nc3ccccc3s2)cc1,1
25181364,Nc1c(-c2ccncc2)cc[nH]c1=O,0
16007418,CCCCN(CC)CCNC(=O)c1cc2c(-c3ccc(Cl)cc3)nn(C)c2s1,1
70789649,Fc1cc(Nc2nc(-c3ccncc3)nc3ccccc23)ccc1N1CCCCC1,1
16029644,COc1ccc(CN2CCc3c(c(=O)n4ncc(C(=O)N5CCN(c6ccccc6OC)CC5)c4n3C)C2)cc1,1
3434681,COc1ccccc1NS(=O)(=O)c1cccc(NC(=O)c2[nH]c(C)c(C(C)=O)c2C)c1,1
6603915,COc1ccccc1N1CCN(CCN(C(=O)c2ccc(F)cc2)c2ccccn2)CC1,1
4658,COc1ccccc1N1CCN(CCN(C(=O)c2ccc(I)cc2)c2ccccn2)CC1,1
70789542,Cc1ccc(S(=O)(=O)Nc2cnccc2C(=O)Nc2ccc(N3CCOCC3)cc2)cc1,1
334157,O=C(Nc1ccc(S(=O)(=O)Nc2nccs2)cc1)c1ccncc1,0
137291231,COc1ccc(-n2nc(C3CCCN(C(=O)Cc4ccccn4)C3)[nH]c2=O)cc1,1
53255401,Cc1cc(NS(=O)(=O)c2ccc(NC(=O)Cc3ccc(Cl)c(Cl)c3)cc2)n(C)n1,1
16010530,COc1ccc(N(C)C(=O)c2cc3c(s2)-c2ccccc2OC3)cc1,1
92045079,Cc1sc2c(c1C)C(c1ccc(Cl)cc1)=N[C@H](CC(=O)NCCCCNC(=O)COc1cccc3c1C(=O)N([C@H]1CCC(=O)NC1=O)C3=O)c1nnc(C)n1-2,0
135564749,COc1cc(OC)c2c(=O)[nH]c(-c3cc(C)c(OCCO)c(C)c3)nc2c1,1
5281304,COC(=O)[C@@]12OC[C@]34[C@H]([C@@H](O)[C@@H]1O)[C@@]1(C)CC(=O)C(O)=C(C)[C@@H]1C[C@H]3OC(=O)[C@H](OC(=O)/C=C(\C)C(C)C)[C@@H]24,1
1192546,CCOC(=O)c1nc(Nc2ccc(N3CCC(C)CC3)cc2)c2ccccc2n1,1
49853213,N#Cc1ccc(-c2ccc(CNc3ccc(C4CCNCC4)cc3)o2)cc1,1
53140285,Cn1cc2c3c(cccc31)CN(C(=O)c1ccc(F)c(Cl)c1)CC2,1
5306690,CCOC(=O)C1=C(C)NC(=O)CC1C(=O)Nc1cc(Cl)cc(Cl)c1,1
3163563,COC(=O)C1=C(C)NC(=O)CC1C(=O)Nc1ccc(Cl)cc1,1
71307836,CC(C)(C)n1cnc2cc(C(=O)N3CCCCC3)ccc21,1
9929127,COc1c(Cl)cc2c([nH]c3cnccc32)c1NC(=O)c1cccnc1C,1
24944925,CC(C)(C)c1ccc(C(=O)Nc2cn3cc(-n4ccnc4)ccc3n2)cc1,1
26742366,CCC(CC)c1cc([C@H]2CN3CC[C@H]2C[C@@H]3CNC(=O)Cc2cccs2)nc(-c2ccncc2)n1,1
16397347,C#CC1(O)CCC2C3CCC4=C/C(=N/OCC(=O)NCC(=O)NC(C(=O)O)C(C)C)CC[C@]4(C)C3CC[C@@]21C,0
6540478,C#C[C@]1(OC(C)=O)CC[C@H]2[C@@H]3CCC4=C/C(=N/O)CC[C@@H]4[C@H]3CC[C@@]21CC,1
66610682,CC(C)CN(CC(=O)N(CCCN1CCCC1=O)CC(N)=O)C(=O)CNCCc1ccccc1F,1
3246346,COc1cc2c3cc1Oc1c(O)c(OC)cc4c1[C@@H](Cc1ccc(cc1)Oc1cc(ccc1O)C[C@H]3N(C)CC2)N(C)CC4,1
651628,O=C(Nc1ncnc2sc3c(c12)CCCCC3)c1ccco1,1
70701426,COc1cccc(CNc2ccc(S(=O)(=O)Nc3nc4ccccc4s3)cc2)c1O,1
16033976,Cc1ccc(-n2ncc3c(NCCCn4ccnc4)ncnc32)cc1Cl,1
7151268,Cc1csc2nc(-c3cccc(NC(=O)c4ccccc4Cl)c3)cn12,1
7151282,Cc1csc2nc(-c3cccc(NC(=O)c4cccc(F)c4)c3)cn12,1
71295996,CC1CN(c2ccc(Nc3nc(-c4ccncc4)nc4ccccc34)cc2F)CC(C)O1,1
134805932,CC(C)c1ccc(OCc2nc3c(n2Cc2ccccc2)C(=O)N(CC2CCOCC2)CCN3)cc1,1
16015034,CCOC(=O)N1CCN(Cc2nc3cc(NC(=O)CC(C)C)ccc3n2C(C)C)CC1,1
3430748,COc1ccc2c3c([nH]c2c1)C1CC2C(CC(O)C(OC)C2CO)CN1CC3,0
16015040,CCOC(=O)N1CCN(Cc2nc3cc(NC(=O)c4ccc(OC)cc4)ccc3n2C(C)C)CC1,1
1075912,O=C(O)c1ccc(Nc2nc(-c3cc4ccccc4oc3=O)cs2)cc1O,0
1725261,CC(=O)c1c(C)oc2ccc(N(C(=O)Oc3ccccc3)S(=O)(=O)c3ccccc3)cc12,1
70789537,O=C(Nc1ccc(S(=O)(=O)Nc2nccs2)cc1)c1ccnc2ccccc12,0
70701408,O=[S+]([O-])(Nc1ccc(N2CCNCC2)cc1)c1ccc(NCc2cccc(Cl)c2O)cc1,0
70701402,O=[S+]([O-])(Nc1ccc(N2CCNCC2)cc1)c1ccc(NCc2ccc(Br)cc2O)cc1,0
70701431,O=[S+]([O-])(Nc1ccc(N2CCNCC2)cc1)c1ccc(NCc2ccc(Cl)cc2O)cc1,0
44462758,NC(=O)c1cnc(N[C@@H]2CCCC[C@@H]2N)nc1Nc1cccc(-n2nccn2)c1,1
135656053,NC(=O)COc1ccc(C2CC(=O)Nc3n[nH]c(Nc4ccccc4)c32)cc1,0
1791111,Cc1cc(C)nc(NS(=O)(=O)c2ccc(NC(=S)NC(=O)COc3ccc(Br)cc3Cl)cc2)n1,1
5387246,CCCCC(C)/C=C(C)/C=C(\C)C(=O)NC1=CC(O)(/C=C/C=C/C=C/C(=O)NC2=C(O)CCC2=O)C2OC2C1=O,1
16028009,Cc1ccc(N(C)S(=O)(=O)c2ccc(-c3cnc(C4CC4)o3)cc2)cc1,1
11667893,CC1(C)CNc2cc(NC(=O)c3cccnc3NCc3ccncc3)ccc21,1
11175137,Clc1ccc(C2(c3ccc(-c4cn[nH]c4)cc3)CCNCC2)cc1,1
134808985,O=C(Cc1ccc(O)cc1)N1CC(CNc2ccccc2)C2(C1)CN(c1ccccc1)C2,1
134806720,COc1ncccc1-c1cc2c(ccn2CC2CCN([S+](C)(=O)[O-])CC2)c(N2CCOCC2)n1,1
44573504,CC(C)(O)Cn1c(NC(=O)c2ccc(-c3cn[nH]c3)s2)nc2cc(CN3CCOCC3)ccc21,1
720656,Brc1ccc(-c2csc(N3CCOCC3)n2)cc1,0
4576975,Cc1cccc(C)c1Nc1c(-c2cccs2)nc2ncccn12,1
134804915,COc1ccc(CN2CCNc3cc(Nc4ccccc4)ncc3C2)cn1,1
46907734,NC(=O)C1CCN(c2nc(-c3ccc4c(c3)CCO4)cs2)CC1,1
137299390,O=C(c1ccccc1)N1CCC(c2nn(-c3ccc(F)cc3)c(=O)[nH]2)CC1,1
137299421,COc1ccc(-n2nc(C3CCN(C(=O)c4ccccc4)CC3)[nH]c2=O)cc1,1
5184481,COc1ccc(NC(=O)c2[nH]c(C)c(C(C)=O)c2C)cc1S(=O)(=O)N1CCCCC1,1
4802461,CC(=O)c1c(C)[nH]c(C(=O)Nc2cccc(S(=O)(=O)N3CCCCC3)c2)c1C,1
661788,COc1ccc(C2Nc3ccccc3C(=O)N2Cc2ccco2)cc1COc1ccc(NC(C)=O)cc1,1
60167865,Cc1cnc(-c2ccccc2C2COC2)nc1NCc1ccc(-n2ccnn2)cc1,0
71693149,CCC(CC)C(=O)NC[C@@H]1C=C(C)[C@H](Cc2nc3c(C)cccc3[nH]2)C[C@H]1C(C)C,1
70789475,Cc1ccc(S(=O)(=O)Nc2cnccc2C(=O)Nc2nc(-c3cc(Br)cs3)cs2)cc1,0
2333,CCc1oc2ccccc2c1C(=O)c1cc(Br)c(O)c(Br)c1,1
6237,CCc1oc2ccccc2c1C(=O)c1cc(I)c(O)c(I)c1,1
71295941,CCOc1ccc(CCNC(=O)c2cc3ncccc3n2Cc2cccc(C)c2)cc1OCC,1
11972255,CC(C)(O)/C=C\C(=O)[C@](C)(O)[C@H]1[C@H](O)C[C@]2(C)[C@@H]3CC=C4[C@@H](C=C(O)C(=O)C4(C)C)[C@]3(C)C(=O)C[C@@]12C,1
71297232,CCOc1ccc(CCNC(=O)c2ccnn2Cc2ccccn2)cc1OCC,1
70701397,COc1cccc(CNc2ccc(S(=O)(=O)Nc3cccc(N4CCNCC4)c3)cc2)c1O,1
3119481,CCCCCCOc1ccc(OC(=O)c2ccncc2)cc1,1
6604471,COC(=O)Nc1nc2ccc(SC(C)C)cc2[nH]1,1
16296311,COc1ccc(S(=O)(=O)N2CCCCCC2)cc1NC(=O)Cc1n[nH]c(=O)c2ccccc12,0
70789424,Cc1ccc(S(=O)(=O)Nc2cnccc2C(=O)Nc2nc(-c3ccncc3)cs2)cc1,1
91666658,Cc1noc(C)c1-c1ccc(-c2cc(C(N)=O)c(NC(N)=O)s2)c(O[C@H]2CCNC2)c1,0
134789541,CN(C)C(=O)c1nc(-c2ccc(Cl)cc2Cl)c2cnccn12,1
134790244,COC(=O)CNC(=O)c1nc(-c2ccc([S+](C)(=O)[O-])cc2)c2cnccn12,0
134787997,C#CCNC(=O)c1nc(-c2ccc([S+](C)(=O)[O-])cc2)c2cnccn12,0
118740523,CN(C)C(=O)c1nc(-c2ccc(S(C)(=O)=O)cc2)c2cnccn12,1
134790868,COC(=O)CNC(=O)c1nc(-c2ccc(Cl)cc2Cl)c2cnccn12,1
56893258,NC(=O)NCC(=O)N[C@H]1CC[C@H](Nc2nccc(-c3ccncc3)n2)C1,0
5516,CN(C)CCOc1ccc(C(=C(CCCl)c2ccccc2)c2ccccc2)cc1,0
46907736,O=C(Nc1ccccc1)C1CCN(c2nc(-c3ccc(Br)cc3)cs2)CC1,1
70701468,CNc1sc(-c2cccc3ccccc23)nc1C#N,1
16682542,CCO.Nc1nc(N)c2cc(Sc3ccc4ccccc4c3)ccc2n1,1
54766613,CCC(CC)(NC(=O)C(C)C)C(=O)N[C@@H](CCCN=C(N)N)C(=O)NC1(C(=O)NC(c2ccc(F)cc2)c2ccc(F)cc2)CCCC1,0
87052503,COc1ccc2c(c1)CCc1c-2n[nH]c1C(=O)N1CCc2c(nc3cc(-c4ccccc4)[nH]n3c2=O)C1,1
91911826,Cc1ccc(C(=O)NC2CCN(c3cnn(CC4CC4)c(=O)c3)CC2)cc1C,1
63268833,c1coc(-c2nc3ccncc3[nH]2)c1,1
71307873,Cc1cc(-c2nnc3n2CCCCC3)c(C)n1-c1cccnc1,1
70789423,Cc1ccc(S(=O)(=O)Nc2ccccc2C(=O)Nc2nc(-c3ccccc3)c(C)s2)cc1,1
70789535,Cc1ccc(S(=O)(=O)Nc2cc(Br)ccc2C(=O)Nc2nc(-c3ccccc3)cs2)cc1,0
70789526,Cc1ccc(S(=O)(=O)Nc2ccc(Br)cc2C(=O)Nc2nc(-c3ccccc3)cs2)cc1,0
4162891,COc1ccc(-c2csc(NC(=O)c3ccccc3NS(=O)(=O)c3ccc(C)cc3)n2)cc1,0
5121651,Cc1ccc(-c2csc(NC(=O)c3ccccc3NS(=O)(=O)c3ccc(C)cc3)n2)cc1,1
4343860,Cc1ccc(S(=O)(=O)Nc2ccccc2C(=O)Nc2nc(-c3ccc(Cl)cc3)cs2)cc1,1
4620214,Cc1ccc(S(=O)(=O)Nc2ccccc2C(=O)Nc2nc(-c3ccccc3)cs2)cc1,1
70789382,Cc1ccc(S(=O)(=O)Nc2ccc(OC(F)(F)F)cc2C(=O)Nc2nc(-c3ccccc3)cs2)cc1,0
70789458,Cc1ccc(S(=O)(=O)Nc2cc(Cl)c(Cl)cc2C(=O)Nc2nc(-c3ccccc3)cs2)cc1,0
70789547,Cc1ccc(S(=O)(=O)Nc2cc(Cl)ccc2C(=O)Nc2nc(-c3ccccc3)cs2)cc1,1
70789529,Cc1ccc(S(=O)(=O)Nc2ccc(C)cc2C(=O)Nc2nc(-c3ccccc3)cs2)cc1,0
70789353,Cc1ccc(S(=O)(=O)Nc2cc(F)ccc2C(=O)Nc2nc(-c3ccccc3)cs2)cc1,1
70789443,COc1cc(NS(=O)(=O)c2ccc(C)cc2)c(C(=O)Nc2nc(-c3ccccc3)cs2)cc1OC,1
70789393,Cc1ccc(S(=O)(=O)Nc2ccc(F)cc2C(=O)Nc2nc(-c3ccccc3)cs2)cc1,1
66613669,O=C(NCc1ccc(S(=O)(=O)c2cccc(C(F)(F)F)c2)cc1)c1cnc2[nH]ncc2c1,1
17757145,COc1ccc(OC)c(-c2nnc3n2N=C(c2c(OC)cccc2OC)CS3)c1,1
134805713,COc1ccc(-c2cc(-c3cccc(NC(C)=O)c3)cn3cncc23)cn1,1
134808756,OCc1cccc(-c2cc(-c3cccnc3)c3cncn3c2)c1,1
25181367,CN(C)C(=O)c1ccc(-c2cc[nH]c(=O)c2N)cc1,1
25181365,Nc1c(-c2ccccc2)cc[nH]c1=O,1
25181366,CN(C)c1ccc(-c2cc[nH]c(=O)c2N)cc1,1
2156520,COc1cccc(C(=O)NCCSc2c(-c3ccc(F)cc3)[nH]c3ccccc23)c1OC,1
71692988,CC1=C[C@@H](CN2C(=O)C(C)=C(C)C2=O)[C@H](C(C)C)C[C@H]1Cc1nc2c(C)cccc2[nH]1,1
71295943,CCOc1ccc(CCNC(=O)c2cc3cccnc3n2Cc2cccc(C)c2)cc1OCC,1
70701404,COc1cccc(CNc2ccc(S(=O)(=O)Nc3ccc(N4CCNCC4)nc3)cc2)c1O,1
71771074,Cc1cccc(C)c1C(=O)Nc1cccc([S+](=O)([O-])N2CCCCCC2)c1,1
71771094,COc1ccc(NC(=O)c2c(C)cccc2C)cc1[S+](=O)([O-])N1CCCCCC1,1
2983992,N#Cc1ccc(C(=O)Nc2ccc(Cl)c(-c3nc4cc(Cl)ccc4o3)c2)c(F)c1,0
17757314,COc1ccc(-c2nc3ccccc3c(=O)n2Cc2ccccc2)cc1COc1ccc(NC(C)=O)cc1,1
134805851,COc1ncc(-c2n[nH]c3c2CC(=O)N(c2ccccc2)C3)cn1,1
9871419,CCCSc1nc(N[C@@H]2C[C@H]2c2ccc(F)c(F)c2)c2nnn([C@@H]3C[C@H](OCCO)[C@@H](O)[C@H]3O)c2n1,1
9921994,c1ccc2c(Nc3ccn[nH]3)nc(-c3ccncc3)nc2c1,1
71771102,CC(=O)c1c(C)[nH]c(C(=O)Nc2cccc([S+](=O)([O-])Nc3ccccn3)c2)c1C,1
256519,COc1c2c(c3c(c1CCC(=O)O)OC(C)(C)C=C3)OC(C)(C)C=C2,1
16032111,O=C(COc1ccccc1)NCC(c1cccs1)S(=O)(=O)c1ccc(Cl)cc1,1
24816857,COc1ccc(NC2CCCN(C(=O)CCc3ccccc3F)C2)cc1,1
49836027,CCC(=O)N1CCN(c2ccc(-n3c(=O)ccc4cnc5ccc(-c6cnc7ccccc7c6)cc5c43)cc2C(F)(F)F)CC1,1
53149911,COCCNC(=O)c1ccc(-c2ccc(N3CCCCC3)nc2)cc1,1
71307876,CCN(CC)C(=O)c1ccc2c(c1)ncn2-c1cccc(C)c1,1
3662061,CCCNC(=O)c1ccc2c(c1)ncn2-c1cc(C)cc(C)c1,1
24785538,C[C@@]1(C(=O)Nc2ccc(F)nc2)CCCN1c1nc(Nc2cc(C3CC3)[nH]n2)c2cccn2n1,1
70701438,COc1cccc(NS(=O)(=O)c2ccc(NCc3cccc(OC)c3O)cc2)c1,1
70701387,COc1cccc(CNc2ccc(S(=O)(=O)Nc3ccccc3)cc2)c1O,1
70701430,O=S(=O)(Nc1ccccc1)c1ccc(NCc2ccc(Br)cc2O)cc1,1
70701381,O=S(=O)(Nc1ccccc1)c1ccc(NCc2cccc(Cl)c2O)cc1,1
46926078,CC1=C(C(=O)Nc2nncs2)C(c2nn(C)cc2Cl)N=C(Nc2nc3ccccc3o2)N1,1
134791361,CC(C)NC(=O)c1nc(-c2ccc(Cl)nc2)c2ccccn12,1
134792225,C#CCNC(=O)c1nc(-c2cccnc2)c2ccccn12,1
134789467,COC(=O)CNC(=O)c1nc(-c2ccc(Cl)nc2)c2ccccn12,1
134789021,C#CCNC(=O)c1nc(-c2ccc(Cl)nc2)c2ccccn12,1
134789256,CN(C)C(=O)c1nc(-c2ccc(Cl)nc2)c2ccccn12,1
5770977,CC1CCc2cc(F)ccc2N1C(=O)CSc1nnc2c(n1)[nH]c1ccccc12,1
134794920,O=C(c1nc(-c2cccnc2)c2ccccn12)N1CCN(c2ncccn2)CC1,1
4068248,CCOC(=O)c1ccc(NC2CCCCC2)c(N)c1,1
25236895,O=C(C1CCC1)N1CCN(C/C=C/c2ccccc2)CC1,1
5095,CCCN(CCC)CCc1cccc2c1CC(=O)N2,1
3851,Ic1ccccc1CNC1C2CCN(CC2)C1C(c1ccccc1)c1ccccc1,1
647821,CCOC(=O)c1nn(-c2ccccc2)c(=O)c2c(N)scc12,1
719449,CCOC(=O)c1nn(-c2ccc(OC)cc2)c(=O)c2c(N)scc12,1
9795907,Nc1scc2c(C(=O)O)nn(-c3ccccc3)c(=O)c12,0
46926079,CC1=C(C(=O)Nc2nnc(-c3ccccc3)s2)C(c2nn(C)cc2Cl)N=C(Nc2nc3ccccc3o2)N1,1
134805841,Cc1nn2c(c1-c1ccccc1-c1ccccc1)N(Cc1ccccc1)CCC2,1
134807663,Cc1nn2c(c1-c1ccccc1-c1ccccc1)N(Cc1ccc(O)cc1)CCC2,0
16019143,Cc1ccc(-c2c(CN3CCN(c4cccc(C(F)(F)F)c4)CC3)csc2C)cc1,0
46947849,CCOC(=O)C1CCN(C(=O)C2(NC(=O)Nc3ccccc3Cl)CCCC2)CC1,1
19588586,CCS(=O)(=O)c1nc(-c2ccc(Cl)cc2)cc(C(F)(F)F)n1,1
2961632,CCN1CCN(CCCOc2ccc(-c3ccccc3)cc2)CC1,1
5281708,O=c1c(-c2ccc(O)cc2)coc2cc(O)ccc12,0
180081,C[C@]12N[C@H](Cc3ccccc31)c1ccccc12,1
15991160,O=C(Nc1ccc2oc(-c3cccnc3)nc2c1)c1ccc(-c2cccc(Cl)c2)o1,1
2886207,O=C(Nc1ccc2oc(-c3cccnc3)nc2c1)c1ccc(-c2ccccc2)o1,1
15987821,COc1ccc(Nc2ncc(C(=O)Nc3cccc(Cl)c3)c3ccccc23)cc1,1
7338272,CCc1cccc(C)c1Nc1c(-c2ccc(N(C)C)cc2)nc2ncccn12,1
46907725,CN(C)c1cccc(-c2ncnc(N3CCC(C(N)=O)CC3)n2)c1,1
699459,O=S(=O)(c1ccc(Cl)cc1)c1ccccn1,1
2102299,Cc1nc2ccc(NC(=O)c3cc(S(=O)(=O)N(C)c4ccccc4)ccc3Cl)cc2s1,1
9929059,CCCCN1CCC[C@H]1CNC(=O)c1cc(C#N)c2ccccc2c1OC,1
134809728,CC(C)c1ccc(CC(=O)N2CCCc3ncc(C(=O)Nc4cccnc4)cc32)cc1,1
2151568,COc1ccc(-c2nc3c(c(SCC(=O)Nc4ccc(C(=O)O)cc4)n2)Cc2ccccc2O3)cc1,0
1157499,Cc1cc(NS(=O)(=O)c2ccc(NC(=O)c3oc4ccccc4c3C)cc2)nc(C)n1,1
3129754,O=C1C2=C(Nc3ccccc3SC2c2ccco2)c2ccccc21,1
70789478,Cc1ccc(S(=O)(=O)Nc2cnccc2C(=O)Nc2ccc(-c3nn[nH]n3)cc2)cc1,0
70789530,Cc1ccc(S(=O)(=O)Nc2cnccc2C(=O)Nc2ccc(-c3nc4ccccc4[nH]3)cc2)cc1,0
73010924,O=C(O)CCNc1cc(N2CCc3ccccc3CC2)nc(-c2cccnc2)n1,1
78243729,CCOC(=O)CCNc1cc(N2CCc3ccccc3CC2)nc(-c2cccnc2)n1,1
46947852,CCOc1ccc(CCNC(=O)c2cc3sccc3n2Cc2ccc(-n3cncn3)cc2)cc1OCC,1
137299526,COc1ccc(-n2nc(C3CCCN(C(=O)Nc4ccccc4)C3)[nH]c2=O)cc1,1
70789485,Cc1ccc(-c2cc(C(=O)Nc3cccc(S(N)(=O)=O)c3)c3ccccc3n2)cc1C,1
70789394,Cc1ccc(-c2cc(C(=O)Nc3ccc(S(=O)(=O)N(C)C)cc3)c3ccccc3n2)cc1C,1
70789429,Cc1ccc(-c2cc(C(=O)Nc3ccc(C#N)cc3)c3ccccc3n2)cc1C,1
54575456,COc1ccc(-c2nc(N3CCOCC3)c3sc(CN(C)c4ncc(C(=O)NO)cn4)cc3n2)cn1,1
3237504,COc1ccc(OC)c(-c2cc(C(=O)N3CCN(c4ncccn4)CC3)c3ccccc3n2)c1,1
16955992,CCOc1ccc(N2CC(c3nc(-c4ccccn4)no3)CC2=O)cc1,1
16029068,Cn1cc(S(=O)(=O)N2CCCCCC2)cc1C(=O)Nc1ccc(Cl)c(C(F)(F)F)c1,1
49853182,Cc1ccc(OCCn2c(CCNC(=O)N3CCCCC3)nc3ccccc32)cc1,1
134798709,O=C(c1ccccc1)N1CCC(C(=O)N2CCC(N3Cc4ccccc4C3=O)CC2)CC1,1
134798001,Cc1ccccc1C(=O)N1CCC(C(=O)N2CCC(N3Cc4ccccc4C3=O)CC2)CC1,1
75410302,COc1ccc(CN2C(=O)[C@@H]3C[C@@H](CN3Cc3cccs3)Oc3ccccc32)cc1,1
16403899,CCc1ccc(NC(=O)[C@H](Cc2c[nH]c3ccccc23)NC(=O)[C@@H]2Cc3ccccc3CN2)cc1,1
4374325,CC(=O)c1c(C)[nH]c(C(=O)Nc2cccc(S(=O)(=O)N3CCOCC3)c2)c1C,1
1243964,Cn1c(CN2CCCCC2)nc2cc(NC(=O)c3cccc(Br)c3)ccc21,1
70789734,CCOc1ccc(CCNC(=O)c2cc3ccccc3n2Cc2cc(C)cc(C)n2)cc1OCC,1
70789747,CCOc1ccc(CCNC(=O)c2cc3ccccc3n2Cc2ccccn2)cc1OCC,1
70789725,CCOc1ccc(CCNC(=O)c2cc3ccccc3n2Cc2cccc(C)n2)cc1OCC,1
73265261,O=C([C@H](Cc1ccc(O[S+](=O)([O-])c2cccc3cnccc23)cc1)N[S+](=O)([O-])c1cccc2cnccc12)N1CCN(Cc2ccccc2)CC1,1
70789531,Cc1ccc(S(=O)(=O)Nc2ccccc2C(=O)Nc2ccc(-c3ccccc3)nn2)cc1,1
46990893,CCn1ncc(NC(=O)Cn2ncc3cc(-c4cccc(OC)c4)ccc32)n1,1
51136636,COc1cc2c(cc1OC)C(C[C@H]1CN(S(=O)(=O)c3cccc(C#N)c3)CC[C@H]1CC(=O)O)=NCC2,0
92180,CC(C)=CCNc1ncnc2nc[nH]c12,1
134806829,COc1cc2c(cc1Oc1cccc(N(C)C)c1)NC(=O)C21CCN(c2cnccn2)CC1,1
46907681,NC(=O)C1CCN(c2nc(-c3ccc(Oc4ccccc4)cc3)cs2)CC1,1
44144370,NC(=O)C1CCN(c2nc(-c3cc4ccccc4o3)cs2)CC1,1
46871935,N#Cc1ccc(N2N=C3c4ccc(C(=O)O)cc4CC[C@@H]3[C@@H]2C2CCCC2)cc1Cl,1
46916317,CN(C)CC(=O)NC1CCCc2c1cnn2-c1ccc(F)cc1F,1
134808413,COc1ccc(-c2ccc3ncc(Nc4ccc(C(N)=O)cc4)n3n2)cc1OC,1
134807239,COc1ccccc1Nc1cnc2ccc(-c3ccc(OC)c(OC)c3)nn12,1
134809076,COc1ccc(Nc2cnc3ccc(-c4ccc(OC)c(OC)c4)nn23)cc1,1
1366986,Cc1ccc(-c2nc3ccccc3o2)cc1NC(=O)COc1ccccc1,1
53257090,Cc1cc(C)nc(NC(=S)N2CCN(c3ccc4nsnc4c3)CC2)c1,1
45378188,O=C(O)c1ccnc(-c2cc(C(=O)NCCc3ccccc3)ccn2)c1,0
121595845,COC(=O)c1ccnc(-c2cc(C(=O)NCCc3ccccc3)ccn2)c1,1
46907732,c1c[nH]c(C2CCN(c3ncc(-c4ccc5c(c4)OCCCO5)s3)CC2)n1,1
284708,NCC(=O)Nc1ccc(Cl)cc1C(=O)c1ccc[nH]1,1
16012740,CCOc1ccccc1N1CC(c2nc3ccccc3n2CCOc2ccc(C(C)(C)C)cc2)CC1=O,1
16014184,CCOc1ccc(NC(=O)c2nc(S(=O)(=O)Cc3ccccc3F)ncc2Cl)cc1,1
16014186,O=C(Nc1ccccc1F)c1nc(S(=O)(=O)Cc2ccccc2F)ncc1Cl,1
70789375,Cc1ccc(S(=O)(=O)Nc2cc(C(=O)Nc3nc(-c4ccccc4)cs3)ccn2)cc1,1
135485450,CO[C@@H]1/C=C\O[C@@]2(C)Oc3c(C)c(O)c4c(c3C2=O)C(=N[C@H]2CC[C@H](O)O[C@@H]2C)C=C(NC(=O)/C(C)=C\C(=O)[C@@H]2C[C@@H]2[C@@H](O)[C@H](C)[C@@H](O)[C@H](C)[C@H](OC(C)=O)[C@@H]1C)C4=O,0
10366136,CC1(COc2ccc3c(c2)ncn3-c2ccc3cccc(N4CCC(N)CC4)c3n2)COC1,1
45279469,Cc1ccc(C(N)=O)cc1Nc1nccc(-c2cn(C(C)C)c3cnccc23)n1,1
70789697,Fc1ccc(-c2nc(-c3ccncc3)nc3ccccc23)cc1F,1
1177165,Cc1c(NC2=C(Cl)C(=O)N(c3ccccc3)C2=O)c(=O)n(-c2ccccc2)n1C,1
5322523,COc1cc2c(C(=O)N3CCN(c4cccc(C(F)(F)F)c4)CC3)cn(CC(C)C)c(=O)c2cc1OC,1
9551517,CCn1cc(C(=O)N2CCN(c3cccc(Cl)c3)CC2)c2cc(OC)c(OC)cc2c1=O,1
8781314,CCOc1ccc(CCNC(=O)c2ccccc2)cc1OCC,1
75410922,COC(=O)c1ccc2c(c1)nc1n2[C@@H](CNC(C)=O)COC1,0
5297518,CCOC(=O)c1ccc(NC(=O)CSc2nc3c(cc2C#N)N2CCC3CC2)cc1,1
16195554,O=C(O)c1ccc(N2C(=O)/C(=C/c3ccc(-c4ccc([N+](=O)[O-])cc4)o3)C=C2c2ccccc2)cc1,1
3540515,CC(=O)c1sc(NC(=O)c2ccco2)nc1-c1ccccc1,1
16318005,CCOc1ccc(NC(=O)c2cccc(-n3cccc3)c2)cc1S(=O)(=O)N1CCOCC1,1
16314374,COc1ccc(S(=O)(=O)N2CCOCC2)cc1NC(=O)c1cccc(-n2cccc2)c1,0
49852942,Fc1cccc(CNc2nc(-c3ccccc3C(F)(F)F)nc3ccccc23)c1,1
7287095,COc1ccc(-c2nc3sc(CCNC(=O)C(C)(C)C)c(C)n3n2)cc1,1
426728,COc1cc2c(c(OC)c1OC)-c1ccc(SC)c(=O)cc1C(N)CC2,1
6167,COc1cc2c(c(OC)c1OC)-c1ccc(OC)c(=O)cc1[C@@H](NC(C)=O)CC2,0
434973,COc1c(O)cc2c(c1OC)-c1ccc(SC)c(=O)cc1C(NC(C)=O)CC2,1
72187549,Cc1cnc(NC(=O)c2ccc(-c3cccc([N+](=O)[O-])c3)o2)s1,1
70789346,Cc1ccc(S(=O)(=O)Nc2cnccc2C(=O)Nc2ccc(-n3cncn3)cc2)cc1,0
74766595,Cc1cc(Cl)ccc1COc1ccnn1-c1cc(C(=O)O)ccn1,0
134809115,Cn1c(C(=O)NCCc2ccccn2)nc2nc(-c3ccccc3)c(Cl)cc21,1
11155874,NC(CO)(CO)CCc1ccc(Sc2cccc(OCc3ccccc3)c2)cc1Cl,1
3237063,Cc1ccccc1-c1nc(CN2CCC(C(=O)NCCCN3CCOCC3)CC2)c(C)o1,1
134807036,COc1cc(-c2cc3c(nc2-c2ccccc2)nc(C(=O)NC2CCN(C)CC2)n3C)ccn1,1
121277860,C[C@@H]1CC(=O)Nc2cccc(-c3cnn(C(C)(C)C)c3)c2N1,1
57748689,CC[C@@H](C)Nc1cc(C(=O)NC2CC3CCC(C2)N3c2ccc(C(=O)C3CC3)cn2)c(C)cc1C(N)=O,1
16031687,Cc1c(Cl)cccc1NC(=O)CNS(=O)(=O)c1cccs1,1
134810647,O=C(NCCCN1CCCC1=O)c1ccc(-c2ncc3cnc(-c4ccccc4)cn23)cc1,1
4115695,CC(C)(C)c1ccc(C(=O)N2CC(=O)Nc3ccc(F)cc3C2c2ccc(F)cc2)cc1,1
70789728,CCOc1ccc(CCNC(=O)c2cc3ccccc3n2CCN2CCOCC2)cc1OCC,1
820770,Cc1c(O)ccc2c1OC(C)(C)CC2,1
70789487,Cc1ccc(S(=O)(=O)Nc2ccccc2C(=O)Nc2ncc(-c3ccccc3)s2)cc1,1
46907746,NC(=O)C1CCN(c2nnc(-c3ccc4c(c3)OCCCO4)s2)CC1,1
6320437,CC(C)CN(C[C@@H](O)[C@H](Cc1ccccc1)NC(=O)O[C@@H]1CO[C@H]2OCC[C@H]21)S(=O)(=O)c1ccc(N)cc1,1
132496,CCCCCCN(CCCCCC)C(=O)Cc1c(-c2ccc(F)cc2)[nH]c2ccccc12,1
60167813,CC(C)c1ccccc1-c1ncc(F)c(NCC2CCN(c3cccnc3)CC2)n1,1
60167843,Cc1ccc(N2CCC(CNc3nc(-c4ccccc4C(C)C)ncc3F)CC2)cn1,1
60167872,Cc1ccc(N2CCC(CNc3nc(-c4ccccc4C(C)C)ncc3C)CC2)cn1,1
60167903,Cc1cnc(-c2ccccc2C(C)C)nc1NCC1CCN(c2cccnc2)CC1,1
1264460,CCn1c(SCc2ccc(C#N)cc2)nnc1-c1cccc(Cl)c1,1
16020541,Cc1cccc(S(=O)(=O)c2cn(Cc3ccccc3)c3cc(N4CCCC(C)C4)c(F)cc3c2=O)c1,1
15990859,CCOc1ccc(/C=C/c2nc3ccccc3n2S(=O)(=O)c2ccc(Br)cc2)cc1,1
15990865,CSc1ccc(/C=C/c2nc3ccccc3n2S(=O)(=O)c2cccc(Cl)c2)cc1,1
16034348,Cc1ccc(/C=C/c2nc3ccccc3n2S(=O)(=O)c2cccc(Cl)c2)cc1,1
15990863,CSc1ccc(/C=C/c2nc3ccccc3n2S(=O)(=O)c2ccc(Br)cc2)cc1,1
54685215,O=C(O)CNC(=O)c1c(O)c2ccccc2n(Cc2ccccc2)c1=O,1
2212928,Clc1ccccc1-c1nnc2sc(-c3ccc4c(c3)OCO4)nn12,1
2815186,CCCc1ccc(C(=O)NC(=O)c2ccccc2O)cc1,0
70789356,O=C(Cc1nc2ccc(Cl)cc2[nH]1)Nc1ccc(S(=O)(=O)Nc2nccs2)cc1,0
72187555,Cc1sc(NC(=O)Cc2ccc3c(c2)OCO3)nc1-c1ccc2c(c1)CCN2C,0
27666048,CN(Cc1ccccc1)C(=O)c1ccc(S(=O)(=O)Nc2ccccc2)cc1,1
70789673,Fc1cc(Nc2nc(-c3ccncc3)nc3ccccc23)ccc1-c1ccnc(C(F)(F)F)c1,1
70789702,Fc1cc(Nc2nc(-c3ccncc3)nc3ccccc23)ccc1-c1ccncc1,1
15988552,COc1ccc(OC)c(-n2c3c(cc(-c4nc(-c5ccc(Cl)cc5)cs4)c2=O)C(=O)CC(C)(C)C3)c1,1
91916716,O=C(c1ccc2c(c1)OCO2)N1CCC(Cc2nc(-c3cnccn3)no2)CC1,1
1098727,O=C(Nc1ccc(S(=O)(=O)Nc2nccs2)cc1)c1cccnc1,0
70701433,COc1cccc(CNc2ccc(S(=O)(=O)Nc3ccccn3)cc2)c1O,1
15988540,COC(=O)c1cc(Cl)ccc1NC(=O)CSc1ncc(S(=O)(=O)c2ccc(Br)cc2)c(=O)[nH]1,1
16010499,Cc1ccc(S(=O)(=O)c2cnc(SC(C)C(=O)Nc3ccccc3)[nH]c2=O)cc1,0
16010539,Cc1ccc(NC(=O)CSc2ncc(S(=O)(=O)c3ccc(C(C)C)cc3)c(=O)[nH]2)cc1C,0
16010551,CC(C)(C)c1ccc(S(=O)(=O)c2cnc(SCC(=O)Nc3ccc(F)c(Cl)c3)[nH]c2=O)cc1,0
16010245,COc1cc(Cl)c(C)cc1NC(=O)CSc1ncc(S(=O)(=O)c2ccc(C(C)(C)C)cc2)c(=O)[nH]1,1
657574,Cc1cc(N2CCN(c3ccccc3)CC2)nc(-n2nc(C)cc2C)n1,1
16033831,CC(=O)N1CCc2c(sc3c2c(=O)n(-c2ccccc2Cl)c(=O)n3Cc2cccc(C)c2)C1,1
16033843,COc1cccc(Cn2c(=O)n(-c3cccc(Cl)c3C)c(=O)c3c4c(sc32)CN(C(C)=O)CC4)c1,1
16010511,CC(=O)N1CCc2c(sc3c2c(=O)n(-c2ccccc2)c(=O)n3Cc2cccc(C(F)(F)F)c2)C1,1
70789739,CCOc1ccc(CCNC(=O)c2cc3cccnc3n2Cc2cccc(C)n2)cc1OCC,1
46907751,NC(=O)C1CCN(c2nc(-c3ccc(N4CCCCC4)nc3)cs2)CC1,1
9968854,NC(=O)Nc1cc(-c2ccc(CN3CCOCC3)cc2)sc1C(N)=O,1
999758,CCN1CCc2c(sc(NC(=O)Nc3ccc(Cl)c(Cl)c3)c2C(N)=O)C1,1
665597,c1ccc(-c2nc(N3CCCCCC3)c3ccccc3n2)nc1,1
16018041,CC(C)Oc1ccc(CNC(=O)C2CCN(C(=O)N3CCOc4ccc(Cl)cc43)CC2)cc1,1
49853035,Cc1ccnc(NC(=S)N2CCCC(Nc3cccc(C(F)(F)F)c3)C2)c1,1
44825300,CC(=O)c1ccc(N2CCN(C(=O)c3ccc4c(c3)CC(=O)N4)CC2)cc1,1
46089231,COc1ccc(-c2ccc3nc(-c4cc(C)cc(C)c4)oc3c2)c(OC)c1OC,0
46088963,COc1ccc(-c2ccc3nc(-c4ccccc4C)oc3c2)c(OC)c1OC,0
46089259,COc1ccc(-c2ccc3nc(-c4ccc(SC)cc4)oc3c2)c(OC)c1OC,0
71295994,c1ccc2c(Nc3ccon3)nc(-c3ccncc3)nc2c1,1
16240066,Cl.c1ccc(Nc2nc(NCc3ccco3)c3ccccc3n2)cc1,1
2910633,Cc1cccc(Nc2nc(NCc3ccco3)c3ccccc3n2)c1.Cl,1
3246584,COc1ccc(C[C@@H]2C(=O)N[C@H](C)C(=O)N(C)[C@@H]3C(=O)N(C)[C@@H](Cc4ccc(O)c(c4)Oc4ccc(cc4)[C@H]3O)C(=O)N[C@@H](C)C(=O)N[C@H](C)C(=O)N2C)cc1,0
134806045,c1cc(-c2cc(-c3ccncc3)c3cncn3c2)c2[nH]ccc2c1,1
70789482,Cc1ccc(S(=O)(=O)Nc2cncc(C(=O)Nc3nc(-c4ccccc4)cs3)c2)cc1,1
91891807,Cc1noc(-c2cn(C3CCN(C(=O)c4ccc(OC(F)(F)F)cc4)CC3)nn2)n1,1
22431996,Cc1ccc(N2CCN(c3cnn(-c4nc5ccccc5s4)c(=O)c3Cl)CC2C)cc1,1
44205240,CCS(=O)(=O)N1CC(CC#N)(n2cc(-c3ncnc4[nH]ccc34)cn2)C1,1
71582801,COc1ccc(Nc2nc(-c3cccc(OC)c3)no2)cc1,1
20919964,CCN1CCN(C(=O)CCCn2nc(C)c3c(C)n(-c4ccc(C)cc4)nc3c2=O)CC1,1
1120551,CCOc1ccccc1N(CC(=O)Nc1cc(OC)ccc1OC)S(=O)(=O)c1ccccc1,1
3136596,COc1ccc(S(=O)(=O)N(CC(=O)Nc2ccc(C)cc2)c2ccc(C)cc2)cc1OC,1
5074544,CCOc1ccc(NC(=O)CSC2=Nc3ccccc3C3=NC(CC(=O)NCc4cccs4)C(=O)N23)cc1,1
820818,c1ccc2c(NC3CCCCC3)nc(-c3ccncc3)nc2c1,1
44820665,NCC(=O)Nc1cccc(-c2nn3c(=O)cc(N4CCNCC4)nc3s2)c1,0
25214468,O=C(Nc1nc2cc(C(F)(F)F)cc(NC3CC3)n2n1)c1cccnc1,1
75465982,Fc1ccc(Cc2nc3nccc(-c4cccs4)n3n2)cc1,1
53158961,Cc1ccc(C(=O)N2CCc3sc(C(=O)NC(C)c4ccccc4)cc3C2)cc1,1
16008413,CCn1c(=O)cc(OCC(=O)N2CCN(c3cccc(Cl)c3)CC2)c2ccccc21,1
73330458,COC(=O)[C@H](Cc1ccc(O[S+](=O)([O-])c2cccc3cnccc23)cc1)N[S+](=O)([O-])c1ccc2cnccc2c1,1
500902,C[C@@]1(O)[C@H](O)[C@@H](CO)O[C@H]1n1ccc(N)nc1=O,0
46907679,NC(=O)C1CCN(c2ncc(-c3cccc(N4CCCCC4)c3)s2)CC1,1
91891339,Cc1cn2nc(-c3nc(C4CCCN(C(=O)c5ccccc5)C4)no3)cc2c(=O)[nH]1,1
53257132,Cc1cc(C)nc(NC(=S)N2CCN(c3cc(C(F)(F)F)nc4ccc(C(F)(F)F)cc34)CC2)c1,1
49853005,Cc1cc(C)nc(NC(=S)N2CCN(c3cc(C(F)(F)F)nc4ccccc34)CC2)c1,1
124043610,O=C(NCC1Cn2cccc2CN1Cc1cccnc1)Nc1ccccc1,0
4681590,COc1ccc(C2Nc3ccccc3C(=O)N2Cc2ccco2)cc1,1
70701459,CNc1nc(C#N)c(-c2cccc3ccccc23)o1,1
70701451,CNc1ncc(-c2cccc3ccccc23)o1,1
7547,O=C(Nc1ccc(Cl)cc1)Nc1ccc(Cl)c(Cl)c1,1
46907663,NC(=O)C1CCN(c2nccc(-c3ccc4c(c3)OCCO4)n2)CC1,1
16363,O=C(CCCN1CCC(n2c(=O)[nH]c3ccccc32)CC1)c1ccc(F)cc1,1
4422695,Cc1ccc(NS(=O)(=O)c2cccc(C(=O)O)c2)cc1S(=O)(=O)N1CCOCC1,1
3915663,Cc1ccc(CNCc2cn[nH]c2-c2ccc(C)cc2)cc1,1
3233203,CC(=O)N1CCC2(CCCN(c3ccc(-c4ccccc4)cc3)C2)CC1,1
46907657,NC(=O)C1CCN(c2ncc(-c3cccc(N4CCOCC4)c3)s2)CC1,1
71295999,Fc1ccc(Nc2nc(-n3ccnc3)nc3ccccc23)cc1F,1
374536,OCc1ccc(-c2ccc(-c3ccc(CO)s3)o2)s1,1
70789724,CCOc1ccc(CCNC(=O)c2cc3cnccc3n2Cc2cccc(C)n2)cc1OCC,0
16014495,Cc1cccc(CS(=O)(=O)c2ncc(Cl)c(C(=O)Nc3nc4ccc(F)cc4s3)n2)c1,1
63549790,CNc1nccc(-c2cccc3ccccc23)n1,1
4917871,CCOc1ccc(NC(=O)CC2C(=O)N(c3ccc(F)cc3)C(=O)N2CCc2sccc2C)cc1,1
67183,CC(=O)Nc1ccc(S(=O)(=O)Nc2nccs2)cc1,0
220995,COc1cc(C2c3cc(O)c(OC)cc3CC3C(=O)OCC32)ccc1O,1
8781304,CCOc1ccc(CCNC(=O)c2cc3ccccc3o2)cc1OCC,1
134808857,COc1cccc(-c2nc(-c3c(C)noc3C)cc3[nH]c(C)cc23)c1OC,1
134807625,Cc1cc2c(-c3cccc(O)c3)nc(-c3c(C)noc3C)cc2[nH]1,1
134807381,COc1ccc(-c2nc(-c3c(C)noc3C)cc3c2cc(C)n3CCN(C)C)cc1OC,1
46907686,O=C(Nc1ccccc1)C1CCN(c2ncc(-c3ccc4c(c3)OCCCO4)s2)CC1,1
3571741,Cc1ccc(-c2cc(C(=O)NCc3cnn(C)c3)c3cc(Br)ccc3n2)cc1,1
4302940,CCn1cc(CNC(=O)c2cc(-c3ccc(C)cc3)nc3ccc(Br)cc23)c(C)n1,0
135398511,OCC(O)CCO/N=C1/C(c2c(O)[nH]c3ccccc23)=Nc2ccccc21,1
75466029,O=C(C1CC(=O)N(c2n[nH]c3ccccc23)C1)N1CCC(c2noc3cc(F)ccc23)CC1,1
123132228,CS(=O)(=O)c1ccc(-c2cnc(NCc3ccco3)n3cnnc23)cc1,1
71296015,Fc1ccc(Nc2nc(Nc3ccncc3)nc3ccccc23)cc1F,1
6604934,CC1(C)C(=O)NC2=C1C(=O)C(=O)c1ccccc12,1
15989832,Cc1c(C(=O)OCCOc2ccccc2)[nH]c2c1C(=O)CC(c1ccccc1)C2,1
4002431,Oc1c(C(Nc2nccs2)c2ccc(C(F)(F)F)cc2)ccc2cccnc12,1
53255407,O=C(Cc1ccc(Cl)c(Cl)c1)Nc1ccc(S(=O)(=O)Nc2cncnc2)cc1,0
16016694,COc1ccc(OC)c(-c2nc3c(C#N)c[nH]n3c2NC2CCCCC2)c1,1
135423438,COC(=O)c1ccc2c(C(=Nc3ccc(N(C)C(=O)CN4CCN(C)CC4)cc3)c3ccccc3)c(O)[nH]c2c1,1
16025831,CSc1nn(Cc2cccc(C)c2)c(N)c1S(=O)(=O)c1ccccc1,1
137299438,COc1ccc(-n2nc(C3CCN([S+](=O)([O-])c4cccc(C(F)(F)F)c4)CC3)[nH]c2=O)cc1,1
70701436,COc1cccc(C(=O)Nc2ccc([S+](=O)([O-])Nc3nccs3)cc2)c1O,0
24870588,O=C1CCCC2=C1C(C1CCCCC1Cl)N=C(NC1NC3CCCCC3S1)N2,1
16025678,CC(C)(C)c1ccc(-c2nc(SCCCOc3ccccc3)n3[nH]c(=O)cc3n2)cc1,1
76285486,COc1cc2c(cc1OCCCN1CCCC1)N=C(N)C21CCC1,0
2896518,O=C(NC(c1ccccc1)c1cc(Cl)c2cccnc2c1O)c1cccnc1,1
7424264,COc1ccc(Nc2cc(C)nc(-n3nc(C)cc3C)n2)cc1Cl,1
70980530,C[C@@H]1CN(CC(=O)N2CC(C)(C)c3ncc(Cc4ccc(F)cc4)cc32)[C@@H](CN2CCOC[C@H]2C)CN1,1
234846,COC(=O)C1=COC(C)C2CN3CCc4c([nH]c5cc(OC)c(OC)cc45)C3CC12,1
70789400,O=C(Cc1ccc2ccccc2c1)Nc1ccc(S(=O)(=O)Nc2nccs2)cc1,1
930080,COc1ccccc1C(=O)Nc1nc2nc(C)cc(=O)n2[nH]1,0
6485805,Cc1nc2nc(NC(=O)c3ccc(C(C)(C)C)cc3)[nH]n2c(=O)c1Cl,0
930029,Cc1ccc(C(=O)Nc2nc3nc(C)cc(=O)n3[nH]2)cc1,0
70701398,COc1cccc(CNc2ccc(S(=O)(=O)Nc3cccnc3)cc2)c1O,1
70701443,COc1cccc(CNc2ccc(S(=O)(=O)Nc3ccc(C)nc3)cc2)c1O,1
42376812,COc1cc(=O)n2c(c1C(=O)N(C)Cc1cscn1)CCN(C(=O)c1ccc(C)cc1C)CC2,0
134798255,COc1ccccc1Nc1ccnc(N2CCN(C(=O)c3ccc(F)cc3)CC2)n1,1
134797955,COc1ccccc1Nc1ccnc(N2CCN(C(=O)c3ccccc3Cl)CC2)n1,1
134798059,COc1ccccc1Nc1ccnc(N2CCN(C(=O)c3ccc(C)cc3)CC2)n1,1
5702992,O=C1Nc2ccccc2/C1=C/c1ccnc2ccccc12,1
53358901,O=C(CCCc1ccc2cccnc2n1)NCc1cc(-c2ccc(F)c(C(F)(F)F)c2)no1,1
4207389,Cc1ccc(CSCc2ccc(C(=O)NC3CC3)o2)cc1,1
4651694,O=C(NC1CC1)c1ccc(CSCc2ccccc2Cl)o1,1
70789363,Cc1ccc(S(=O)(=O)Nc2cc3c(cc2C(=O)Nc2nc(-c4ccccc4)cs2)OCO3)cc1,1
136259025,Cc1ccc(-c2cc(C(=O)Nc3ccc(-c4noc(=O)[nH]4)cc3)c3ccccc3n2)cc1C,0
70789505,Cc1ccc(-c2cc(C(=O)Nc3ccc(S(=O)(=O)Nc4ccc(C#N)cc4)cc3)c3ccccc3n2)cc1C,0
46907656,CN(C)c1cccc(-c2nccc(N3CCC(C(N)=O)CC3)n2)c1,1
46907756,CN(C)c1cccc(-c2ncc(F)c(N3CCC(C(N)=O)CC3)n2)c1,1
136665415,O=C(Nc1ccc(F)cc1F)c1cc(-c2ccc[nH]2)n[nH]1,1
136665423,O=C(Nc1cccc(OC(F)(F)F)c1)c1cc(-c2ccc[nH]2)n[nH]1,1
136665413,O=C(Nc1cccc(F)c1)c1cc(-c2ccc[nH]2)n[nH]1,1
136665425,Cc1ccc(NC(=O)c2cc(-c3ccc[nH]3)n[nH]2)cc1F,1
136665409,COc1ccc(NC(=O)c2cc(-c3ccc[nH]3)n[nH]2)cc1OC,1
136665405,CCc1cccc(NC(=O)c2cc(-c3ccc[nH]3)n[nH]2)c1,1
2964580,CCOc1ccccc1N(CC(=O)N1CCOCC1)S(=O)(=O)c1ccc(SC)cc1,1
73265297,CC[C@H]1C=CC=CC[C@@H](C)[C@H](O)[C@@](C)(O)C(=O)[C@@H](C)[C@H](O)[C@@H](C)C(=O)[C@@H](C)[C@H](O)[C@@H](C)C=CC(=O)O[C@@H]2[C@@H](C)[C@H](CC1)O[C@]1(CC[C@H](C)[C@H](C[C@@H](C)O)O1)[C@H]2C,0
118170767,COc1cc([C@@H](CC(=O)O)c2ccc(C)c(CN3C[C@@H](C)Oc4ccccc4S3(=O)=O)c2)cc2nnn(C)c12,0
134805007,COc1ccc(Nc2cc3c(nc2OC)nc(CCc2ccccc2)n3C)cn1,1
46926050,COc1ccc(NC(=O)C2=C(C)NC(Nc3nc4ccccc4o3)=NC2c2ccccc2Br)cc1,1
46926047,CC1=C(C(=O)Nc2ccccc2C)C(c2ccccc2Br)N=C(Nc2nc3ccccc3o2)N1,1
70701462,CNc1oc(-c2cccc(Cl)c2Cl)nc1C#N,1
3245229,CC(=O)N1CCc2cc(S(=O)(=O)NCCC3=CCCCC3)ccc21,1
2797796,OC(CCN1CCCCC1)c1ccc(-c2ccccc2)cc1,1
70789466,O=C(Nc1ccc([S+](=O)([O-])Nc2nccs2)cc1)c1ncn[nH]1,0
11248978,O=C1NC(=O)C(c2cnc3ccccn23)=C1c1cn2c3c(cccc13)CN(C(=O)N1CCOCC1)CC2,1
2466,CCCCOc1ccc(CC(=O)NO)cc1,1
67532,N[C@@H](Cc1cc(Br)c(O)c(Br)c1)C(=O)O,0
5311,O=C(CCCCCCC(=O)Nc1ccccc1)NO,1
9363,CCN(CC)C(=O)c1ccc(O)c(OC)c1,1
439260,NC[C@H](O)c1ccc(O)c(O)c1,0
4059,Cc1ccccc1OCC(O)CO,1
775655,COc1ccc(C(=O)CCN(C)C)cc1F,1
105115,CC(C=CC(=O)NO)=C[C@@H](C)C(=O)c1ccc(N(C)C)cc1,1
107970,CCCCCCCCc1ccc(CCC(N)(CO)CO)cc1,0
70789491,O=C(Nc1nc(-c2ccccc2)cs1)c1ccncc1NS(=O)(=O)c1ccc2ccccc2c1,1
70789414,Cc1ccc(-c2cc(C(=O)Nc3ccc(-n4cncn4)cc3)c3ccccc3n2)cc1C,0
134807270,CNC(=O)c1cccc(-c2cnc(Nc3cccc(C(F)(F)F)c3)c3c2CCO3)c1,1
70701434,COc1cccc(CNc2ccc(S(=O)(=O)Nc3ncc(-c4ccccc4)s3)cc2)c1O,1
9884685,Oc1cccc(-c2nc(N3CCOCC3)c3oc4ncccc4c3n2)c1,1
3246443,COc1c(O)ccc2c1CN1CCc3cc4c(cc3[C@@H]1C2)OCO4,1
95801,Cc1ccc(S(=O)(=O)NCc2ccccc2)cc1,1
73330287,COc1ccc(NC(=O)c2cccnc2C)cc1[S+](=O)([O-])Nc1ccc(Br)cc1,1
31526528,Fc1ccc(Oc2nc(-c3ccncc3)nc3ccccc23)cc1F,1
4130805,O=C(Nc1nnc(-c2cccs2)o1)c1ccc(Cl)cc1,1
646008,O=C(Nc1ncnc2sc3c(c12)CCC3)c1ccco1,1
91762950,NC(=O)c1ccc(-c2nc3c([nH]2)CN(C(=O)CN2CCOCC2)CC3)cc1,0
257275,C=C1C(=O)OC2C1CCC(C)C1(O)C=CC(=O)C21C,1
936056,Oc1ccc(C(=S)N2CCN(c3cccc(Cl)c3)CC2)cc1,1
137299452,COc1ccc(-n2nc(C3CCN([S+](=O)([O-])c4c(C)noc4C)CC3)[nH]c2=O)cc1,1
70789411,CC(=O)Nc1ncc(S(=O)(=O)Nc2cnccc2C(=O)Nc2nc(-c3ccccc3)cs2)s1,1
134807511,O=C1NCc2cc(-c3cc4c(ccn4Cc4ccncc4)c(N4CCOCC4)n3)ccc21,1
134805006,Cc1noc(C)c1-c1cc(-c2ccc3c(c2)C(=O)NC3)cn2cncc12,1
16010137,CC1=Nc2cc(C(=O)NCCc3ccccc3)ccc2Sc2c(C)ccc(C)c21,1
43057906,O=C(NCc1ccc(N2CCCC2)nc1)c1cc(Cl)ccc1O,1
11740730,CN1C(=O)C(=O)N2C(=C[C@]3(c4c[nH]c5ccccc45)c4ccccc4N[C@H]23)C1=O,1
70789682,Fc1cc(Nc2nc(-c3ccncc3)nc3ccccc23)ccc1-c1ccc2[nH]ncc2c1,1
1474853,COc1cc2ncnc(Nc3ccc(Oc4ccccc4)cc3)c2cc1OC,1
2132664,O=S(=O)(Nc1ccc(S(=O)(=O)Nc2nccs2)cc1)c1ccc2ccccc2c1,0
70756727,Cc1cc(CNC(=O)c2ccc3c(c2)n(CC2CC2)c(=O)n3C2CCCCC2)on1,1
44460175,CC(=O)NC(c1cccs1)c1cc(Br)c2cccnc2c1O,1
2921716,CCC(=O)NC(c1cccs1)c1cc([N+](=O)[O-])c2cccnc2c1O,1
5292916,COc1cc(/C=C(\C#N)c2nc3ccccc3[nH]2)ccc1OCc1ccc(F)cc1,1
730810,Cc1ccc2[nH]c(-c3ccccc3)cc(=O)c2c1,1
60795,O=C1CCc2ccc(OCCCCN3CCN(c4cccc(Cl)c4Cl)CC3)cc2N1,1
71307879,Cc1cc(-c2nnc3n2CCCCC3)c(C)n1-c1cccc2ccccc12,1
11201705,CC(=O)OCCN1C(=O)c2c(C)nc3ccc(S(=O)(=O)N4CCOCC4)cc3c2C1=O,1
10316032,Fc1ccc(Cl)cc1-c1nc(Nc2ccncc2)c2nccnc2n1,1
73265333,COC(=O)[C@]12CCC(C)(C)C[C@@H]1[C@@H]1C(=O)C=C3[C@@]4(C)C=C(C#N)C(=O)C(C)(C)[C@@H]4CC[C@@]3(C)[C@]1(C)CC2,1
56886853,Fc1ccc(N2CCCN(CC3[C@H]4CNC[C@@H]34)CC2)cc1,1
134789746,CC(C)NC(=O)c1nc(-c2ccc(Cl)nc2)c2cnccn12,1
134787726,COC(=O)CNC(=O)c1nc(-c2ccc(Cl)nc2)c2cnccn12,1
44143159,NC(=O)C1CCN(c2nc(-c3ccccc3-c3ccccc3)cs2)CC1,1
49787093,CN1CCN(c2ccc(Nc3nn4c(=O)c5ccccc5nc4s3)cc2)CC1,1
70789660,CN1CCN(c2cc(-c3nc(Nc4ccc(F)c(F)c4)c4ccccc4n3)ccn2)CC1,1
44640157,O=C1CCCC2=C1C(c1ccccc1Cl)N=C(Nc1nc3ccccc3o1)N2,1
4894298,CC1(C)CC(=O)C2=C(C1)NC(Nc1nc3ccccc3o1)=NC2c1ccccc1Cl,1
40724396,CC(C)NC(=O)N1C[C@@H]2C[C@H](C1)c1ccc(-c3cccc(C(F)(F)F)c3)c(=O)n1C2,1
70789448,Cc1ccc(S(=O)(=O)Nc2ncccc2C(=O)Nc2nc(-c3ccccc3)cs2)cc1,1
868286,Cc1ccc(-c2cc(C(=O)Nc3ccccn3)c3ccccc3n2)cc1,1
70701357,O=[S+]([O-])(Nc1ccccc1)c1ccc(NCc2cccc(Cl)c2F)cc1,1
70701380,O=[S+]([O-])(Nc1ccccc1)c1ccc(NCc2ccc(Cl)cc2O)cc1,1
70701394,O=[S+]([O-])(Nc1ccccc1)c1ccc(NCc2cccc(C(F)(F)F)c2F)cc1,1
137299321,O=c1[nH]c(C2CCN(CC3CCCCC3)CC2)nn1Cc1ccccc1,0
46916308,CCOc1ccc(CCNC(=O)c2cc3sccc3n2C(C)C)cc1OCC,1
3241707,CCOc1ccc(CCNC(=O)c2cc3sccc3n2C)cc1OCC,1
70789741,CCOc1ccc(CCNC(=O)c2cc3sccc3n2CCN(C)C)cc1OCC,1
46916311,CCn1c(C(=O)NCCc2ccc(OC)cc2)cc2sccc21,1
70789743,CCOc1ccc(CCNC(=O)c2cc3ncccc3n2Cc2cccc(C)n2)cc1OCC,1
1076491,CN(Cc1ccccc1)C(=O)C1CCN(Cc2cccc3ccccc23)CC1,1
126941,CN(Cc1cnc2nc(N)nc(N)c2n1)c1ccc(C(=O)N[C@@H](CCC(=O)O)C(=O)O)cc1,0
51053056,CNc1nc2c(s1)C(c1ccc(Cl)cc1)CC(=O)N2,1
51138561,CNc1nc2c(s1)C(c1ccccc1F)CC(=O)N2,1
42654957,Nc1nc2c(s1)C(c1ccc(F)c(F)c1)CC(=O)N2,1
16764671,Nc1nc2c(s1)C(c1cccc(F)c1F)CC(=O)N2,0
16764686,Nc1nc2c(s1)C(c1ccccc1)CC(=O)N2,1
16764695,Nc1nc2c(s1)C(c1ccc(F)cc1F)CC(=O)N2,1
42654396,Nc1nc2c(s1)C(c1cccc(Cl)c1Cl)CC(=O)N2,1
42654850,Nc1nc2c(s1)C(c1cc(Cl)ccc1F)CC(=O)N2,1
16764667,COc1ccc(C2CC(=O)Nc3nc(N)sc32)cc1OC,1
42654366,Nc1nc2c(s1)C(c1ccc(Br)cc1)CC(=O)N2,1
42654528,Nc1nc2c(s1)C(c1c(Cl)cccc1Cl)CC(=O)N2,0
72512,COc1ccc2[nH]c3c(C)c4ccncc4c(C)c3c2c1,1
9616943,O=[N+]([O-])c1ccc(/C=N/n2c(CO)nc3ccccc32)s1,1
64393976,O=C(Cc1ccc(Cl)cc1)Nc1cnccc1C(=O)O,0
4062086,CCc1ccc(NC(=O)CSC2=Nc3ccccc3C3=NC(CC(=O)NCc4ccc5c(c4)OCO5)C(=O)N23)cc1,0
71295997,Fc1ccc(Nc2nc(-c3ccncc3)ncc2-c2ccccc2)cc1F,0
134809651,O=C1NCc2ccc(-c3cc4c(ccn4Cc4cccnc4)c(C4=CCOCC4)n3)cc21,1
87052427,O=C(c1ccc2ncccc2c1)N1CCc2c(nc3cc[nH]n3c2=O)C1,1
71771087,Cc1ccnc(C)c1C(=O)Nc1cccc([S+](=O)([O-])N(C)C)c1,1
57336276,Cc1onc(-c2ccc(F)cc2)c1COc1ccc(C(=O)N2CCS(=O)(=O)CC2)cn1,1
135439882,COc1ccc(-n2c(C)cc(C3=NNC(=NC4CC4)SC3)c2C)cc1,1
135422526,Cc1ccc(-n2c(C)cc(C3=NNC(=NC4CC4)SC3)c2C)cc1C,1
74767274,CN(C(=O)c1cn2c(-c3ccc(C(F)(F)F)cc3)cnc2cn1)c1ccc(C#N)cc1,1
90157166,CNC(=O)c1ccc(-c2cnc3cnc(C(=O)N(C)c4ccc(Cl)cc4)cn23)cc1,1
91904901,O=C(NC1CCN(c2cc(-c3ccc(Cl)cc3)[nH]n2)C1)c1ccccc1,1
15990297,CCOc1ccc(Nc2nc(C)c(NC(=O)c3ccc(C)cc3)c(Nc3ccc(OCC)cc3)n2)cc1,1
15990190,Cc1ccc(Nc2nc(C)c(NC(=O)c3ccc(C)cc3)c(Nc3ccc(C)cc3)n2)cc1,1
14328920,O=C(O)c1cn(C2CC2)c2cc(N3C[C@@H]4C[C@H]3CN4)c(F)cc2c1=O,0
71335,CN1C[C@@H]2C[C@H]1CN2c1cc2c(cc1F)c(=O)c(C(=O)O)cn2C1CC1,0
4229355,CCc1ccc(C2N=C(N)Nc3nc4ccccc4n32)cc1,0
3719993,COc1ccc(C2c3c(ncn(CCN4CCOCC4)c3=N)Oc3ccc4ccccc4c32)cc1OC,1
16007814,CCN1C(=O)c2ccccc2S(=O)c2ccc(C(=O)NCc3ccc(OC)cc3)cc21,1
57383430,CCN1C(=O)c2ccccc2[S@](=O)c2ccc(C(=O)NCc3ccc(F)cc3)cc21,1
57383405,CN1C(=O)c2ccccc2[S@](=O)c2ccc(C(=O)NCc3ccc(Br)cc3)cc21,1
57383399,CCN1C(=O)c2ccccc2S(=O)c2ccc(C(=O)NCc3ccccc3)cc21,1
57383420,CN1C(=O)c2ccccc2[S@](=O)c2ccc(C(=O)NCc3ccc(Cl)cc3)cc21,1
57383414,CCN1C(=O)c2ccccc2[S@](=O)c2ccc(C(=O)NCc3ccc(C#N)cc3)cc21,1
50898239,COc1cccc(-n2ncc3c2CCCC3NC(=O)c2ccccn2)c1,1
50898243,O=C(NC1CCCc2c1cnn2-c1cccc(O)c1)c1ccccn1,1
50898225,O=C(NC1CCCc2c1cnn2-c1ccc(O)cc1)c1ccccn1,1
44460164,Oc1ccc(CNc2cccnc2)c2cccnc12,1
16026577,CCOc1ccc(N2CC(c3nc(-c4cc(OC)c(OC)c(OC)c4)no3)CC2=O)cc1,1
134809070,CN1CCN(C(=O)Cc2c[nH]c3ncc(-c4ccccc4Oc4ccccc4)cc23)CC1,1
269325,Cc1nc(N)nc2ccccc12,1
72187547,O=C(Nc1ncc(Cc2ccc(C(F)(F)F)cc2)s1)c1cnc(-c2ccccc2)[nH]1,0
4462741,Cc1ccccc1C(=O)Nc1sc2c(c1C(=O)NCc1ccco1)CCC(C(C)(C)C)C2,1
2331284,Cc1cc(-c2nnc3n2CCCCC3)c(C)n1-c1ccccc1,1
57519516,Cc1cc(-c2nnc3n2CCCCC3)c(C)n1-c1ccc(F)cc1,1
71307825,Cc1cc(-c2nnc3n2CCCCC3)c(C)n1-c1ccc(Br)cc1,1
71307849,Cc1cc(-c2nnc3n2CCCCC3)c(C)n1-c1ccc(C(C)(C)C)cc1,1
71307835,Cc1cc(-c2nnc3n2CCCCC3)c(C)n1-c1ccc(Cl)cc1,1
71307870,Cc1cc(-c2nnc3n2CCCCC3)c(C)n1-c1ccc([N+](=O)[O-])cc1,1
71307857,Cc1cc(-c2nnc3n2CCCCC3)c(C)n1-c1ccc(Cl)c(Cl)c1,1
71307878,Cc1cc(-c2nnc3n2CCCCC3)c(C)n1-c1cccc(C(F)(F)F)c1,1
71307843,Cc1cc(-c2nnc3n2CCCCC3)c(C)n1-c1cccc(C#N)c1,1
71307858,Cc1cc(-c2nnc3n2CCCCC3)c(C)n1-c1cccc(Cl)c1,1
71307855,CCOC(=O)c1ccc(-n2c(C)cc(-c3nnc4n3CCCCC4)c2C)cc1,1
71307866,COc1ccc(-n2c(C)cc(-c3nnc4n3CCCCC4)c2C)cc1,1
71307838,Cc1cc(-c2nnc3n2CCCCC3)c(C)n1-c1ccc(C(F)(F)F)cc1,1
71307851,Cc1ccc(-n2c(C)cc(-c3nnc4n3CCCCC4)c2C)cc1,1
71307823,Cc1cc(-c2nnc3n2CCCCC3)c(C)n1-c1ccc(C#N)cc1,1
68938909,CC(=O)N1CCN(c2ccc(OCc3nn(C)c(C)c3-c3cccc4c(CCCOc5cccc6ccccc56)c(C(=O)O)n(Cc5cccnc5)c34)cc2)CC1,1
73265321,Cc1c(-c2cccc3c(CCCOc4cccc5ccccc45)c(C(=O)O)n(Cc4cccnc4)c23)c(COc2ccc(N3CCN([S+](=O)([O-])N(C)C)CC3)cc2)nn1C,1
134808360,Cn1ccc2c(C(=O)NCC3CCC(=O)N3)nc(-c3ccccc3C#N)cc21,1
134811068,O=C1CCC(CNC(=O)c2nc(-c3ccccc3)cc3[nH]ccc23)N1,1
91903489,Cc1ccc(-c2nc(C)c(C(=O)Nc3ccc4c(c3)C(=O)N3CCC[C@H]3C(=O)N4)s2)cc1,1
70789677,COc1ccc(-n2c(C)c(C(C)=O)c3ccccc32)cc1,1
70789662,CCOC(=O)c1ccc2c(c1)c(C(C)=O)c(C)n2-c1ccc(OC)cc1,1
658914,COc1ccc(-n2c(C)c(C(C)=O)c3cc(O)ccc32)cc1,1
781247,CC(=O)c1c(C)n(-c2ccccc2)c2ccc(O)cc12,1
2168668,Cc1ccc(-c2cc(C(=O)NCc3ccc(S(N)(=O)=O)cc3)c3ccccc3n2)cc1C,1
5311424,CC[C@H](NC(=O)c1c(O)c(-c2ccccc2)nc2ccccc12)c1ccccc1,1
104850,Cc1c(C(=O)NN2CCCCC2)nn(-c2ccc(Cl)cc2Cl)c1-c1ccc(Cl)cc1,1
70789692,Cc1noc(C)c1-c1ccc(Nc2nc(-c3ccncc3)nc3ccccc23)cc1F,1
4107705,CCc1ccccc1Nc1ncnc2c1cnn2-c1ccc(Cl)cc1,1
721046,Cc1ccc(-n2ncc3c(Nc4cccc(C(=O)O)c4)ncnc32)cc1,1
5712,OCc1ccc(-c2nn(Cc3ccccc3)c3ccccc23)o1,1
127030711,O=C(NCCCc1ccccc1)c1cccc(-c2cc(O)c3ncccc3c2)c1,0
5311510,NC(=O)c1cccc(-c2cc(Nc3ccc(OC(F)(F)F)cc3)ncn2)c1,1
44129660,O=C(NCCO)c1cccc(-c2cc(Nc3ccc(OC(F)(F)F)cc3)ncn2)c1,1
134805340,O=C(NCCCn1ccnc1)c1nc(-c2ccccc2)cc2[nH]ccc12,1
70346,Cn1c(=O)c2[nH]c(=O)[nH]c2n(C)c1=O,0
71296010,c1ccc2c(Nc3ccc4nc[nH]c4c3)nc(-c3ccncc3)nc2c1,1
79472,Cc1cc(N)c2cc(NC(=O)Nc3ccc4nc(C)cc(N)c4c3)ccc2n1.Cl.Cl,0
50767626,CC1CCN(S(=O)(=O)c2ccc3c(c2)C(C)(C)C(=O)N3CC(=O)NCc2ccco2)CC1,1
22049997,CNC(=O)c1ccc(C)c(-n2c(C)cc(OCc3ccc(F)cc3F)c(Br)c2=O)c1,1
16030494,COc1ccccc1C(=O)Nc1nnc(SCc2cc(=O)c3ccccc3[nH]2)s1,1
7536878,COc1ccc(CNC(=O)c2cnc3ccccc3n2)cc1,1
4438424,Nc1ncnc(N2CCc3ccccc32)c1[N+](=O)[O-],1
70789679,O=c1cc(-c2nc(Nc3ccc(F)c(F)c3)c3ccccc3n2)cc[nH]1,1
1261822,Cc1cc(C)c2nc(-c3ccccn3)cc(C(=O)Nc3ccc(S(=O)(=O)Nc4onc(C)c4C)cc3)c2c1,1
11224758,CSc1ccccc1N1CCN(CCCCCC(=O)NC2CCCc3ccccc32)CC1,1
50898226,CCOC(=O)C1CCN(C(=O)C(C)(C)NC(=O)Nc2ccc(Cl)cc2Cl)CC1,1
3382936,CCOC(=O)N1CCN(Cc2nc3c(c(=O)n(C)c(=O)n3C)n2Cc2ccc(F)cc2)CC1,1
667135,CCOC(=O)N1CCN(Cc2nc3c(c(=O)n(C)c(=O)n3C)n2Cc2cccc(C)c2)CC1,1
16034290,CC1CCC(NC(=O)c2ccc3c(c2)N(Cc2ccccc2F)C(=O)c2ccccc2S3)CC1,0
15990828,CCOc1ccc(CN2C(=O)c3ccccc3Sc3ccc(C(=O)NC4CCC(C)CC4)cc32)cc1,0
11167602,CNC(=O)c1cc(Oc2ccc(NC(=O)Nc3ccc(Cl)c(C(F)(F)F)c3)c(F)c2)ccn1,0
16615769,Cc1ccc(NS(=O)(=O)c2ccc3c(c2)NC(=O)CO3)cc1C,1
60167816,Cc1cnc(-c2ccccc2C(C)C)nc1NCC1CCN(C2COC2)CC1,1
16019468,CCc1cccc(NS(=O)(=O)c2ccc3c(c2)CC(C)N3C(=O)C2CC2)c1,1
46926058,CC1=C(C(=O)NC2CCCCC2)C(c2ccccc2Br)N=C(Nc2nc3ccccc3o2)N1,1
44631912,CN(C)C(=O)c1cc2cnc(Nc3ccc(N4CCNCC4)cn3)nc2n1C1CCCC1,1
135546828,CCc1ccc(-n2nc(C)c3c2NC(=O)CSC3c2ccccc2C)cc1,1
135546833,Cc1cccc(-n2nc(C)c3c2NC(=O)CSC3c2ccccc2Cl)c1,1
139106,c1ccc(-c2cn[nH]c2)cc1,1
159324,Cn1cncc1[C@@](N)(c1ccc(Cl)cc1)c1ccc2c(c1)c(-c1cccc(Cl)c1)cc(=O)n2C,1
16031764,CC1CCN(S(=O)(=O)c2ccc3c(ccc(=O)n3CC(=O)NCc3ccc(Cl)cc3)c2)CC1,1
70701365,O=[S+]([O-])(Nc1nccs1)c1ccc(NCc2cccc3c2NCC3)cc1,1
4823,COc1ccc(-c2nc3ccc(C4=NNC(=O)CC4C)cc3[nH]2)cc1,1
71771105,COc1ccc(NC(=O)c2c(C)cccc2C)cc1[S+](=O)([O-])Nc1ccc(Br)cc1,1
134809146,COc1ccc(-c2[nH]nc3ncc(-c4ccc(CO)cc4)nc23)cc1F,1
134808479,COc1ccccc1-c1[nH]nc2ncc(-c3ccc(C)cc3)nc12,1
17757088,Cc1noc(C)c1-c1ccc2ncnc(NC(C)c3ccccc3)c2c1,1
17757077,Cc1noc(C)c1-c1ccc2ncnc(NCc3cccc(Cl)c3)c2c1,1
5284645,C[C@H]1CCC[C@H](O)CCC/C=C/c2cc(O)cc(O)c2C(=O)O1,1
664331,O=C1CCCC2=C1C1(CCCC1)N=C(Nc1nc3ccccc3o1)N2,1
44623889,Cc1ccc2oc(NC3=NC4(CCCC4)C4=C(CCCC4=O)N3)nc2c1,1
133053881,O=C(O)c1ccnc2cc(C(OCC3CCC(F)(F)CC3)c3ccccc3Cl)[nH]c12,1
70701473,CNc1oc(-c2ccccc2-c2ccccc2)nc1C#N,1
5055687,CCOC(=O)N1CCc2c(sc(NCc3sccc3C)c2C(=O)Nc2cc(Cl)ccc2OC)C1,0
134808914,Cc1nn2c(c1-c1ccccc1-c1ccccc1)N(CC1CC1)CCC2,1
46058622,CCNC(=O)c1coc(COc2ccc3c(c2)C(c2ccc(F)cc2)N(C(=O)CC(C)C)CC3)n1,1
46059187,CCN(CC)C(=O)c1coc(COc2ccc3c(c2)C(c2cccc(F)c2)N(C(=O)C(C)C)CC3)n1,1
4388543,COc1ccc(-c2nc3ncccc3[nH]2)cc1,1
46902231,CC(=O)Nc1ccc(OCc2cn(CC(=O)c3ccc(O)cc3)nn2)cc1,0
3246218,OCCNc1ncnc2c1ncn2[C@@H]1O[C@@H](CO)[C@H](O)[C@@H]1O,0
3246430,Nc1ncnc2c1ncn2[C@H]1O[C@@H](CO)[C@@H](O)[C@H]1N,0
134807922,CC(=O)Nc1cccc(-c2nc(-c3c(C)noc3C)cc3c2cc(-c2ccccc2)n3C)c1,1
16018629,C=Cc1ccc(Cn2c(C(=O)O)c(CNC3CCCCC3)c3ccc(OC)cc32)cc1,1
24889392,CC(C)(C)c1cc(NC(=O)Nc2ccc(-c3cn4c(n3)sc3cc(OCCN5CCOCC5)ccc34)cc2)no1,0
134791199,O=C(c1nc(-c2ccc(Cl)nc2)c2ccccn12)N1CCCC1,1
134809346,COCCn1ccc2c(C3=CCOCC3)nc(-c3ccc4c(c3)CNC4=O)cc21,1
46916190,CCNC(=O)c1ccc(-c2ccc3ncnc(NCC4CCCO4)c3c2)o1,1
208908,CS(=O)(=O)CCNCc1ccc(-c2ccc3ncnc(Nc4ccc(OCc5cccc(F)c5)c(Cl)c4)c3c2)o1,0
2118,Cc1nnc2n1-c1ccc(Cl)cc1C(c1ccccc1)=NC2,1
46943432,CCNC(=O)C[C@@H]1N=C(c2ccc(Cl)cc2)c2cc(OC)ccc2-n2c(C)nnc21,1
70701449,N#Cc1ccccc1Nc1ncc(-c2cccc3ccccc23)o1,1
91925560,COc1ccc(C(=O)N[C@@H]2CCC[C@@H]2C(=O)N2CCC(Cc3ccccc3)CC2)cc1,1
24978538,CC1(C)CCC(c2ccc(Cl)cc2)=C(CN2CCN(c3ccc(C(=O)NS(=O)(=O)c4ccc(N[C@H](CCN5CCOCC5)CSc5ccccc5)c(S(=O)(=O)C(F)(F)F)c4)cc3)CC2)C1,0
40776995,CCC(CC)c1cc([C@H]2CN3CC[C@H]2C[C@@H]3CNC(C)=O)nc(-c2ccncc2)n1,1
33036,CN(C)CC[C@@H](c1ccc(Cl)cc1)c1ccccn1,1
45495934,NC(=O)COc1cccc(C2CC(=O)Nc3nc(N4CCCCC4)sc32)c1,1
1750826,COC(=O)c1ccc([C@H]2c3[nH]c4ccccc4c3C[C@H](C(=O)OC)N2C(=O)CCl)cc1,1
91891800,COc1ccc(C2(C(=O)N3CCC(n4cc(-c5nc(C)no5)nn4)CC3)CC2)cc1,1
2163014,O=C(CSc1ccccc1)Nc1nnc(COc2ccc(Cl)cc2)s1,1
90216621,O=C(O)c1ccncc1Nc1nn(CCN2CCC(F)(F)CC2)c2ccc(F)cc12,0
71533725,COc1ncc(-c2ccc3c(Nc4cc(Oc5cc(F)cc(F)c5)cc(C(=O)O)c4)c(S(=O)(=O)NC4CC4)cnc3c2)c(OC)n1,0
44402523,O=C(O)Cc1ccc2oc(-c3ccc(NC(=O)/C=C/c4ccc(Br)cc4)c(F)c3)nc2c1,0
1511198,CNS(=O)(=O)c1cc(-c2nn3c(C)nnc3c3ccccc23)ccc1C,1
134811001,Cn1ccc2c(C(=O)NCc3cccnc3)nc(-c3ccc(CO)cc3)cc21,1
134811029,Cn1ccc2c(C(=O)NCc3cccnc3)nc(-c3ccccc3C#N)cc21,1
27901,CN1CCC(N(Cc2cccs2)c2ccccc2)CC1,1
60167913,FC(F)(F)c1cc(-c2ccc(CNc3nc(-c4ccccc4C(F)(F)F)nc4ccsc34)cc2)ccn1,1
70789373,Cc1ccc(-c2csc(Nc3ccc(S(=O)(=O)Nc4nccs4)cc3)n2)cc1C,1
70789504,O=S(=O)(Nc1nccs1)c1ccc(Nc2nc(-c3ccc(F)cc3)cs2)cc1,1
46192505,CCNC(=O)Nc1ncc(-c2cc(-c3c(C)cc(OC)cc3C)nc(-c3cnccn3)n2)s1,1
5083,Cn1cc(C2=C(c3cn(CCCSC(=N)N)c4ccccc34)C(=O)NC2=O)c2ccccc21,1
4030,COC(=O)Nc1nc2ccc(C(=O)c3ccccc3)cc2[nH]1,1
26850581,COc1ccc(NC(=O)c2ccccc2)cc1S(=O)(=O)Nc1ccc(Br)cc1,1
73330431,C[C@H]1[C@@H](CCC(=O)Nc2ccc(F)cc2)O[C@@H]2O[C@]3(C)CC[C@@H]4[C@H](C)CC[C@@H]1[C@@]24OO3,1
134807531,COc1ccc(-c2cc(-c3cccc4[nH]ncc34)cn3cncc23)cn1,0
71296016,Fc1cc(Nc2nc(-c3ccncc3)nc3ccccc23)ccc1N1CCCC1,1
866378,Nc1c(C(=O)N2CCCCC2)sc(=S)n1-c1ccccc1,1
134790239,O=C(c1nc(-c2cccnc2)c2ccccn12)N1CCOCC1,1
70789669,Fc1ccc(-c2ccc(Nc3nc(-c4ccncc4)nc4ccccc34)cc2F)c(Cl)c1,1
70789690,Fc1cc(Nc2nc(-c3ccncc3)nc3ccccc23)ccc1-c1cccc(OC(F)(F)F)c1,1
70789695,Fc1ccc(-c2ccc(Nc3nc(-c4ccncc4)nc4ccccc34)cc2F)cc1,1
70789663,Fc1cc(Nc2nc(-c3ccncc3)nc3ccccc23)ccc1-c1cccc(C(F)(F)F)c1,1
70789655,Fc1cccc(-c2ccc(Nc3nc(-c4ccncc4)nc4ccccc34)cc2F)c1,1
70789694,Fc1cc(Nc2nc(-c3ccncc3)nc3ccccc23)ccc1-c1cc(F)c(F)c(F)c1,1
70789666,Fc1cc(Nc2nc(-c3ccncc3)nc3ccccc23)ccc1-c1cccc(OC(F)F)c1,1
70789668,Fc1ccc(-c2ccc(Nc3nc(-c4ccncc4)nc4ccccc34)cc2F)c(F)c1,1
70789656,Fc1cc(Nc2nc(-c3ccncc3)nc3ccccc23)ccc1-c1ccc(F)c(F)c1F,1
70789686,COc1ccc(-c2ccc(Nc3nc(-c4ccncc4)nc4ccccc34)cc2F)cc1F,1
24360,CC[C@@]1(O)C(=O)OCc2c1cc1n(c2=O)Cc2cc3ccccc3nc2-1,1
6456014,CC[C@@]1(O)C(=O)OCc2c1cc1n(c2=O)Cc2c-1nc1ccccc1c2CCNC(C)C,0
1977357,CC(C)c1nc2oc3c(NCCN(C)C)ncnc3c2c2c1COC(C)(C)C2,1
70789461,Cc1ccc(S(=O)(=O)Nc2cnccc2C(=O)Nc2nc(-c3cccnc3)cs2)cc1,1
70789446,Cc1noc(C)c1S(=O)(=O)Nc1cnccc1C(=O)Nc1nc(-c2ccccc2)cs1,1
17531380,Cc1nsc(N)c1C(=O)N(C)CCOc1ccccc1Cl,1
6407314,C#CCOc1ccc(-c2nnc(Nc3ccc(NC(C)=O)cc3)c3ccccc23)cc1,1
70789460,O=C(Nc1ccc(S(=O)(=O)Nc2nc(-c3ccccc3)cs2)cc1)c1ccc2ccccc2c1,0
46926081,CC1=C(C(=O)NC2CCCC2)C(c2nn(C)cc2Cl)N=C(Nc2nc3ccccc3o2)N1,1
16010135,CC1=Nc2cc(C(=O)NCc3ccccc3Cl)ccc2Sc2c(C)ccc(C)c21,1
49853302,Cc1ccnc(NC(=S)N2CC[C@@H](Nc3cccc(C(F)(F)F)c3)C2)c1,1
16028117,CC(C)(C)c1ccc(C(=O)Nc2ccc3c(c2)CCCN3C(=O)c2cccs2)cc1,1
7498666,CC(C)Oc1ccc(C(=O)Nc2ccc3c(c2)CCCN3C(=O)c2cccs2)cc1,1
7498662,Cc1ccccc1C(=O)Nc1ccc2c(c1)CCCN2C(=O)c1cccs1,1
71295942,CCOc1ccc(CCNC(=O)c2cc3ccncc3n2Cc2cccc(C)c2)cc1OCC,1
134809305,Fc1cccc(CN2CCNc3cc(Nc4ccccc4)ncc3C2)c1,0
72551585,CCCc1cc(C)[nH]c(=O)c1CNC(=O)c1cc(-c2ccc(N3CCN(C(C)C)CC3)nc2)cc2c1cnn2C(C)C,1
4774796,CCc1ccc(NC(=O)c2cc3ncccn3n2)cc1,1
4774787,NS(=O)(=O)c1ccc(NC(=O)c2cc3ncccn3n2)cc1,1
825303,COc1ccc2nc(C)cc(Nc3ccc(Cl)c(Cl)c3)c2c1,1
759785,CN(C)c1ccnc2sc(C(N)=O)c(N)c12,1
16018174,CCN(CC)CCCNC(=O)c1oc2c(c1C)-c1nn(Cc3ccc(Cl)cc3)cc1CC2,1
134807770,COc1ccc(-c2ccc3ncc(Nc4ccncc4)n3n2)cc1OC,1
16014174,O=C(NCc1ccccc1)c1nc(S(=O)(=O)Cc2ccc(F)cc2)ncc1Cl,1
16022130,Cc1ccc(NC(=O)c2c(N3CCCC3=O)c3cc(C)ccc3n2C)c(C)c1,1
5162647,O=C(Nc1ccc(-c2nc3cc(NC(=O)c4ccccc4Cl)ccc3o2)cc1)c1ccccc1Cl,1
16021615,CC1Cc2cc(S(=O)(=O)NCc3ccc(N(C)C)cc3)ccc2N1C(=O)C1CCC1,1
16025131,O=C(c1cnn(-c2cccc(F)c2)c1-n1cccc1)N1CCN(c2ccccc2F)CC1,1
71771085,COc1ccc(NC(=O)c2c(C)cccc2C)cc1[S+](=O)([O-])N1CCCCC1,1
71307837,Cc1cc(-c2nnc3n2CCCCC3)c(C)n1-c1ccncc1,1
91903472,O=C(Nc1ccccc1)C1CC(=O)N(c2n[nH]c3cc(Br)ccc23)C1,0
117637389,CCCOC(c1cc2nccc(C(=O)O)c2[nH]1)c1ccccc1Cl,1
16031229,Nc1ncc(S(=O)(=O)N2CCN(c3ccccc3)CC2)cn1,1
